combo,symbol,entry_time,exit_time,outcome,ret,pnl,notional,cash_before,open_count_at_entry,equity_before,equity_after,hold_minutes
d4_w30,QCOM,1782914100000,1783003200000,loss,-0.046,-23.0,500.0,1000.0,1,1500.0,1477.0,435
d4_w30,ORCL,1782914100000,1783011900000,loss,-0.046,-23.0,500.0,1500.0,0,1500.0,1454.0,580
d4_w30,AMD,1783004100000,1783344600000,timeout,0.03953258092434787,18.857041100913932,477.0,477.0,2,1477.0,495.85704110091393,305
d4_w30,ARM,1783011900000,1783344600000,win,0.044000000000000004,20.988000000000003,477.0,477.0,2,1454.0,993.8450411009139,175
d4_w30,TXN,1782914100000,1783344600000,timeout,-0.0026319536175154427,-1.3159768087577213,500.0,500.0,2,1500.0,1492.5290642921561,755
d4_w30,ARM,1783346400000,1783431000000,loss,-0.046,-22.885445652479728,497.5096880973854,1492.5290642921561,0,1492.5290642921561,474.62424244490563,360
d4_w30,INTC,1783346400000,1783431000000,loss,-0.046,-22.885445652479728,497.5096880973854,995.0193761947708,1,1492.5290642921561,949.2484848898113,360
d4_w30,MRVL,1783346400000,1783431000000,loss,-0.046,-22.885445652479728,497.5096880973854,497.5096880973854,2,1492.5290642921561,1423.872727334717,360
d4_w30,ORCL,1783431300000,1783434300000,loss,-0.046,-21.83271515246566,474.62424244490563,1423.872727334717,0,1423.872727334717,1402.0400121822513,50
d4_w30,DELL,1783431900000,1783435200000,loss,-0.046,-21.83271515246566,474.6242424449057,474.6242424449057,2,1423.8727273347172,1380.2072970297859,55
d4_w30,MRVL,1783435200000,1783518300000,win,0.044000000000000004,19.922827200867363,452.79152729244004,452.79152729244004,2,1380.2072970297859,1400.130124230653,335
d4_w30,AMD,1783434900000,1783603800000,win,0.044000000000000004,19.92282720086736,452.79152729244,452.79152729244,2,1402.0400121822513,945.4287089866148,715
d4_w30,QCOM,1783431300000,1783604100000,timeout,0.027441663990628314,13.02447898297961,474.6242424449057,949.2484848898114,1,1423.872727334717,1433.0774304145,780
d4_w30,QCOM,1783518900000,1783609800000,win,0.044000000000000004,20.799431597705528,472.7143544933074,472.7143544933074,2,1400.130124230653,1453.8768620122055,465
d4_w30,INTC,1783605600000,1783690200000,loss,-0.046,-22.08835074618743,480.1815379605963,960.3630759211926,1,1433.0774304145,458.0931872144089,360
d4_w30,MRVL,1783605600000,1783690200000,loss,-0.046,-22.08835074618743,480.1815379605963,480.1815379605963,2,1433.0774304145,916.1863744288178,360
d4_w30,MRVL,1783609800000,1783690200000,loss,-0.046,-22.701634160186593,493.5137860910129,493.5137860910129,2,1453.8768620122055,1386.998526359644,290
d4_w30,AMD,1783691100000,1783949400000,timeout,-0.038833947272953966,-17.95420921343842,462.3328421198813,924.6656842397626,1,1386.998526359644,444.3786329064429,375
d4_w30,ARM,1783692000000,1783949400000,loss,-0.046,-21.267310737514542,462.3328421198813,462.3328421198813,2,1386.998526359644,885.4441642888097,360
d4_w30,IBM,1783690200000,1783949400000,timeout,-0.019122434949400573,-8.840929698408917,462.3328421198814,1386.998526359644,0,1386.998526359644,1338.9360767102821,390
d4_w30,DELL,1783951200000,1784035800000,win,0.044000000000000004,19.637729125084142,446.3120255700941,892.6240511401882,1,1338.9360767102821,912.2617802652723,360
d4_w30,IBM,1783951200000,1784035800000,loss,-0.046,-20.530353176224327,446.3120255700941,446.3120255700941,2,1338.9360767102821,1338.043452659142,360
d4_w30,AVGO,1783951200000,1784124000000,timeout,0.007455119494981904,3.32730948267247,446.312025570094,1338.9360767102821,0,1338.9360767102821,1341.3707621418146,780
d4_w30,ARM,1784124000000,1784125800000,loss,-0.046,-20.68340941242726,449.6393350527665,449.6393350527665,2,1341.3707621418146,1320.6873527293874,30
d4_w30,AVGO,1784035800000,1784208600000,timeout,-0.023389336213290528,-10.428503080071556,445.865713544524,891.731427089048,1,1338.043452659142,435.43721046445245,780
d4_w30,IBM,1784126400000,1784208600000,loss,-0.046,-19.731972579455608,428.9559256403393,428.9559256403393,2,1320.6873527293874,844.6611635253361,320
d4_w30,ORCL,1784037300000,1784210100000,timeout,-0.030080836124068637,-13.412013462473757,445.865713544524,445.865713544524,2,1338.043452659142,1277.1148636073863,780
d4_w30,ARM,1784210400000,1784219100000,win,0.044000000000000004,18.731017999575002,425.7049545357954,851.4099090715908,1,1277.1148636073863,1295.8458816069613,145
d4_w30,AMD,1784210400000,1784295000000,loss,-0.046,-19.58242790864659,425.7049545357954,1277.1148636073863,0,1277.1148636073863,406.12252662714883,360
d4_w30,AMD,1784219100000,1784295000000,loss,-0.046,-20.444054736627038,444.4359725353704,444.4359725353704,2,1295.8458816069613,830.1144444258921,215
d4_w30,AVGO,1784210400000,1784295000000,loss,-0.046,-19.58242790864659,425.7049545357954,425.7049545357954,2,1277.1148636073863,1236.2369710530409,360
d4_w30,SNDK,1784296500000,1784297400000,win,0.044000000000000004,18.131475575444604,412.07899035101366,412.07899035101366,2,1236.236971053041,1254.3684466284856,15
d4_w30,MU,1784296500000,1784303700000,win,0.044000000000000004,18.1314755754446,412.0789903510136,1236.2369710530409,0,1236.2369710530409,1272.49992220393,120
d4_w30,HPE,1784304900000,1784554200000,timeout,-0.01447640521355797,-6.227901031864983,430.2104659264582,430.2104659264582,2,1272.49992220393,423.9825648945932,225
d4_w30,INTC,1784298300000,1784554200000,win,0.044000000000000004,18.929260500764165,430.21046592645826,430.21046592645826,2,1254.3684466284856,873.1222913218156,335
d4_w30,ORCL,1784296500000,1784554200000,timeout,-0.005278817715919754,-2.1752898746232563,412.07899035101366,824.1579807020273,1,1236.2369710530409,1283.025991798206,365
d4_w30,DELL,1784554800000,1784577300000,loss,-0.046,-19.673065207572492,427.675330599402,1283.025991798206,0,1283.025991798206,835.6775959912314,375
d4_w30,ARM,1784555700000,1784640600000,win,0.044000000000000004,18.817714546373686,427.67533059940195,427.67533059940195,2,1283.0259917982057,1282.1706411370071,365
d4_w30,HPE,1784555400000,1784727000000,win,0.044000000000000004,18.817714546373686,427.67533059940195,855.3506611988039,1,1283.025991798206,1300.9883556833809,760
d4_w30,IBM,1784641500000,1784813400000,loss,-0.046,-19.65339214236492,427.2476552688026,854.4953105376052,1,1282.1706411370071,407.5942631264377,765
d4_w30,IBM,1784727000000,1784813400000,loss,-0.046,-20.538680076705678,446.4930451457756,446.4930451457756,2,1300.9883556833809,833.5486281955076,390
d4_w30,QCOM,1784641800000,1784814600000,timeout,-0.0053920516115579745,-2.303741408126513,427.2476552688026,427.2476552688026,2,1282.1706411370071,1258.4925420561835,780
d4_w30,ORCL,1784815200000,1784900400000,loss,-0.046,-19.296885644861483,419.4975140187279,419.4975140187279,2,1258.4925420561835,1239.195656411322,370
d4_w30,ARM,1784815200000,1784903700000,loss,-0.046,-19.29688564486148,419.4975140187278,1258.4925420561835,0,1258.4925420561835,1219.8987707664605,425
d4_w30,IBM,1784815200000,1784905200000,win,0.044000000000000004,18.457890616824027,419.4975140187279,838.9950280374558,1,1258.4925420561835,1238.3566613832847,450
d4_w30,AVGO,1784905200000,1785159000000,timeout,0.003495473642471497,1.530861573481511,437.95540463555193,437.95540463555193,2,1238.3566613832847,439.48626620903343,300
d4_w30,DELL,1784900400000,1785159000000,timeout,0.008489596218307143,3.3975417412069184,400.2006283738664,400.2006283738664,2,1239.195656411322,843.0844363241068,380
d4_w30,TXN,1784903700000,1785159000000,timeout,0.006845304684114156,2.7394952359930556,400.2006283738663,400.2006283738663,2,1219.8987707664605,1246.0245599339662,325
d4_w30,SNDK,1785159300000,1785159900000,loss,-0.046,-19.10570991898748,415.3415199779887,415.3415199779887,2,1246.024559933966,1226.9188500149785,10
d4_w30,AMD,1785159300000,1785161400000,loss,-0.046,-19.10570991898748,415.3415199779887,830.6830399559774,1,1246.0245599339662,1207.813140095991,35
d4_w30,ARM,1785159000000,1785245400000,loss,-0.046,-19.105709918987483,415.34151997798875,1246.0245599339662,0,1246.0245599339662,1188.7074301770037,390
d4_w30,AVGO,1785160500000,1785333300000,timeout,-0.01774836548333924,-7.03253797451414,396.2358100590012,396.2358100590012,2,1226.9188500149785,1181.6748922024894,780
d4_w30,AVGO,1785162600000,1785335400000,timeout,-0.0074719339444349,-2.960647799180511,396.2358100590012,396.2358100590012,2,1207.813140095991,1178.714244403309,780
d4_w30,TXN,1785245400000,1785418200000,timeout,-0.010568736492843395,-4.187711865541931,396.23581005900127,396.23581005900127,2,1188.7074301770037,1174.526532537767,780
d4_w30,AVGO,1785333300000,1785504600000,win,0.044000000000000004,17.124943971717432,389.2032720844871,389.2032720844871,2,1181.6748922024894,798.3763142496639,755
d4_w30,AVGO,1785335400000,1785504600000,win,0.044000000000000004,17.304107139432112,393.2751622598207,393.2751622598207,2,1178.714244403309,1208.9555836489167,720
d4_w30,AMD,1785505800000,1785763800000,loss,-0.046,-18.788872165475517,408.45374272772864,408.45374272772864,2,1208.9555836489167,389.6648705622531,370
d4_w30,AVGO,1785418200000,1785763800000,timeout,-0.015912148729782964,-6.238327647682881,392.04809819345934,392.04809819345934,2,1174.526532537767,775.4746411080295,780
d4_w30,IBM,1785504600000,1785763800000,timeout,0.018802589178346103,7.679987922867354,408.45374272772864,816.9074854554573,1,1208.9555836489167,1191.6083717586255,390
d4_w30,DELL,1785765300000,1785769200000,win,0.044000000000000004,17.476922785793175,397.2027905862085,397.2027905862085,2,1191.6083717586255,1209.0852945444187,65
d4_w30,HPE,1785764100000,1785773700000,win,0.044000000000000004,17.476922785793175,397.2027905862085,1191.6083717586255,0,1191.6083717586255,1226.562217330212,160
d4_w30,AMD,1785765300000,1785850200000,win,0.044000000000000004,17.476922785793175,397.2027905862085,794.405581172417,1,1191.6083717586255,829.3594267440034,365
d4_w30,AMD,1785769200000,1785850200000,win,0.044000000000000004,18.245907388368074,414.6797133720017,414.6797133720017,2,1209.0852945444187,1262.285047504373,300
d4_w30,TXN,1785774300000,1785859200000,win,0.044000000000000004,18.245907388368074,414.6797133720017,414.6797133720017,2,1226.562217330212,1280.5309548927412,365
d4_w30,MU,1785852000000,1785937500000,win,0.044000000000000004,18.647317350912175,423.80266706618573,847.6053341323715,1,1262.285047504373,1299.1782722436533,375
d4_w30,MU,1785860400000,1786023000000,loss,-0.046,-19.91457855497701,432.9256207603698,432.9256207603698,2,1280.5309548927412,1279.2636936886765,610
d4_w30,QCOM,1785852000000,1786024800000,timeout,0.00035816473420702787,0.15179116960598993,423.80266706618573,423.80266706618573,2,1262.285047504373,1279.4154848582823,780
d4_w30,MRVL,1786023900000,1786110000000,win,0.044000000000000004,18.172485857037284,413.01104220539276,413.01104220539276,2,1279.2636936886765,1297.5879707153197,385
d4_w30,DELL,1786110000000,1786111800000,loss,-0.046,-19.83444229087178,431.18352806243,431.18352806243,2,1297.5879707153197,1277.753528424448,30
d4_w30,DELL,1786112100000,1786121400000,win,0.044000000000000004,18.099359773948564,411.34908577155824,411.34908577155824,2,1277.753528424448,1295.8528881983964,155
d4_w30,AMD,1785949200000,1786122000000,timeout,-0.019632704416061346,-8.686489762951831,442.4499844170979,442.4499844170979,2,1299.1782722436533,1287.1663984354445,780
d4_w30,AMD,1786024800000,1786368600000,timeout,-0.025764309503710885,-10.922893877465008,423.9544582357917,423.9544582357917,2,1279.4154848582823,413.0315643583267,750
d4_w30,AMD,1786122000000,1786368600000,timeout,-0.025245208454318317,-10.950449842417505,433.76349465414603,433.76349465414603,2,1287.1663984354445,835.8446091700553,180
d4_w30,HPE,1786121400000,1786368600000,win,0.044000000000000004,18.8957316040023,429.4484455455068,429.4484455455068,2,1295.8528881983964,1284.1887863195643,190
d4_w30,DELL,1786369800000,1786455000000,loss,-0.046,-19.690894723566654,428.0629287731881,856.1258575463762,1,1284.1887863195643,1264.4978915959978,370
d4_w30,MRVL,1786455000000,1786541400000,win,0.044000000000000004,17.968369498183346,408.37203404962145,408.37203404962145,2,1264.4978915959978,1282.466261094181,390
d4_w30,MU,1786369500000,1786542300000,win,0.044000000000000004,18.83476886602028,428.0629287731881,1284.1887863195643,0,1284.1887863195643,1301.3010299602013,780
d4_w30,AMD,1786370400000,1786543200000,timeout,0.012957761202082146,5.54673721050687,428.0629287731881,428.0629287731881,2,1284.1887863195643,1306.8477671707083,780
d4_w30,ARM,1786544700000,1786628700000,win,0.044000000000000004,19.07882530328258,433.609665983695,433.609665983695,2,1306.8477671707083,879.0288948347824,350
d4_w30,ARM,1786542600000,1786629300000,win,0.044000000000000004,19.66349869612517,446.8976976392084,446.8976976392084,2,1301.3010299602013,1345.590091170116,395
d4_w30,AVGO,1786541700000,1786714500000,timeout,-0.03109694067564183,-13.257882236755282,426.3404035478048,426.3404035478048,2,1282.466261094181,1332.3322089333606,780
d4_w30,DELL,1786715100000,1786973400000,timeout,-0.03680808080808084,-15.204774824822886,413.0825213110495,413.0825213110495,2,1332.3322089333606,397.8777464862266,375
d4_w30,TXN,1786629300000,1786973400000,timeout,0.010395776454664057,4.778157129270656,459.6248438111556,919.2496876223112,1,1345.590091170116,862.2807474266529,755
d4_w30,TXN,1786631400000,1786973400000,timeout,0.012209965597847155,5.612003530850082,459.6248438111556,459.6248438111556,2,1345.590091170116,1327.5175947686587,720
d4_w30,ARM,1786974000000,1787059800000,loss,-0.046,-20.355269786452766,442.5058649228862,885.0117298457724,1,1327.5175947686587,864.6564600593197,380
d4_w30,AVGO,1786973400000,1787061000000,loss,-0.046,-20.355269786452766,442.50586492288625,1327.5175947686587,0,1327.5175947686587,1286.807055195753,410
d4_w30,HPE,1786974900000,1787064900000,loss,-0.046,-20.355269786452766,442.5058649228862,442.5058649228862,2,1327.5175947686585,1266.4517854093003,450
d4_w30,DELL,1787061300000,1787065800000,loss,-0.046,-19.41892737627594,422.1505951364335,844.301190272867,1,1286.807055195753,1247.0328580330245,75
d4_w30,HPE,1787061300000,1787146500000,loss,-0.046,-19.41892737627594,422.1505951364335,422.1505951364335,2,1286.807055195753,1227.6139306567486,370
d4_w30,AVGO,1787065800000,1787146800000,loss,-0.046,-18.525656716967248,402.73166776015756,402.73166776015756,2,1247.0328580330245,1209.0882739397812,300
d4_w30,ARM,1787146500000,1787148000000,loss,-0.046,-18.525656716967248,402.73166776015756,402.73166776015756,2,1227.6139306567486,1190.562617222814,25
d4_w30,AMD,1787064900000,1787237700000,timeout,-0.026956115445400768,-11.379540177842339,422.1505951364334,422.1505951364334,2,1266.4517854093003,1179.1830770449717,780
d4_w30,QCOM,1787147100000,1787319900000,timeout,-0.008530167985111853,-3.277341815088153,384.2060110431903,384.2060110431903,2,1209.0882739397812,1175.9057352298835,780
d4_w30,AVGO,1787148300000,1787321100000,timeout,0.01082913409470621,4.160618413578883,384.2060110431903,384.2060110431903,2,1190.562617222814,1180.0663536434624,780
d4_w30,AMD,1787321400000,1787578200000,timeout,-0.01852871454773574,-7.1959344170707356,388.3666294567692,388.3666294567692,2,1180.0663536434624,381.17069503969844,350
d4_w30,ARM,1787237700000,1787578200000,loss,-0.046,-18.89546852809519,410.7710549585911,410.7710549585911,2,1179.1830770449717,773.0462814701943,695
d4_w30,SNDK,1787319900000,1787578200000,loss,-0.046,-17.5227187844927,380.92866922810214,380.92866922810214,2,1175.9057352298835,1136.4522319138036,375
d4_w30,INTC,1787580000000,1787664600000,win,0.044000000000000004,16.667966068069124,378.8174106379346,378.8174106379346,2,1136.4522319138036,1153.120197981873,360
d4_w30,DELL,1787578200000,1787751000000,timeout,0.03804057626725022,14.410432600734595,378.81741063793453,1136.4522319138036,0,1136.4522319138036,788.7132199446728,780
d4_w30,AVGO,1787579400000,1787752200000,timeout,-0.029595506184432734,-11.211293019305787,378.8174106379346,757.6348212758692,1,1136.4522319138036,1156.3193375633016,780
d4_w30,ARM,1787752500000,1787837400000,win,0.044000000000000004,16.738347138860558,380.41698042864897,760.8339608572979,1,1156.3193375633016,777.5723079961585,365
d4_w30,AVGO,1787665500000,1787838300000,timeout,0.002260713320111579,0.8940790590286081,395.4853767060037,395.4853767060037,2,1153.120197981873,1173.9517637611907,780
d4_w30,AVGO,1787752500000,1787923800000,win,0.044000000000000004,16.738347138860558,380.41698042864897,380.41698042864897,2,1156.3193375633016,1190.6901109000514,755
d4_w30,INTC,1787838900000,1787925300000,win,0.044000000000000004,17.45776523331592,396.7673916662709,793.5347833325418,1,1173.9517637611907,1208.1478761333672,390
d4_w30,AMD,1787925600000,1788183000000,timeout,-0.013640024510150223,-5.650041292831186,414.2251568995868,414.2251568995868,2,1208.1478761333672,408.5751156067556,360
d4_w30,MU,1787838900000,1788183000000,timeout,0.009426756316714751,3.740229515656455,396.7673916662709,396.7673916662709,2,1173.9517637611907,809.082736788683,755
d4_w30,SNDK,1787924100000,1788183000000,timeout,0.015604846376082953,6.197547874133889,397.1553275675095,397.1553275675095,2,1190.6901109000514,1212.4356122303263,385
d4_w30,INTC,1788183900000,1788269400000,loss,-0.046,-18.590679387531672,404.1452040767755,404.1452040767755,2,1212.4356122303266,789.6997287660192,375
d4_w30,ARM,1788183600000,1788269700000,loss,-0.046,-18.59067938753167,404.1452040767754,1212.4356122303263,0,1212.4356122303263,1175.254253455263,385
d4_w30,AMD,1788183900000,1788356700000,timeout,-0.031591841421401805,-12.767691198413562,404.1452040767755,808.290408153551,1,1212.4356122303263,1162.4865622568495,780
d4_w30,AMD,1788271200000,1788444000000,timeout,-0.0313324188470132,-12.08035585592448,385.5545246892438,771.1090493784876,1,1175.254253455263,764.8516817116813,780
d4_w30,ARM,1788271200000,1788444000000,timeout,-0.016865834306471476,-6.502698729519152,385.5545246892438,385.5545246892438,2,1175.254253455263,1143.9035076714058,780
d4_w30,ARM,1788444000000,1788456000000,win,0.044000000000000004,16.55557188544697,376.262997396522,376.262997396522,2,1143.9035076714058,1160.4590795568529,200
d4_w30,AMD,1788444000000,1788528600000,win,0.044000000000000004,16.55557188544697,376.262997396522,752.525994793044,1,1143.9035076714058,785.6371385639379,360
d4_w30,AMD,1788357300000,1788530100000,timeout,0.03204141781923787,12.540290415189745,391.3775128783619,391.3775128783619,2,1162.4865622568495,1189.5549418574897,780
d4_w30,AVGO,1788456600000,1788874200000,timeout,0.03323659148797176,13.055950316114336,392.81856928196896,392.81856928196896,2,1160.4590795568529,405.8745195980833,540
d4_w30,AVGO,1788530700000,1788874200000,timeout,0.030612853683708703,12.195186999071618,398.3681862877603,796.7363725755206,1,1189.5549418574897,816.4378928849153,355
d4_w30,AVGO,1788532800000,1788874200000,timeout,0.030722145209234115,12.238725265871798,398.3681862877603,398.3681862877603,2,1189.5549418574897,1227.0448044385475,320
d4_w30,ORCL,1788897000000,1789048200000,loss,-0.046,-18.814687001391064,409.0149348128492,409.0149348128492,2,1227.0448044385475,1208.2301174371567,420
d4_w30,QCOM,1788895200000,1789058700000,win,0.044000000000000004,17.996657131765367,409.0149348128492,818.0298696256984,1,1227.0448044385475,1226.2267745689219,625
d4_w30,ORCL,1788894900000,1789065000000,loss,-0.046,-18.81468700139106,409.01493481284916,1227.0448044385475,0,1227.0448044385475,1207.4120875675308,735
d4_w30,ARM,1789048800000,1789147800000,win,0.044000000000000004,17.16881090370416,390.20024781145815,390.20024781145815,2,1208.2301174371567,1224.580898471235,600
d4_w30,ARM,1789059300000,1789392600000,loss,-0.046,-19.64253322945227,427.01159194461457,427.01159194461457,2,1226.2267745689219,407.3690587151623,575
d4_w30,ARM,1789065600000,1789392600000,loss,-0.046,-17.949211399327073,390.2002478114581,390.2002478114581,2,1207.4120875675308,779.6200951272933,470
d4_w30,INTC,1789147800000,1789392600000,loss,-0.046,-18.738976700897467,407.36905871516234,407.36905871516234,2,1224.580898471235,1168.2501771415582,150
d4_w30,AMD,1789394400000,1789480200000,win,0.044000000000000004,17.13433593140952,389.4167257138527,1168.2501771415582,0,1168.2501771415582,1185.3845130729678,380
d4_w30,ARM,1789394400000,1789567200000,timeout,0.007521194334212172,2.928878871086485,389.41672571385277,778.8334514277055,1,1168.2501771415582,798.8966662302015,780
d4_w30,AVGO,1789394400000,1789567200000,timeout,-0.02125426172629718,-8.276765008919908,389.41672571385277,389.41672571385277,2,1168.2501771415582,1180.0366269351343,780
d4_w30,ARM,1789567200000,1789651800000,win,0.044000000000000004,17.016682436377188,386.742782644936,773.485565289872,1,1180.0366269351343,810.3105267265755,360
d4_w30,MRVL,1789567500000,1789651800000,win,0.044000000000000004,17.016682436377188,386.742782644936,386.742782644936,2,1180.0366269351343,1214.0699918078888,355
d4_w30,AVGO,1789480500000,1789653300000,timeout,0.005035360652332793,2.047131218972677,406.5510616452622,406.5510616452622,2,1185.3845130729678,1216.1171230268615,780
d4_w30,IBM,1789653000000,1789739700000,loss,-0.046,-18.57293539374041,403.75946508131324,807.5189301626265,1,1214.0699918078888,1197.544187633121,395
d4_w30,AVGO,1789653600000,1789761300000,timeout,0.02059113144302583,8.413499096650279,408.5981928642349,408.5981928642349,2,1216.1171230268615,417.0116919608852,745
d4_w30,IBM,1789740300000,1789761300000,timeout,-0.009904528835073196,-3.8150910901723427,385.18652968757283,385.18652968757283,2,1197.544187633121,798.3831305582856,350
d4_w30,TXN,1789653000000,1789761300000,timeout,0.011216780996792469,4.528881495199167,403.75946508131324,403.75946508131324,2,1214.0699918078888,1206.671477134798,755
d4_w60,QCOM,1782915900000,1783002600000,loss,-0.046,-23.0,500.0,1000.0,1,1500.0,1477.0,395
d4_w60,ARM,1783002600000,1783007400000,loss,-0.046,-21.942,477.0,477.0,2,1477.0,955.058,80
d4_w60,ORCL,1782915900000,1783008000000,loss,-0.046,-23.0,500.0,1500.0,0,1500.0,1432.058,485
d4_w60,AMD,1783010400000,1783344600000,win,0.044000000000000004,20.505276000000002,466.029,466.029,2,1432.058,486.534276,200
d4_w60,AVGO,1783008900000,1783344600000,win,0.044000000000000004,20.505276000000002,466.029,932.058,1,1432.058,973.068552,225
d4_w60,TXN,1782915900000,1783344600000,timeout,0.002716370072865187,1.3581850364325936,500.0,500.0,2,1500.0,1474.4267370364325,725
d4_w60,ARM,1783348200000,1783431000000,loss,-0.046,-22.607876634558632,491.4755790121442,982.9511580242884,1,1474.4267370364325,960.3432813897298,330
d4_w60,MU,1783348200000,1783431000000,loss,-0.046,-22.607876634558632,491.4755790121442,491.4755790121442,2,1474.4267370364325,1429.2109837673154,330
d4_w60,DELL,1783433700000,1783517400000,win,0.044000000000000004,20.630178904613768,468.8677023775856,468.8677023775856,2,1429.2109837673154,1449.8411626719292,345
d4_w60,ORCL,1783345200000,1783518000000,timeout,-0.014692290219844523,-7.22090184281255,491.4755790121442,1474.4267370364325,0,1474.4267370364325,1442.6202608291167,780
d4_w60,INTC,1783519200000,1783524000000,loss,-0.046,-22.275715149789253,484.2546771693316,484.2546771693316,2,1442.6202608291167,1420.3445456793274,80
d4_w60,AMD,1783517700000,1783603800000,win,0.044000000000000004,21.537906776416776,489.4978812821994,489.4978812821994,2,1449.8411626719292,511.03578805861616,385
d4_w60,HPE,1783433400000,1783603800000,win,0.044000000000000004,20.630178904613768,468.8677023775856,937.7354047551712,1,1429.2109837673154,1000.5336693408155,740
d4_w60,MU,1783525200000,1783603800000,win,0.044000000000000004,20.327074328859865,461.97896201954234,461.97896201954234,2,1420.3445456793274,1482.8397056892177,260
d4_w60,SNDK,1783607400000,1783618500000,win,0.044000000000000004,21.748315683441863,494.27990189640593,988.5598037928119,1,1482.8397056892177,1504.5880213726596,185
d4_w60,MU,1783607400000,1783690200000,loss,-0.046,-22.73687548723467,494.2799018964059,1482.8397056892177,0,1482.8397056892177,1481.851145885425,330
d4_w60,AMD,1783608000000,1783949400000,timeout,-0.04355317033231209,-21.527456759132676,494.27990189640593,494.27990189640593,2,1482.8397056892177,472.75244513727324,710
d4_w60,IBM,1783619700000,1783949400000,timeout,-0.010068179353122314,-5.1954646458659335,516.0282175798478,516.0282175798478,2,1504.5880213726596,983.585198071255,515
d4_w60,IBM,1783690500000,1783949400000,timeout,-0.018889318713617646,-8.907126513026657,471.5430264091712,471.5430264091712,2,1481.851145885425,1446.2210979673996,385
d4_w60,DELL,1783952400000,1784035800000,win,0.044000000000000004,21.211242770188527,482.0736993224665,964.147398644933,1,1446.2210979673996,985.3586414151215,340
d4_w60,IBM,1783949700000,1784035800000,loss,-0.046,-22.17539016883346,482.07369932246655,1446.2210979673996,0,1446.2210979673996,1445.2569505687547,385
d4_w60,HPE,1783952700000,1784122200000,win,0.044000000000000004,21.211242770188527,482.0736993224665,482.0736993224665,2,1446.2210979673996,1466.4681933389431,725
d4_w60,MRVL,1784038200000,1784124900000,loss,-0.046,-22.153214778664626,481.59162562314407,481.59162562314407,2,1445.2569505687547,941.0300364676235,395
d4_w60,ARM,1784122200000,1784125800000,loss,-0.046,-23.15110733626213,503.284942092655,503.284942092655,2,1466.4681933389431,1421.1638712240165,60
d4_w60,AVGO,1784036400000,1784209200000,timeout,-0.02197255896737637,-10.581800392199177,481.59162562314407,963.1832512462881,1,1445.2569505687547,471.0098252309449,780
d4_w60,ORCL,1784125800000,1784209200000,loss,-0.046,-21.610161648820064,469.78612280043615,939.5722456008723,1,1421.1638712240165,919.185786382561,340
d4_w60,QCOM,1784126400000,1784209500000,loss,-0.046,-21.610161648820064,469.78612280043615,469.78612280043615,2,1421.1638712240165,1367.3617475341769,335
d4_w60,AMD,1784212200000,1784295000000,loss,-0.046,-20.96621346219071,455.7872491780589,911.5744983561178,1,1367.3617475341769,434.8210357158682,330
d4_w60,AVGO,1784212200000,1784295000000,loss,-0.046,-20.96621346219071,455.7872491780589,455.7872491780589,2,1367.3617475341766,869.6420714317364,330
d4_w60,DELL,1784210400000,1784295000000,loss,-0.046,-20.966213462190712,455.78724917805897,1367.3617475341769,0,1367.3617475341769,1304.4631071476047,360
d4_w60,ARM,1784296500000,1784304300000,win,0.044000000000000004,19.132125571498204,434.8210357158682,869.6420714317364,1,1304.4631071476047,1323.5952327191028,130
d4_w60,HPE,1784296500000,1784554200000,timeout,0.008905409512199874,3.872259387568694,434.8210357158682,434.8210357158682,2,1304.4631071476047,438.6932951034369,365
d4_w60,HPE,1784304300000,1784554200000,timeout,-0.012100274176162546,-5.492957714712871,453.9531612873664,453.9531612873664,2,1323.5952327191028,887.1534986760905,235
d4_w60,ORCL,1784295000000,1784554200000,timeout,-0.0005654731096786884,-0.24587960321996002,434.8210357158682,1304.4631071476047,0,1304.4631071476047,1321.7286547887388,390
d4_w60,SNDK,1784554200000,1784574900000,loss,-0.046,-20.266506040093997,440.57621826291296,1321.7286547887388,0,1321.7286547887388,1301.4621487486447,345
d4_w60,ARM,1784555100000,1784640600000,win,0.044000000000000004,19.38535360356817,440.5762182629129,881.1524365258258,1,1321.7286547887388,900.5377901293939,375
d4_w60,DELL,1784574900000,1784640600000,win,0.044000000000000004,18.493627337804035,420.309712222819,420.309712222819,2,1301.4621487486447,1339.341129690017,45
d4_w60,AVGO,1784555700000,1784728500000,timeout,0.017213588822741606,7.583897866256244,440.5762182629129,440.5762182629129,2,1321.7286547887388,1346.925027556273,780
d4_w60,IBM,1784643600000,1784813400000,loss,-0.046,-20.671592962823393,449.382455713552,449.382455713552,2,1339.341129690017,428.7108627507286,730
d4_w60,IBM,1784730000000,1784813400000,loss,-0.046,-20.61536534194178,448.1601161291691,448.1601161291691,2,1346.925027556273,856.2556135379559,340
d4_w60,AVGO,1784642100000,1784814900000,timeout,0.02793356515108348,12.552854104428391,449.382455713552,898.764911427104,1,1339.341129690017,1318.1909233559363,780
d4_w60,ORCL,1784817000000,1784900400000,loss,-0.046,-20.21226082479102,439.39697445197874,439.39697445197874,2,1318.1909233559363,1297.9786625311451,340
d4_w60,ARM,1784817000000,1784903700000,loss,-0.046,-20.21226082479102,439.39697445197874,878.7939489039575,1,1318.1909233559363,1277.7664017063541,395
d4_w60,IBM,1784816400000,1784910300000,win,0.044000000000000004,19.33346687588707,439.3969744519788,1318.1909233559363,0,1318.1909233559363,1297.0998685822412,515
d4_w60,AMD,1784910600000,1785159000000,timeout,-0.03441174720557604,-15.785715982476852,458.73044132786583,458.73044132786583,2,1297.0998685822412,442.944725345389,210
d4_w60,HPE,1784900400000,1785159000000,timeout,0.001490569816220649,0.6248240815537826,419.1847136271877,419.1847136271877,2,1297.9786625311451,862.7542630541305,380
d4_w60,ORCL,1784904300000,1785159000000,timeout,0.002054546937180884,0.8612346694957845,419.1847136271877,419.1847136271877,2,1277.7664017063541,1282.8002113508142,315
d4_w60,AMD,1785159000000,1785160800000,loss,-0.046,-19.669603240712483,427.6000704502714,1282.8002113508142,0,1282.8002113508142,1263.1306081101015,30
d4_w60,DELL,1785159600000,1785162000000,loss,-0.046,-19.669603240712483,427.60007045027135,855.2001409005427,1,1282.8002113508142,1243.4610048693892,40
d4_w60,HPE,1785160800000,1785245400000,loss,-0.046,-18.76480149163971,407.9304672095589,407.9304672095589,2,1263.1306081101015,816.7657361681905,360
d4_w60,ORCL,1785162900000,1785245400000,loss,-0.046,-18.76480149163971,407.93046720955886,407.93046720955886,2,1243.4610048693892,1205.9314018861096,325
d4_w60,TXN,1785159600000,1785332400000,timeout,-0.016238368382546657,-6.94352746437441,427.60007045027135,427.60007045027135,2,1282.8002113508142,1198.9878744217353,780
d4_w60,INTC,1785332400000,1785335100000,loss,-0.046,-19.350200977351257,420.6565429858969,420.6565429858969,2,1198.9878744217353,1179.637673444384,45
d4_w60,TXN,1785246300000,1785419100000,timeout,0.00592203199450681,2.3046515235450595,389.1656657179192,778.3313314358384,1,1205.9314018861096,792.7766592500099,780
d4_w60,AVGO,1785249000000,1785421800000,timeout,0.028394468677606095,11.050152305627181,389.1656657179192,389.1656657179192,2,1205.9314018861096,1192.9924772735562,780
d4_w60,ARM,1785422400000,1785504600000,win,0.044000000000000004,17.417094975830235,395.8430676325053,395.8430676325053,2,1192.9924772735562,809.103230240841,320
d4_w60,AVGO,1785335100000,1785504600000,win,0.044000000000000004,17.65747904837601,401.30634200854564,401.30634200854564,2,1179.637673444384,1228.0670512977626,725
d4_w60,AMD,1785505500000,1785763800000,loss,-0.046,-19.141151624300917,416.11199183262863,832.2239836652573,1,1228.0670512977626,396.97084020832773,375
d4_w60,DELL,1785505500000,1785763800000,loss,-0.046,-19.141151624300917,416.11199183262863,416.11199183262863,2,1228.0670512977626,793.9416804166555,375
d4_w60,QCOM,1785421800000,1785763800000,timeout,-0.04233839969967212,-16.75936201576935,395.8430676325053,791.6861352650106,1,1192.9924772735562,1173.0253860333914,720
d4_w60,SNDK,1785766800000,1785778800000,win,0.044000000000000004,17.204372328489743,391.0084620111305,391.0084620111305,2,1173.0253860333914,1190.2297583618813,200
d4_w60,DELL,1785766800000,1785779700000,win,0.044000000000000004,17.204372328489743,391.00846201113046,1173.0253860333914,0,1173.0253860333914,1207.434130690371,215
d4_w60,AMD,1785778800000,1785850200000,win,0.044000000000000004,17.961364710943293,408.21283433962026,408.21283433962026,2,1190.2297583618813,426.1741990505636,140
d4_w60,QCOM,1785766800000,1785850200000,win,0.044000000000000004,17.204372328489743,391.0084620111305,782.016924022261,1,1173.0253860333914,834.3870333901838,340
d4_w60,SNDK,1785781200000,1785850200000,win,0.044000000000000004,17.96136471094329,408.2128343396202,408.2128343396202,2,1207.434130690371,1260.5612324407473,100
d4_w60,MU,1785853800000,1785937800000,win,0.044000000000000004,18.488231409130965,420.1870774802491,1260.5612324407473,0,1260.5612324407473,1279.049463849878,350
d4_w60,MU,1785858600000,1786023000000,loss,-0.046,-19.328605564091458,420.18707748024906,420.18707748024906,2,1260.561232440747,821.0455493964066,640
d4_w60,MU,1785940500000,1786023000000,loss,-0.046,-20.179064208911484,438.67530888938006,438.67530888938006,2,1279.049463849878,1239.5417940768752,325
d4_w60,QCOM,1785854400000,1786027200000,timeout,-0.0037770392857785443,-1.5870630990193737,420.18707748024906,840.3741549604981,1,1260.5612324407473,1237.954730977856,780
d4_w60,SNDK,1786027200000,1786110900000,loss,-0.046,-19.255600661536565,418.6000143812297,418.6000143812297,2,1237.954730977856,809.0217720180062,345
d4_w60,MU,1786026300000,1786111200000,loss,-0.046,-18.8451584817224,409.67735829831304,409.67735829831304,2,1239.5417940768752,1199.853971834597,365
d4_w60,AMD,1786025700000,1786368600000,timeout,-0.039299775623613746,-16.100228259198516,409.67735829831304,819.3547165966261,1,1239.5417940768752,393.57713003911454,735
d4_w60,AMD,1786112700000,1786368600000,timeout,-0.029439598043967667,-11.631240943125889,395.08830676814193,790.1766135362839,1,1199.853971834597,777.0341958641305,335
d4_w60,HPE,1786112700000,1786368600000,win,0.044000000000000004,17.383885497798246,395.08830676814193,395.08830676814193,2,1199.853971834597,1189.5063881300707,335
d4_w60,MU,1786370100000,1786458000000,loss,-0.046,-18.23909795132775,396.5021293766902,1189.5063881300707,0,1189.5063881300707,1171.267290178743,415
d4_w60,MRVL,1786458000000,1786541400000,win,0.044000000000000004,16.64357338271595,378.26303142536244,378.26303142536244,2,1171.267290178743,394.9066048080784,340
d4_w60,AMD,1786371900000,1786544700000,timeout,0.02441090034512384,9.678973966843786,396.5021293766903,793.0042587533806,1,1189.5063881300707,801.0877081516126,780
d4_w60,ARM,1786372200000,1786545000000,timeout,-0.01663203201010887,-6.594636107869441,396.5021293766903,396.5021293766903,2,1189.5063881300707,1190.9952014204332,780
d4_w60,ARM,1786545300000,1786628700000,win,0.044000000000000004,17.467929620833022,396.9984004734777,1190.9952014204332,0,1190.9952014204332,1208.4631310412663,340
d4_w60,AVGO,1786630500000,1786715100000,loss,-0.046,-19.065451184338293,414.46633009431076,414.46633009431076,2,1208.4631310412663,1189.3976798569279,360
d4_w60,IBM,1786546500000,1786719300000,timeout,3.560692138160869e-05,0.014135890834283524,396.9984004734778,793.9968009469555,1,1190.9952014204332,1189.4118157477624,780
d4_w60,MRVL,1786548600000,1786721400000,timeout,-0.024348035955200957,-9.666131328885506,396.9984004734778,396.9984004734778,2,1190.9952014204332,1179.7456844188769,780
d4_w60,HPE,1786717200000,1786973400000,timeout,-0.036732854733342195,-14.524203046435845,395.40087890997245,395.40087890997245,2,1189.3976798569279,380.8766758635366,340
d4_w60,HPE,1786721100000,1786973400000,timeout,-0.03533959321721202,-14.030261537248382,397.01253636431204,397.01253636431204,2,1189.4118157477624,763.8589506906003,275
d4_w60,TXN,1786721400000,1786973400000,timeout,0.01462055697708276,5.6630135100912655,387.33226914459226,387.33226914459226,2,1179.7456844188769,1156.8542333452838,270
d4_w60,ARM,1786974600000,1787059800000,loss,-0.046,-17.738431577961016,385.61807778176126,771.2361555635225,1,1156.8542333452838,367.87964620380023,370
d4_w60,INTC,1786976100000,1787059800000,loss,-0.046,-17.738431577961016,385.61807778176126,385.61807778176126,2,1156.8542333452838,735.7592924076005,345
d4_w60,AVGO,1786974000000,1787062200000,loss,-0.046,-17.738431577961016,385.61807778176126,1156.8542333452838,0,1156.8542333452838,1103.6389386114008,420
d4_w60,ARM,1787063400000,1787146200000,win,0.044000000000000004,16.186704432967215,367.8796462038003,1103.6389386114008,0,1103.6389386114008,1119.825643044368,330
d4_w60,AVGO,1787063400000,1787146800000,loss,-0.046,-16.92246372537481,367.87964620380023,735.7592924076005,1,1103.6389386114008,718.8368286822256,340
d4_w60,ARM,1787146500000,1787148000000,loss,-0.046,-17.667052129291303,384.0663506367675,384.0663506367675,2,1119.825643044368,1085.2361271897018,25
d4_w60,IBM,1787063400000,1787236200000,timeout,0.009692300700753003,3.56560015269386,367.87964620380023,367.87964620380023,2,1103.6389386114006,1088.8017273423957,780
d4_w60,MU,1787148300000,1787255700000,win,0.044000000000000004,15.781842581689837,358.6782404929508,717.3564809859016,1,1085.2361271897018,1104.5835699240854,740
d4_w60,TXN,1787149800000,1787322600000,timeout,-0.03565428167354467,-12.788415016707063,358.6782404929508,358.6782404929508,2,1085.2361271897018,1091.7951549073784,780
d4_w60,INTC,1787236200000,1787578200000,loss,-0.046,-17.086481332398726,371.44524635649407,371.44524635649407,2,1088.8017273423957,354.35876502409536,720
d4_w60,INTC,1787255700000,1787578200000,loss,-0.046,-17.22516382143347,374.46008307464064,374.46008307464064,2,1104.5835699240854,711.5936842773025,395
d4_w60,INTC,1787322600000,1787578200000,loss,-0.046,-15.910931971907212,345.88982547624374,345.88982547624374,2,1091.7951549073784,1041.572577781639,330
d4_w60,DELL,1787580900000,1787665200000,win,0.044000000000000004,15.276397807464038,347.1908592605463,694.3817185210926,1,1041.572577781639,1056.8489755891028,355
d4_w60,AMD,1787581800000,1787683500000,win,0.044000000000000004,15.276397807464038,347.1908592605463,347.1908592605463,2,1041.5725777816388,1072.1253733965668,645
d4_w60,SNDK,1787665200000,1787751000000,loss,-0.046,-16.673493825128475,362.4672570680103,362.4672570680103,2,1056.8489755891028,1055.4518795714384,380
d4_w60,AVGO,1787579400000,1787752200000,timeout,-0.029595506184432734,-10.275289222424014,347.19085926054635,1041.572577781639,0,1041.572577781639,1045.1765903490145,780
d4_w60,ARM,1787683800000,1787837400000,win,0.044000000000000004,15.948559310992456,362.4672570680103,362.4672570680103,2,1072.1253733965668,715.331386417125,460
d4_w60,INTC,1787751000000,1787837400000,win,0.044000000000000004,15.214925582686801,345.7937632428818,345.7937632428818,2,1055.4518795714384,1076.3400752426937,390
d4_w60,MU,1787837400000,1787845200000,loss,-0.046,-17.00676361970514,369.7122526022857,739.4245052045713,1,1076.3400752426937,1059.3333116229885,130
d4_w60,AVGO,1787752200000,1787923800000,win,0.044000000000000004,14.824285081677385,336.9155700381223,336.9155700381223,2,1045.1765903490145,1074.157596704666,760
d4_w60,AMD,1787924100000,1788183000000,timeout,-0.012092256485522696,-4.253328544289212,351.7398551197997,351.7398551197997,2,1074.157596704666,347.4865265755105,385
d4_w60,MU,1787845800000,1788183000000,timeout,0.022598662850307656,7.970672430970239,352.7054889825805,352.7054889825805,2,1059.3333116229885,708.1626879890613,640
d4_w60,SNDK,1787839500000,1788183000000,timeout,0.02055380548620512,7.598993725854112,369.7122526022857,369.7122526022857,2,1076.3400752426937,1085.4739343172012,745
d4_w60,INTC,1788183600000,1788269400000,loss,-0.046,-16.643933659530415,361.82464477240035,361.82464477240035,2,1085.473934317201,1068.8300006576706,380
d4_w60,ARM,1788183300000,1788270000000,loss,-0.046,-16.643933659530415,361.82464477240035,723.6492895448007,1,1085.4739343172012,690.3614222257398,395
d4_w60,AMD,1788183000000,1788272700000,loss,-0.046,-16.64393365953042,361.8246447724004,1085.4739343172012,0,1085.4739343172012,1035.5421333386098,445
d4_w60,HPE,1788269400000,1788358200000,loss,-0.046,-15.878312711192017,345.1807111128699,345.1807111128699,2,1068.8300006576706,1019.6638206274179,430
d4_w60,AMD,1788273000000,1788445800000,timeout,-0.014379287738364494,-4.9634527668252275,345.18071111287,690.36142222574,1,1035.5421333386098,669.5196567477226,780
d4_w60,ARM,1788273000000,1788445800000,timeout,-0.013539083187918738,-4.673430362622093,345.18071111287,345.18071111287,2,1035.5421333386098,1010.0269374979706,780
d4_w60,ARM,1788445800000,1788457500000,win,0.044000000000000004,14.97593986011844,340.36226954814634,680.7245390962927,1,1010.0269374979706,1025.0028773580889,195
d4_w60,HPE,1788458400000,1788464100000,win,0.044000000000000004,15.634881213963652,355.3382094082648,355.3382094082648,2,1025.0028773580889,370.9730906222284,95
d4_w60,AVGO,1788445800000,1788528600000,win,0.044000000000000004,14.97593986011844,340.36226954814634,340.36226954814634,2,1010.0269374979705,726.3113000304932,330
d4_w60,MRVL,1788358800000,1788529500000,win,0.044000000000000004,14.48930552967383,329.3023984016779,329.3023984016779,2,1019.6638206274179,1070.103003961845,745
d4_w60,AVGO,1788531000000,1788874200000,timeout,0.030139197227649912,10.750681830102227,356.701001320615,1070.103003961845,0,1070.103003961845,367.4516831507172,350
d4_w60,AVGO,1788534900000,1788874200000,timeout,0.02859741351996093,10.200726037749757,356.701001320615,713.40200264123,1,1070.103003961845,734.3534105090819,285
d4_w60,AVGO,1788538800000,1788874200000,timeout,0.03190473104314329,11.380449509954122,356.701001320615,356.701001320615,2,1070.103003961845,1102.434861339651,220
d4_w60,QCOM,1788897000000,1789058400000,win,0.044000000000000004,16.16904463298155,367.478287113217,734.956574226434,1,1102.434861339651,1118.6039059726324,590
d4_w60,ORCL,1788896700000,1789064100000,loss,-0.046,-16.90400120720798,367.478287113217,1102.434861339651,0,1102.434861339651,1101.6999047654244,690
d4_w60,ORCL,1788963600000,1789068600000,loss,-0.046,-16.90400120720798,367.478287113217,367.478287113217,2,1102.434861339651,1084.7959035582167,700
d4_w60,HPE,1789069200000,1789133400000,win,0.044000000000000004,15.4252685798644,350.57428590600904,350.57428590600904,2,1084.7959035582167,1100.2211721380809,20
d4_w60,DELL,1789058400000,1789133700000,win,0.044000000000000004,16.880482596832735,383.6473317461985,383.6473317461985,2,1118.6039059726324,766.5273688289046,205
d4_w60,DELL,1789066200000,1789133700000,win,0.044000000000000004,15.4252685798644,350.57428590600904,350.57428590600904,2,1101.6999047654244,1132.5269233147783,75
d4_w60,ORCL,1789133700000,1789136400000,loss,-0.046,-17.63012948306481,383.26368441445237,766.5273688289047,1,1132.5269233147783,1114.8967938317135,45
d4_w60,AMD,1789135200000,1789392600000,loss,-0.046,-17.63012948306481,383.26368441445237,383.26368441445237,2,1132.5269233147783,365.63355493138755,360
d4_w60,ARM,1789133400000,1789392600000,loss,-0.046,-16.835979506350178,365.99955448587343,365.99955448587343,2,1100.2211721380809,714.7971299109108,390
d4_w60,MU,1789137000000,1789392600000,loss,-0.046,-16.819143526843828,365.63355493138755,365.63355493138755,2,1114.8967938317135,1063.6115413154546,330
d4_w60,AMD,1789396200000,1789480500000,win,0.044000000000000004,15.599635939293336,354.5371804384849,1063.6115413154546,0,1063.6115413154546,1079.2111772547478,355
d4_w60,ARM,1789396200000,1789569000000,timeout,-0.0029586375448622474,-1.0489470130949023,354.5371804384848,709.0743608769696,1,1063.6115413154546,723.6250498031682,780
d4_w60,AVGO,1789396200000,1789569000000,timeout,-0.017981879593147225,-6.375244889938746,354.5371804384848,354.5371804384848,2,1063.6115413154544,1071.7869853517143,780
d4_w60,ARM,1789482600000,1789651800000,win,0.044000000000000004,16.286019920622245,370.13681637777825,370.13681637777825,2,1079.2111772547478,737.2479207853685,720
d4_w60,ARM,1789569000000,1789651800000,win,0.044000000000000004,15.436303717426595,350.825084486968,701.650168973936,1,1071.7869853517143,1103.509308989763,330
d4_w60,AVGO,1789569000000,1789738200000,win,0.044000000000000004,15.436303717426595,350.825084486968,350.825084486968,2,1071.7869853517143,1118.9456127071896,720
d4_w60,AVGO,1789655400000,1789761300000,timeout,0.016263528667641143,6.120650731441224,376.3421122513975,376.3421122513975,2,1103.509308989763,382.46276298283874,715
d4_w60,IBM,1789742100000,1789761300000,timeout,-0.008259642902421755,-3.025188275513567,366.2613882043946,366.2613882043946,2,1118.9456127071896,745.6989629117198,320
d4_w60,TXN,1789654800000,1789761300000,timeout,0.012206877014586453,4.5939618796624995,376.3421122513975,752.684224502795,1,1103.509308989763,1126.6350370427797,725
d4_w120,QCOM,1782919500000,1783002600000,loss,-0.046,-23.0,500.0,1000.0,1,1500.0,1477.0,335
d4_w120,ORCL,1782919500000,1783007700000,loss,-0.046,-23.0,500.0,1500.0,0,1500.0,1454.0,420
d4_w120,AMD,1783010400000,1783344600000,win,0.044000000000000004,20.988000000000003,477.0,477.0,2,1454.0,497.988,200
d4_w120,ORCL,1783005000000,1783344600000,timeout,0.0026197150010698386,1.249604055510313,477.0,477.0,2,1477.0,976.2376040555104,290
d4_w120,TXN,1782919500000,1783344600000,timeout,0.002108062511598568,1.0540312557992841,500.0,500.0,2,1500.0,1477.2916353113098,665
d4_w120,ARM,1783351800000,1783431000000,loss,-0.046,-22.65180507477342,492.43054510377,984.86109020754,1,1477.2916353113098,962.2092851327666,270
d4_w120,INTC,1783351800000,1783431000000,loss,-0.046,-22.65180507477342,492.43054510377,492.43054510377,2,1477.29163531131,1431.988025161763,270
d4_w120,DELL,1783432200000,1783517400000,win,0.044000000000000004,20.670264561275854,469.7787400289966,469.7787400289966,2,1431.9880251617633,1452.6582897230392,370
d4_w120,ORCL,1783349700000,1783522500000,timeout,-0.029278801144481663,-14.417776007561988,492.43054510376993,1477.2916353113098,0,1477.2916353113098,1438.240513715477,780
d4_w120,ARM,1783517400000,1783524300000,loss,-0.046,-22.56065421115253,490.44900459027247,490.44900459027247,2,1452.6582897230392,1415.6798595043244,115
d4_w120,SNDK,1783524000000,1783539900000,win,0.044000000000000004,21.03256184023315,478.01276909620793,478.01276909620793,2,1438.240513715477,499.0453309364411,265
d4_w120,HPE,1783431900000,1783603800000,win,0.044000000000000004,20.670264561275854,469.7787400289966,939.5574800579932,1,1431.988025161763,989.4943355267135,765
d4_w120,ORCL,1783525800000,1783603800000,win,0.044000000000000004,20.58708741668128,467.8883503791199,467.8883503791199,2,1415.6798595043244,1477.9697733225146,250
d4_w120,MU,1783611000000,1783690200000,loss,-0.046,-22.66220319094522,492.6565911075048,492.6565911075048,2,1477.9697733225144,962.6509790240646,270
d4_w120,MRVL,1783611000000,1783690500000,loss,-0.046,-22.66220319094522,492.6565911075048,985.3131822150096,1,1477.9697733225146,1432.6453669406242,275
d4_w120,AMD,1783611000000,1783949400000,timeout,-0.03927043737573454,-19.34683980883013,492.6565911075049,1477.9697733225146,0,1477.9697733225146,473.30975129867477,660
d4_w120,AMD,1783695600000,1783949400000,timeout,-0.023547886808387035,-11.067374647236292,469.9943879165596,939.9887758331192,1,1432.6453669406242,932.2367645679981,300
d4_w120,IBM,1783696800000,1783949400000,timeout,-0.003361063071858123,-1.57968078120691,469.9943879165596,469.9943879165596,2,1432.6453669406242,1400.6514717033508,280
d4_w120,DELL,1783954500000,1784036700000,win,0.044000000000000004,20.542888251649146,466.8838239011169,933.7676478022338,1,1400.6514717033508,954.310536053883,320
d4_w120,QCOM,1783953300000,1784037600000,loss,-0.046,-21.47665589945138,466.88382390111695,1400.6514717033508,0,1400.6514717033508,1399.7177040555484,355
d4_w120,HPE,1783955700000,1784122200000,win,0.044000000000000004,20.542888251649146,466.8838239011169,466.8838239011169,2,1400.6514717033506,1420.2605923071976,675
d4_w120,ARM,1784043000000,1784126100000,loss,-0.046,-21.455179243551925,466.41694007721577,466.41694007721577,2,1399.7177040555484,932.3884729864299,335
d4_w120,QCOM,1784039400000,1784128500000,loss,-0.046,-21.455179243551925,466.41694007721577,932.8338801544315,1,1399.7177040555484,1377.3502338200938,435
d4_w120,IBM,1784123100000,1784145300000,loss,-0.046,-22.42162875902724,487.4267121527661,487.4267121527661,2,1420.2605923071976,1354.9286050610665,370
d4_w120,ORCL,1784129400000,1784209500000,loss,-0.046,-20.468240998348538,444.96176083366385,444.96176083366385,2,1377.3502338200938,1334.4603640627179,285
d4_w120,HPE,1784145300000,1784214600000,loss,-0.046,-21.39023383611199,465.00508339373886,465.00508339373886,2,1354.9286050610665,1313.0701302266061,105
d4_w120,QCOM,1784129100000,1784230500000,loss,-0.046,-20.468240998348538,444.96176083366385,889.9235216673277,1,1377.3502338200938,1292.6018892282575,640
d4_w120,AMD,1784215800000,1784295000000,loss,-0.046,-20.406283079650837,443.6148495576269,443.6148495576269,2,1313.0701302266061,1272.1956061486067,270
d4_w120,ARM,1784296500000,1784304300000,win,0.044000000000000004,18.621176925030948,423.20856647797604,423.20856647797604,2,1272.1956061486067,1290.8167830736375,130
d4_w120,ARM,1784304900000,1784554200000,timeout,0.02046374387472128,9.04149070523296,441.829743403007,441.829743403007,2,1290.8167830736375,450.87123410823995,225
d4_w120,IBM,1784213400000,1784554200000,timeout,-0.0004669511286410303,-0.19821772818790406,424.4935198353153,424.4935198353153,2,1334.4603640627179,875.1665362153673,700
d4_w120,QCOM,1784230800000,1784554200000,timeout,0.012882735071770407,5.468637555721683,424.4935198353153,424.4935198353153,2,1292.6018892282575,1305.1286936064043,410
d4_w120,SNDK,1784554200000,1784574900000,loss,-0.046,-20.011973301964865,435.04289786880145,870.0857957376029,1,1305.1286936064043,1285.1167203044395,345
d4_w120,DELL,1784554800000,1784577300000,loss,-0.046,-20.011973301964865,435.04289786880145,435.04289786880145,2,1305.1286936064043,1265.1047470024746,375
d4_w120,MU,1784554200000,1784640900000,win,0.044000000000000004,19.141887506227267,435.04289786880145,1305.1286936064043,0,1305.1286936064043,1284.2466345087018,395
d4_w120,ARM,1784641200000,1784647500000,win,0.044000000000000004,19.984130556501263,454.1847853750287,454.1847853750287,2,1284.2466345087018,1304.230765065203,105
d4_w120,DELL,1784647800000,1784727000000,win,0.044000000000000004,20.86343230098732,474.16891593152997,474.16891593152997,2,1304.230765065203,1325.0941973661904,270
d4_w120,QCOM,1784575500000,1784748300000,timeout,0.025418398136275895,10.549421279506541,415.0309245668366,415.0309245668366,2,1285.1167203044395,425.5803458463431,780
d4_w120,IBM,1784729700000,1784813400000,loss,-0.046,-22.771488018695795,495.0323482325173,495.0323482325173,2,1325.0941973661904,897.8412060601646,345
d4_w120,ORCL,1784640600000,1784813400000,timeout,-0.011460747904092234,-4.756564798862835,415.0309245668366,415.0309245668366,2,1265.1047470024746,1308.1155658281384,780
d4_w120,IBM,1784815800000,1784905800000,win,0.044000000000000004,19.185694965479364,436.0385219427128,1308.1155658281384,0,1308.1155658281384,1327.3012607936178,450
d4_w120,ARM,1784820600000,1784916600000,loss,-0.046,-20.05777200936479,436.0385219427128,872.0770438854256,1,1308.1155658281384,1307.243488784253,550
d4_w120,DELL,1784905800000,1785159000000,timeout,0.00485947652397734,2.2121513952113285,455.22421690819215,455.22421690819215,2,1327.3012607936178,457.43636830340347,290
d4_w120,QCOM,1784917800000,1785159000000,timeout,0.009523833581518875,3.9617314354806257,415.980749933348,415.980749933348,2,1307.243488784253,877.3788496722321,90
d4_w120,TXN,1784820900000,1785159000000,timeout,-0.019479538534899803,-8.493829190883828,436.0385219427128,436.0385219427128,2,1308.1155658281384,1304.923542424061,655
d4_w120,MRVL,1785159000000,1785161700000,loss,-0.046,-20.00882765050227,434.97451414135367,1304.923542424061,0,1304.923542424061,849.940200632205,45
d4_w120,ARM,1785159300000,1785162900000,loss,-0.046,-20.00882765050227,434.97451414135367,434.97451414135367,2,1304.923542424061,1264.9058871230563,60
d4_w120,ORCL,1785166500000,1785247800000,loss,-0.046,-19.08842157857916,414.96568649085134,414.96568649085134,2,1264.9058871230563,1245.8174655444773,305
d4_w120,ORCL,1785159000000,1785331800000,timeout,0.004357708110981356,1.8954919683439515,434.97451414135367,869.9490282827073,1,1304.923542424061,1247.712957512821,780
d4_w120,TXN,1785250200000,1785336000000,loss,-0.046,-18.21035418596452,395.87726491227215,395.87726491227215,2,1245.8174655444773,814.5369168360053,380
d4_w120,TXN,1785164700000,1785337500000,timeout,-0.02562624566644677,-10.634012625160288,414.96568649085134,829.9313729817027,1,1264.9058871230563,1218.8685907016963,780
d4_w120,DELL,1785332100000,1785339600000,loss,-0.046,-20.09602028104609,436.8700061096976,436.8700061096976,2,1247.712957512821,1198.7725704206503,125
d4_w120,SNDK,1785340500000,1785348000000,win,0.044000000000000004,18.33805537646067,416.7739858286515,416.7739858286515,2,1198.7725704206503,1217.110625797111,125
d4_w120,ORCL,1785339300000,1785418200000,win,0.044000000000000004,17.203968861023974,390.99929229599934,390.99929229599934,2,1218.8685907016963,843.3153023621355,265
d4_w120,QCOM,1785339000000,1785418200000,loss,-0.046,-17.98596744561597,390.99929229599934,781.9985845919987,1,1218.8685907016963,1216.3286272125188,270
d4_w120,ARM,1785420300000,1785504600000,win,0.044000000000000004,17.186764892162948,390.6082930037033,781.2165860074066,1,1216.3286272125188,798.4033508995695,355
d4_w120,AVGO,1785349500000,1785504600000,win,0.044000000000000004,19.144929813024937,435.1120412051122,435.1120412051122,2,1217.110625797111,1252.6603219177068,485
d4_w120,SNDK,1785505500000,1785506700000,loss,-0.046,-19.82719666502208,431.02601445700174,862.0520289140035,1,1252.6603219177068,1232.8331252526846,20
d4_w120,AMD,1785505800000,1785763800000,loss,-0.046,-19.82719666502208,431.02601445700174,431.02601445700174,2,1252.6603219177068,411.19881779197965,370
d4_w120,IBM,1785511200000,1785763800000,timeout,0.0245006093530118,10.07462160114157,411.19881779197965,411.19881779197965,2,1232.8331252526846,832.4722571851008,280
d4_w120,QCOM,1785425400000,1785763800000,loss,-0.046,-17.96798147817035,390.6082930037033,390.6082930037033,2,1216.3286272125188,1205.112568710634,660
d4_w120,DELL,1785766500000,1785778800000,win,0.044000000000000004,17.6749843410893,401.7041895702113,1205.112568710634,0,1205.112568710634,821.0833634815119,205
d4_w120,SNDK,1785766800000,1785778800000,win,0.044000000000000004,17.6749843410893,401.70418957021127,803.4083791404225,1,1205.112568710634,1240.4625373928125,200
d4_w120,HPE,1785767100000,1785786600000,win,0.044000000000000004,17.6749843410893,401.70418957021127,401.70418957021127,2,1205.1125687106337,419.37917391130054,325
d4_w120,ARM,1785781800000,1785850200000,win,0.044000000000000004,18.452683652097228,419.3791739113006,419.3791739113006,2,1240.4625373928125,857.2110314746983,90
d4_w120,MU,1785781500000,1785850200000,win,0.044000000000000004,18.452683652097228,419.3791739113006,838.7583478226012,1,1240.4625373928125,1295.042889038096,95
d4_w120,MU,1785858600000,1786023000000,loss,-0.046,-19.85732429858414,431.68096301269867,1295.042889038096,0,1295.042889038096,411.8236387141145,640
d4_w120,MU,1785866100000,1786023000000,loss,-0.046,-19.857324298584142,431.6809630126987,863.3619260253975,1,1295.042889038096,823.6472774282291,515
d4_w120,MU,1785936600000,1786023000000,loss,-0.046,-19.857324298584142,431.6809630126987,431.6809630126987,2,1295.0428890380963,1235.4709161423436,390
d4_w120,DELL,1786031100000,1786110000000,loss,-0.046,-18.94388738084927,411.8236387141145,411.8236387141145,2,1235.4709161423434,1216.5270287614942,265
d4_w120,SNDK,1786110000000,1786110900000,loss,-0.046,-18.0724685613302,392.87975133326523,392.87975133326523,2,1216.5270287614942,786.6309214860496,15
d4_w120,MRVL,1786029300000,1786111800000,loss,-0.046,-18.94388738084927,411.8236387141145,823.647277428229,1,1235.4709161423436,1179.510672819315,325
d4_w120,AMD,1786025100000,1786368600000,timeout,-0.03594359909071453,-14.802423766019398,411.82363871411457,1235.4709161423436,0,1235.4709161423436,397.0212149480952,745
d4_w120,DELL,1786116000000,1786368600000,win,0.044000000000000004,16.88911475031441,383.8435170526002,767.6870341052004,1,1179.510672819315,797.7538467510097,280
d4_w120,MRVL,1786116000000,1786368600000,win,0.044000000000000004,16.88911475031441,383.8435170526002,383.8435170526002,2,1179.510672819315,1198.4864785539241,280
d4_w120,MU,1786374600000,1786541400000,win,0.044000000000000004,17.57780168545756,399.4954928513081,399.4954928513081,2,1198.4864785539244,417.0732945367656,680
d4_w120,SNDK,1786368900000,1786541400000,win,0.044000000000000004,17.577801685457555,399.49549285130803,1198.4864785539241,0,1198.4864785539241,834.1465890735311,775
d4_w120,AMD,1786369200000,1786542000000,timeout,0.012476410758615502,4.9842698650284625,399.4954928513081,798.9909857026162,1,1198.4864785539241,1238.6263517898676,780
d4_w120,ARM,1786547100000,1786628700000,win,0.044000000000000004,18.166519826251392,412.8754505966225,825.750901193245,1,1238.6263517898676,1256.7928716161189,310
d4_w120,AVGO,1786547100000,1786715100000,loss,-0.046,-18.992270727444634,412.8754505966225,412.8754505966225,2,1238.6263517898674,1237.8006008886744,700
d4_w120,QCOM,1786543800000,1786716600000,timeout,0.010275107821678958,4.2423397718045806,412.87545059662256,1238.6263517898676,0,1238.6263517898676,1242.042940660479,780
d4_w120,DELL,1786717500000,1786973400000,timeout,-0.03089837398373984,-12.888261482074856,417.1177903684271,417.1177903684271,2,1242.042940660479,404.2295288863522,335
d4_w120,TXN,1786630500000,1786973400000,timeout,0.011531180154496395,4.9704226150952655,431.0419704228739,431.0419704228739,2,1256.7928716161189,840.2419219243213,735
d4_w120,TXN,1786716000000,1786973400000,timeout,0.015432790016062242,6.078716405779897,393.88317986917787,393.88317986917787,2,1237.8006008886744,1240.203818199279,360
d4_w120,ARM,1786979700000,1787059800000,loss,-0.046,-19.01645854572228,413.40127273309304,826.8025454661861,1,1240.203818199279,394.38481418737075,285
d4_w120,HPE,1786977900000,1787059800000,loss,-0.046,-19.01645854572228,413.40127273309304,1240.203818199279,0,1240.203818199279,788.7696283747415,315
d4_w120,AVGO,1786980600000,1787061000000,loss,-0.046,-19.01645854572228,413.40127273309304,413.40127273309304,2,1240.203818199279,1183.1544425621123,290
d4_w120,AVGO,1787067000000,1787146500000,loss,-0.046,-18.141701452619056,394.3848141873708,788.7696283747416,1,1183.1544425621123,1165.0127411094934,275
d4_w120,ORCL,1787067000000,1787148300000,loss,-0.046,-18.141701452619056,394.3848141873708,394.3848141873708,2,1183.1544425621123,1146.8710396568742,305
d4_w120,IBM,1787066100000,1787238900000,timeout,0.01922499980193671,7.58204797463905,394.38481418737075,1183.1544425621123,0,1183.1544425621123,1154.4530876315134,780
d4_w120,MU,1787146500000,1787319000000,win,0.044000000000000004,16.55469696032908,376.2431127347518,376.2431127347518,2,1165.0127411094934,1171.0077845918424,775
d4_w120,ORCL,1787152500000,1787325300000,timeout,0.03150963827643994,11.855284386273842,376.2431127347518,376.2431127347518,2,1146.8710396568742,1182.8630689781162,780
d4_w120,ARM,1787238900000,1787578200000,loss,-0.046,-18.49047565945245,401.9668621620098,401.9668621620098,2,1154.4530876315134,383.4763865025574,675
d4_w120,ARM,1787325300000,1787578200000,loss,-0.046,-17.85252626756718,388.09839712102564,388.09839712102564,2,1182.8630689781162,753.7222573560158,285
d4_w120,TXN,1787324100000,1787578200000,timeout,-0.014163183677470598,-5.563267526819571,392.79780969508084,392.79780969508084,2,1171.0077845918424,1140.9567995242771,305
d4_w120,DELL,1787583600000,1787665800000,win,0.044000000000000004,16.734033059689402,380.3189331747591,760.6378663495182,1,1140.9567995242771,1157.6908325839668,320
d4_w120,AMD,1787585400000,1787751000000,win,0.044000000000000004,16.734033059689402,380.3189331747591,380.3189331747591,2,1140.9567995242774,1174.4248656436562,660
d4_w120,AVGO,1787583000000,1787755800000,timeout,-0.03597130752674515,-13.680569303472895,380.318933174759,1140.9567995242771,0,1140.9567995242771,1160.7442963401832,780
d4_w120,INTC,1787756400000,1787837400000,win,0.044000000000000004,16.13208801033659,366.6383638712861,366.6383638712861,2,1160.7442963401832,382.7704518816227,300
d4_w120,AVGO,1787754300000,1787840700000,win,0.044000000000000004,17.470330514315734,397.0529662344485,397.0529662344485,2,1174.4248656436562,797.293748630387,390
d4_w120,AVGO,1787668500000,1787841300000,timeout,0.015125054751587324,6.005447853576187,397.0529662344485,397.0529662344485,2,1157.6908325839668,1200.3521627184118,780
d4_w120,MU,1787843100000,1788183000000,timeout,0.010981569273106789,4.3939168090052645,400.117387572804,800.234775145608,1,1200.3521627184118,404.5113043818092,685
d4_w120,SNDK,1787841900000,1788183000000,timeout,0.012725431232137213,5.091666300340109,400.1173875728039,1200.3521627184118,0,1200.3521627184118,809.7203582549532,705
d4_w120,SNDK,1787849400000,1788183000000,timeout,0.021945742849576184,8.780873297316965,400.117387572804,400.117387572804,2,1200.3521627184118,1218.6186191250742,580
d4_w120,INTC,1788187200000,1788269400000,loss,-0.046,-18.68548549325114,406.20620637502475,812.4124127500495,1,1218.6186191250742,793.7269272567984,320
d4_w120,DELL,1788187800000,1788270600000,loss,-0.046,-18.68548549325114,406.20620637502475,406.20620637502475,2,1218.6186191250742,1181.247648138572,330
d4_w120,AMD,1788184200000,1788357000000,timeout,-0.04248449649207741,-17.25746614979981,406.20620637502475,1218.6186191250742,0,1218.6186191250742,1163.9901819887723,780
d4_w120,INTC,1788273900000,1788446700000,timeout,0.0004740970831085319,0.18372244341416444,387.5207208817736,775.0414417635473,1,1181.247648138572,1164.1739044321864,780
d4_w120,MRVL,1788276300000,1788449100000,timeout,0.00677232062741418,2.6244145715780482,387.5207208817736,387.5207208817736,2,1181.247648138572,1166.7983190037644,780
d4_w120,ARM,1788449100000,1788528600000,win,0.044000000000000004,17.166385959947476,390.14513545335166,390.14513545335166,2,1166.7983190037644,795.0159647384869,275
d4_w120,INTC,1788359400000,1788528600000,win,0.044000000000000004,17.113744569909898,388.9487402252249,388.9487402252249,2,1163.9901819887723,1201.0784495336218,720
d4_w120,AMD,1788447600000,1788551700000,win,0.044000000000000004,17.058995506308264,387.7044433251878,387.7044433251878,2,1164.1739044321864,404.76343883149605,685
d4_w120,AVGO,1788534900000,1788874200000,timeout,0.02859741351996093,11.630196400964927,406.68700310421696,813.3740062084339,1,1201.0784495336218,823.0806383366779,285
d4_w120,AVGO,1788542400000,1788874200000,timeout,0.032914255674832534,13.38579999980361,406.68700310421696,406.68700310421696,2,1201.0784495336218,1243.1534414406983,160
d4_w120,ORCL,1788970800000,1789067100000,loss,-0.046,-19.061686102090707,414.3844804802328,414.3844804802328,2,1243.1534414406983,809.7072748583748,555
d4_w120,ORCL,1788963300000,1789068300000,loss,-0.046,-19.061686102090707,414.38448048023275,1243.1534414406983,0,1243.1534414406983,1205.030069236517,700
d4_w120,DELL,1789069200000,1789133700000,win,0.044000000000000004,17.394202952638253,395.3227943781421,790.6455887562842,1,1205.030069236517,1222.424272189155,25
d4_w120,QCOM,1788964500000,1789134300000,win,0.044000000000000004,18.232917141130244,414.3844804802328,828.7689609604656,1,1243.1534414406983,1240.6571893302855,730
d4_w120,AMD,1789133700000,1789392600000,loss,-0.046,-18.984981877215894,412.7169973307803,412.7169973307803,2,1222.424272189155,393.73201545356443,385
d4_w120,MRVL,1789069200000,1789392600000,loss,-0.046,-18.184848541394537,395.3227943781421,395.3227943781421,2,1205.030069236517,770.869961290312,410
d4_w120,MU,1789139700000,1789392600000,loss,-0.046,-19.900400290582702,432.61739762136307,432.61739762136307,2,1240.6571893302855,1183.5869586210924,285
d4_w120,AMD,1789399800000,1789565400000,win,0.044000000000000004,17.359275393109357,394.5289862070308,1183.5869586210924,0,1183.5869586210924,1200.9462340142018,660
d4_w120,ARM,1789399800000,1789572600000,timeout,0.01947059952539277,7.681715891596305,394.5289862070308,789.0579724140616,1,1183.5869586210924,814.0989636987672,780
d4_w120,AVGO,1789399800000,1789572600000,timeout,-0.019362960369073916,-7.639249124377647,394.5289862070308,394.5289862070308,2,1183.5869586210924,1200.9887007814204,780
d4_w120,ARM,1789572600000,1789651800000,win,0.044000000000000004,17.360209661988165,394.5502195906401,789.1004391812802,1,1200.9887007814204,411.91042925262826,270
d4_w120,MRVL,1789572600000,1789651800000,win,0.044000000000000004,17.360209661988165,394.5502195906401,394.5502195906401,2,1200.9887007814204,823.8208585052565,270
d4_w120,ORCL,1789565400000,1789651800000,win,0.044000000000000004,18.12308351040617,411.88826160014014,411.88826160014014,2,1200.9462340142018,1253.8322036158029,390
d4_w120,AVGO,1789659000000,1789761300000,timeout,0.015067068979605974,6.297192100243555,417.9440678719343,417.9440678719343,2,1253.8322036158029,424.24125997217783,655
d4_w120,IBM,1789658400000,1789761300000,timeout,-0.0424479401771719,-17.74086479043174,417.9440678719343,835.8881357438686,1,1253.8322036158029,824.4444630536805,665
d4_w120,TXN,1789654200000,1789761300000,timeout,0.008566680091786077,3.5803931257185884,417.9440678719343,1253.8322036158029,0,1253.8322036158029,1245.9689240513333,735
d4_w180,QCOM,1782923100000,1783002300000,loss,-0.046,-23.0,500.0,1000.0,1,1500.0,1477.0,270
d4_w180,ORCL,1782923100000,1783014300000,loss,-0.046,-23.0,500.0,1500.0,0,1500.0,1454.0,470
d4_w180,ORCL,1783009500000,1783344600000,timeout,0.010307452929976485,4.916655047598783,477.0,477.0,2,1477.0,481.9166550475988,215
d4_w180,QCOM,1783015500000,1783344600000,win,0.044000000000000004,20.988000000000003,477.0,477.0,2,1454.0,979.9046550475989,115
d4_w180,TXN,1782923100000,1783344600000,timeout,-0.0013588826429464743,-0.6794413214732372,500.0,500.0,2,1500.0,1479.2252137261257,605
d4_w180,INTC,1783355400000,1783431000000,loss,-0.046,-22.68145327713393,493.07507124204193,1479.2252137261257,0,1479.2252137261257,470.393617964908,210
d4_w180,MRVL,1783355400000,1783431000000,loss,-0.046,-22.681453277133926,493.0750712420419,986.1501424840837,1,1479.2252137261257,940.787235929816,210
d4_w180,MU,1783355400000,1783431000000,loss,-0.046,-22.681453277133926,493.0750712420419,493.0750712420419,2,1479.2252137261257,1411.1808538947241,210
d4_w180,ARM,1783441800000,1783451100000,loss,-0.046,-21.638106426385768,470.393617964908,940.787235929816,1,1411.1808538947241,1389.5427474683383,155
d4_w180,AVGO,1783441800000,1783522500000,win,0.044000000000000004,20.697319190455953,470.393617964908,470.393617964908,2,1411.180853894724,1410.2400666587941,295
d4_w180,HPE,1783524300000,1783603800000,win,0.044000000000000004,21.608001234836017,491.090937155364,491.090937155364,2,1410.2400666587941,512.6989383901999,275
d4_w180,QCOM,1783441200000,1783603800000,win,0.044000000000000004,20.697319190455957,470.39361796490806,1411.1808538947241,0,1411.1808538947241,1003.7898755455639,610
d4_w180,QCOM,1783452600000,1783603800000,win,0.044000000000000004,19.74524250769498,448.7555115385222,448.7555115385222,2,1389.5427474683383,1472.290629591781,420
d4_w180,MU,1783614600000,1783690200000,loss,-0.046,-22.575122987073975,490.76354319726033,490.76354319726033,2,1472.290629591781,958.9519634074467,210
d4_w180,MRVL,1783614600000,1783690500000,loss,-0.046,-22.575122987073975,490.76354319726033,981.5270863945207,1,1472.290629591781,1427.140383617633,215
d4_w180,AMD,1783614600000,1783949400000,timeout,-0.03327794904679337,-16.331604184542204,490.76354319726033,1472.290629591781,0,1472.290629591781,474.43193901271815,600
d4_w180,AMD,1783691700000,1783949400000,timeout,-0.03258414151049526,-15.255517737703931,468.18842021018634,936.3768404203727,1,1427.140383617633,927.3648414852005,365
d4_w180,IBM,1783700400000,1783949400000,timeout,0.0049194270174459705,2.3032187636373376,468.18842021018634,468.18842021018634,2,1427.140383617633,1397.8564804590242,220
d4_w180,QCOM,1783954500000,1784037600000,loss,-0.046,-21.433799367038368,465.95216015300804,1397.8564804590242,0,1397.8564804590242,910.4705209389778,335
d4_w180,DELL,1783955400000,1784039700000,win,0.044000000000000004,20.501895046732358,465.9521601530081,931.9043203060162,1,1397.8564804590242,1396.9245761387183,355
d4_w180,QCOM,1784040900000,1784128500000,loss,-0.046,-21.412365567671333,465.48620799285504,930.9724159857101,1,1396.9245761387183,1375.5122105710468,410
d4_w180,HPE,1783958700000,1784131500000,timeout,-0.044299936207349504,-20.641650970454958,465.9521601530081,465.9521601530081,2,1397.8564804590242,1354.870559600592,780
d4_w180,IBM,1784132100000,1784208600000,loss,-0.046,-20.484283422397443,445.3105091825531,445.3105091825531,2,1354.870559600592,1334.3862761781945,225
d4_w180,ORCL,1784046300000,1784219100000,timeout,-0.034738265570231845,-16.170183512535974,465.48620799285504,465.48620799285504,2,1396.9245761387183,1318.2160926656586,780
d4_w180,INTC,1784210700000,1784220300000,loss,-0.046,-19.542006384967163,424.8262257601557,424.8262257601557,2,1334.3862761781945,1298.6740862806914,160
d4_w180,AVGO,1784129400000,1784225100000,loss,-0.046,-20.42739675155845,444.0738424251837,444.0738424251837,2,1375.5122105710468,1278.246689529133,545
d4_w180,AVGO,1784219400000,1784295000000,loss,-0.046,-20.668537126094677,449.3160244803191,449.3160244803191,2,1318.2160926656586,428.6474873542244,210
d4_w180,DELL,1784225100000,1784295000000,loss,-0.046,-19.487736500986763,423.6464456736253,423.6464456736253,2,1278.246689529133,832.8061965268629,115
d4_w180,MU,1784220300000,1784295300000,loss,-0.046,-18.643074091258672,405.2842193751885,405.2842193751885,2,1298.6740862806914,1219.4473418107928,200
d4_w180,ARM,1784296500000,1784304300000,win,0.044000000000000004,17.885227679891628,406.48244727026423,1219.4473418107928,0,1219.4473418107928,1237.3325694906844,130
d4_w180,AVGO,1784304600000,1784554200000,timeout,0.01218809036250446,5.17223156921842,424.36767495015584,424.36767495015584,2,1237.3325694906844,429.53990651937426,230
d4_w180,DELL,1784299200000,1784554200000,timeout,0.018035652301479972,7.331176085621154,406.4824472702643,812.9648945405286,1,1219.4473418107928,843.3535298752597,320
d4_w180,HPE,1784299500000,1784554200000,timeout,-0.004683108937987729,-1.9036015819465004,406.4824472702643,406.4824472702643,2,1219.4473418107928,1247.9323755635774,315
d4_w180,MU,1784560200000,1784640600000,win,0.044000000000000004,18.303008174932472,415.9774585211925,415.9774585211925,2,1247.9323755635774,850.2579252173175,290
d4_w180,SNDK,1784559000000,1784640600000,win,0.044000000000000004,18.30300817493247,415.97745852119243,1247.9323755635774,0,1247.9323755635774,1284.5383919134424,310
d4_w180,HPE,1784560200000,1784727000000,win,0.044000000000000004,18.303008174932472,415.9774585211925,831.954917042385,1,1247.9323755635774,1302.8414000883747,680
d4_w180,IBM,1784649000000,1784813400000,loss,-0.046,-19.976901468021744,434.2804666961249,434.2804666961249,2,1284.5383919134424,848.5840319242282,640
d4_w180,QCOM,1784648400000,1784821200000,timeout,-0.02644728134756357,-11.485537686463626,434.2804666961249,868.5609333922498,1,1284.5383919134424,1271.3789609338894,780
d4_w180,SNDK,1784731200000,1784822400000,win,0.044000000000000004,19.1083405346295,434.28046669612496,434.28046669612496,2,1302.8414000883747,1290.4873014685188,470
d4_w180,ORCL,1784824500000,1784902500000,loss,-0.046,-20.054575250041644,435.96902717481834,435.96902717481834,2,1290.4873014685188,1270.4327262184772,250
d4_w180,ARM,1784824200000,1784903400000,loss,-0.046,-20.054575250041644,435.96902717481834,871.9380543496367,1,1290.4873014685188,1250.3781509684354,270
d4_w180,HPE,1784903700000,1785159000000,timeout,0.015303487128957021,6.364941461778034,415.9144519247767,415.9144519247767,2,1250.3781509684354,422.2793933865547,325
d4_w180,IBM,1784822100000,1785159000000,win,0.044000000000000004,18.416166873230818,418.5492471188822,837.0984942377644,1,1271.3789609338894,859.2448073786677,635
d4_w180,QCOM,1784902500000,1785159000000,timeout,0.007822388858819368,3.253444574958337,415.9144519247767,415.9144519247767,2,1270.4327262184772,1278.4127038784027,345
d4_w180,MU,1785159000000,1785161400000,loss,-0.046,-19.602328126135507,426.13756795946756,852.2751359189351,1,1278.4127038784027,832.6728077927996,40
d4_w180,MRVL,1785159000000,1785161700000,loss,-0.046,-19.602328126135507,426.13756795946756,1278.4127038784027,0,1278.4127038784027,1239.2080476261317,45
d4_w180,HPE,1785164100000,1785245400000,loss,-0.046,-18.700621032333274,406.53523983333207,406.53523983333207,2,1239.2080476261317,1220.5074265937983,305
d4_w180,ORCL,1785159000000,1785331800000,timeout,0.004357708110981356,1.8569831362908407,426.13756795946756,426.13756795946756,2,1278.4127038784027,1222.3644097300894,780
d4_w180,QCOM,1785246300000,1785335100000,loss,-0.046,-17.840392464845944,387.8346188009988,387.8346188009988,2,1220.5074265937983,797.9887774319113,430
d4_w180,AVGO,1785163500000,1785336300000,timeout,-0.01552637378960075,-6.312018092297302,406.53523983333207,813.0704796666641,1,1239.2080476261317,1198.211999172946,780
d4_w180,QCOM,1785332100000,1785354900000,loss,-0.046,-19.687749350404886,427.9945510957584,427.9945510957584,2,1222.3644097300894,1178.5242498225412,380
d4_w180,QCOM,1785343200000,1785418200000,loss,-0.046,-17.715001305775317,385.10872403859383,385.10872403859383,2,1198.2119991729462,367.3937227328185,200
d4_w180,ORCL,1785342900000,1785418800000,win,0.044000000000000004,16.94478385769813,385.10872403859383,770.2174480771877,1,1198.211999172946,769.4472306291104,215
d4_w180,HPE,1785354900000,1785419400000,win,0.044000000000000004,17.96549927679556,408.30680174535354,408.30680174535354,2,1178.5242498225412,1195.7195316512596,25
d4_w180,ARM,1785424200000,1785504600000,win,0.044000000000000004,17.53721979755181,398.57317721708654,1195.7195316512596,0,1195.7195316512596,814.6835742317248,290
d4_w180,HPE,1785429000000,1785504600000,win,0.044000000000000004,17.537219797551806,398.5731772170865,398.5731772170865,2,1195.7195316512593,1230.793971246363,210
d4_w180,QCOM,1785428700000,1785505500000,loss,-0.046,-18.33436615198598,398.5731772170865,797.146354434173,1,1195.7195316512596,1212.4596050943771,230
d4_w180,SNDK,1785505500000,1785506700000,loss,-0.046,-18.316031785833996,398.17460403986945,796.3492080797389,1,1212.4596050943771,1194.1435733085432,20
d4_w180,ARM,1785513900000,1785763800000,loss,-0.046,-17.894763054759814,389.0165881469525,389.0165881469525,2,1194.1435733085432,371.12182509219264,235
d4_w180,IBM,1785508800000,1785763800000,timeout,0.020149857950890977,7.838628991701351,389.0165881469525,778.033176293905,1,1194.1435733085432,767.9770422308466,320
d4_w180,INTC,1785505200000,1785763800000,loss,-0.046,-19.14107826267336,416.1103970146383,832.2207940292766,1,1230.793971246363,1164.9463609828115,380
d4_w180,AMD,1785770100000,1785850200000,win,0.044000000000000004,17.085879961081236,388.3154536609372,1164.9463609828115,0,1164.9463609828115,405.4013336220184,285
d4_w180,MRVL,1785772200000,1785850200000,win,0.044000000000000004,17.085879961081236,388.3154536609371,388.3154536609371,2,1164.9463609828113,810.8026672440367,250
d4_w180,SNDK,1785770100000,1785850200000,win,0.044000000000000004,17.085879961081236,388.3154536609371,776.6309073218742,1,1164.9463609828115,1216.204000866055,285
d4_w180,MU,1785864300000,1786023000000,loss,-0.046,-18.64846134661284,405.4013336220183,1216.204000866055,0,1216.204000866055,792.1542058974237,545
d4_w180,MU,1785940500000,1786023000000,loss,-0.046,-18.648461346612844,405.40133362201834,810.8026672440367,1,1216.204000866055,1178.9070781728292,325
d4_w180,AMD,1785958200000,1786131000000,timeout,-0.015881165117265665,-6.438245518010978,405.40133362201834,405.40133362201834,2,1216.2040008660551,1172.4688326548182,780
d4_w180,AMD,1786032300000,1786368600000,timeout,-0.04415066216302021,-17.07539540440913,386.7528722754054,386.7528722754054,2,1178.9070781728292,369.6774768709963,625
d4_w180,HPE,1786131000000,1786368600000,win,0.044000000000000004,17.554375876576326,398.96308810400734,398.96308810400734,2,1172.4688326548182,786.1949408515799,30
d4_w180,MRVL,1786024800000,1786368600000,win,0.044000000000000004,17.01712638011784,386.7528722754054,773.5057445508108,1,1178.9070781728292,1189.964939507103,750
d4_w180,MU,1786377000000,1786542300000,win,0.044000000000000004,17.452819112770847,396.654979835701,1189.964939507103,0,1189.964939507103,1207.417758619874,655
d4_w180,AMD,1786378500000,1786551300000,timeout,0.01381102920259925,5.478213509867285,396.65497983570106,793.3099596714021,1,1189.964939507103,816.2409922940401,780
d4_w180,ARM,1786379400000,1786552200000,timeout,-0.02049414484657807,-8.129104610869362,396.65497983570106,396.65497983570106,2,1189.9649395071033,1204.7668675188718,780
d4_w180,AVGO,1786547700000,1786715100000,loss,-0.046,-19.048958751629705,414.10779894847184,414.10779894847184,2,1207.417758619874,1185.717908767242,690
d4_w180,IBM,1786553700000,1786726500000,timeout,-0.007856940298079701,-3.1060805489464687,395.3295342852,790.6590685704,1,1204.7668675188718,787.2822939330956,780
d4_w180,MRVL,1786555800000,1786728600000,timeout,-0.017598641443704814,-6.957262725992044,395.3295342852,395.3295342852,2,1204.7668675188718,1175.6545654923036,780
d4_w180,MRVL,1786731300000,1786973400000,win,0.044000000000000004,17.173105956500155,390.29786264773077,390.29786264773077,2,1175.6545654923038,407.4709686042309,105
d4_w180,TXN,1786719600000,1786973400000,timeout,0.013459830735313988,5.317425119538953,395.05884019684214,395.05884019684214,2,1185.717908767242,807.847233920612,300
d4_w180,TXN,1786730700000,1786973400000,timeout,0.012099833795562459,4.722539268800808,390.29786264773077,780.5957252954615,1,1175.6545654923036,1202.8676358371436,115
d4_w180,ARM,1786983000000,1787059800000,loss,-0.046,-18.443970416169535,400.9558786123812,400.9558786123812,2,1202.8676358371436,382.51190819621166,230
d4_w180,HPE,1786978800000,1787059800000,loss,-0.046,-18.443970416169535,400.9558786123812,1202.8676358371436,0,1202.8676358371436,765.0238163924232,300
d4_w180,INTC,1786982400000,1787059800000,loss,-0.046,-18.443970416169535,400.9558786123812,801.9117572247624,1,1202.8676358371436,1147.5357245886348,240
d4_w180,AVGO,1787070600000,1787146500000,loss,-0.046,-17.595547777025732,382.5119081962116,765.0238163924232,1,1147.5357245886348,1129.940176811609,215
d4_w180,ORCL,1787070600000,1787148600000,loss,-0.046,-17.595547777025732,382.5119081962116,382.5119081962116,2,1147.5357245886348,1112.3446290345832,250
d4_w180,IBM,1787070300000,1787243100000,timeout,0.012946299588436188,4.952113759652556,382.5119081962116,1147.5357245886348,0,1147.5357245886348,1117.2967427942358,780
d4_w180,MU,1787147100000,1787255700000,win,0.044000000000000004,16.05631985844418,364.9163604191859,364.9163604191859,2,1129.940176811609,768.4367022334942,760
d4_w180,SNDK,1787150100000,1787322900000,timeout,-0.017233451052082065,-6.288768235387977,364.9163604191859,364.9163604191859,2,1112.3446290345832,1127.064294417292,780
d4_w180,AMD,1787243100000,1787578200000,timeout,-0.015474103229734077,-5.995658273552992,387.46402195586415,387.46402195586415,2,1117.2967427942358,381.4683636823112,605
d4_w180,ARM,1787327100000,1787578200000,loss,-0.046,-17.010806266612843,369.800136230714,369.800136230714,2,1127.064294417292,734.2576936464123,255
d4_w180,TXN,1787326800000,1787578200000,timeout,-0.015176637481765226,-5.612322608280941,369.800136230714,739.600272461428,1,1127.064294417292,1098.4455072688454,260
d4_w180,DELL,1787586900000,1787665800000,win,0.044000000000000004,16.110534106609734,366.14850242294847,732.2970048458969,1,1098.4455072688454,1114.5560413754552,265
d4_w180,AVGO,1787585700000,1787758500000,timeout,-0.03384523849888187,-12.392383390513118,366.14850242294847,1098.4455072688454,0,1098.4455072688454,1102.163657984942,780
d4_w180,ARM,1787588400000,1787761200000,timeout,0.01689347494720584,6.185520552639017,366.14850242294847,366.14850242294847,2,1098.4455072688454,1108.3491785375809,780
d4_w180,SNDK,1787667600000,1787840400000,timeout,-0.011372293280584195,-4.347161872567684,382.2590365295582,382.2590365295582,2,1114.5560413754552,1104.0020166650133,780
d4_w180,TXN,1787758800000,1787931600000,timeout,-0.016518447073530555,-5.843501729174858,353.7561190324353,353.7561190324353,2,1102.163657984942,1098.1585149358384,780
d4_w180,IBM,1787764800000,1787937600000,timeout,0.017787785576419697,6.622997763495475,372.33402297558746,372.33402297558746,2,1108.3491785375809,1104.781512699334,780
d4_w180,AMD,1787942400000,1788183000000,timeout,-0.0032138974631707954,-1.2179290076041012,378.9570207390829,378.9570207390829,2,1104.781512699334,377.7390917314788,80
d4_w180,HPE,1787935200000,1788183000000,timeout,0.006460812538884536,2.247798200309042,347.91261730326045,347.91261730326045,2,1098.1585149358384,727.8995072350483,200
d4_w180,SNDK,1787840400000,1788183000000,timeout,0.014504703480850983,5.481499683792171,377.9118746569905,377.9118746569905,2,1104.0020166650133,1111.292881575831,730
d4_w180,ARM,1788189300000,1788270000000,loss,-0.046,-17.03982418416274,370.430960525277,370.430960525277,2,1111.292881575831,1094.2530573916683,295
d4_w180,MU,1788186000000,1788358800000,timeout,0.0014503330645292464,0.5372482701751372,370.430960525277,1111.292881575831,0,1111.292881575831,1094.7903056618434,780
d4_w180,AMD,1788189300000,1788362100000,timeout,-0.024224099162870598,-8.973356320761713,370.430960525277,740.861921050554,1,1111.292881575831,1085.8169493410817,780
d4_w180,AMD,1788362700000,1788442500000,loss,-0.046,-16.627049793407704,361.4576042045153,361.4576042045153,2,1085.8169493410817,1069.189899547674,280
d4_w180,INTC,1788276000000,1788448800000,timeout,0.007095783807518968,2.5075871029700063,353.39113634111425,353.39113634111425,2,1094.2530573916683,1071.697486650644,780
d4_w180,ARM,1788451200000,1788528600000,win,0.044000000000000004,15.659543831539708,355.8987234440842,355.8987234440842,2,1071.697486650644,371.55826727562396,240
d4_w180,INTC,1788361200000,1788528600000,win,0.044000000000000004,16.322601186999897,370.96820879545214,370.96820879545214,2,1094.7903056618434,758.849077258076,690
d4_w180,SNDK,1788444300000,1788528600000,win,0.044000000000000004,15.172544394088735,344.8305544111076,344.8305544111076,2,1069.189899547674,1118.8521760632725,355
d4_w180,AVGO,1788538500000,1788874200000,timeout,0.030401456013609225,11.338245072106181,372.95072535442415,1118.8521760632725,0,1118.8521760632725,757.2396957809545,225
d4_w180,AVGO,1788549600000,1788874200000,timeout,0.028481213595888517,10.622089269560911,372.9507253544242,745.9014507088484,1,1118.8521760632725,1140.8125104049398,40
d4_w180,ORCL,1788966900000,1789065000000,loss,-0.046,-17.49245849287574,380.27083680164657,1140.8125104049398,0,1140.8125104049398,1123.3200519120642,585
d4_w180,QCOM,1788967200000,1789133700000,win,0.044000000000000004,16.731916819272453,380.2708368016466,760.5416736032932,1,1140.8125104049398,759.7811319296899,675
d4_w180,QCOM,1788978300000,1789134300000,win,0.044000000000000004,16.731916819272453,380.2708368016466,380.2708368016466,2,1140.81251040494,1156.7838855506088,500
d4_w180,INTC,1789066800000,1789392600000,loss,-0.046,-16.687805402203455,362.7783783087708,362.7783783087708,2,1123.3200519120642,346.09057290656733,450
d4_w180,MU,1789143000000,1789392600000,loss,-0.046,-18.262126666562278,397.00275362091907,794.0055072418381,1,1156.7838855506088,724.8311998609241,230
d4_w180,ORCL,1789143000000,1789392600000,loss,-0.046,-18.262126666562278,397.00275362091907,397.00275362091907,2,1156.7838855506088,1103.571826815281,230
d4_w180,ARM,1789403400000,1789576200000,timeout,0.018679116827607485,6.87124902691295,367.85727560509366,1103.571826815281,0,1103.571826815281,374.7285246320066,780
d4_w180,AVGO,1789403400000,1789576200000,timeout,-0.019076548010734433,-7.017446979178536,367.8572756050936,735.7145512101872,1,1103.571826815281,735.5683532579217,780
d4_w180,MU,1789403400000,1789576200000,timeout,0.004848074951326225,1.783399643524162,367.8572756050936,367.8572756050936,2,1103.571826815281,1105.2090285065397,780
d4_w180,ARM,1789576200000,1789651800000,win,0.044000000000000004,16.209732418095918,368.4030095021799,1105.2090285065397,0,1105.2090285065397,384.6127419202758,210
d4_w180,MRVL,1789576500000,1789651800000,win,0.044000000000000004,16.209732418095918,368.4030095021799,736.8060190043598,1,1105.2090285065397,769.2254838405515,205
d4_w180,HPE,1789576800000,1789653600000,win,0.044000000000000004,16.209732418095918,368.4030095021799,368.4030095021799,2,1105.2090285065397,1153.8382257608273,230
d4_w180,AVGO,1789662600000,1789761300000,timeout,0.02178579889948363,8.379095849654124,384.61274192027577,384.61274192027577,2,1153.8382257608273,392.9918377699299,595
d4_w180,IBM,1789658100000,1789761300000,timeout,-0.043316536253603204,-16.660091778987358,384.61274192027577,769.2254838405515,1,1153.8382257608273,760.9444879112182,670
d4_w180,TXN,1789657800000,1789761300000,timeout,0.02205610633213851,8.48305953248895,384.61274192027577,1153.8382257608273,0,1153.8382257608273,1154.040289363983,675
d4_w240,ARM,1782927000000,1783000800000,win,0.044000000000000004,22.000000000000004,500.0,500.0,2,1500.0,1522.0,180
d4_w240,INTC,1783000800000,1783002900000,loss,-0.046,-24.012,522.0,522.0,2,1522.0,997.988,35
d4_w240,QCOM,1782926700000,1783003200000,loss,-0.046,-23.0,500.0,1500.0,0,1500.0,1474.988,225
d4_w240,ORCL,1783005000000,1783344600000,timeout,0.0026197150010698386,1.2770953447315398,487.494,487.494,2,1474.988,488.7710953447316,290
d4_w240,TXN,1782926700000,1783344600000,timeout,0.000758856908529509,0.3794284542647545,500.0,1000.0,1,1500.0,989.1505237989962,545
d4_w240,TXN,1783004400000,1783344600000,timeout,0.007712038352499123,3.7595724246132076,487.494,974.988,1,1474.988,1480.4040962236095,300
d4_w240,SNDK,1783344600000,1783358700000,loss,-0.046,-22.69952947542868,493.4680320745365,1480.4040962236095,0,1480.4040962236095,1457.7045667481807,235
d4_w240,MU,1783358700000,1783431000000,loss,-0.046,-22.351470023472103,485.90152224939357,1457.7045667481807,0,1457.7045667481807,1435.3530967247086,155
d4_w240,DELL,1783359000000,1783448400000,win,0.044000000000000004,21.37966697897332,485.90152224939357,971.8030444987871,1,1457.7045667481807,1456.732763703682,440
d4_w240,DELL,1783436700000,1783517400000,win,0.044000000000000004,20.396202297940548,463.5500522259215,463.5500522259215,2,1435.3530967247086,483.946254523862,295
d4_w240,DELL,1783451400000,1783517400000,win,0.044000000000000004,22.320372326048144,507.2811892283669,507.2811892283669,2,1456.732763703682,1013.5478160782772,50
d4_w240,HPE,1783359000000,1783517700000,win,0.044000000000000004,21.37966697897332,485.90152224939357,485.90152224939357,2,1457.7045667481807,1520.8290053066441,545
d4_w240,ARM,1783523100000,1783525800000,loss,-0.046,-23.31937808136854,506.94300176888135,1013.8860035377627,1,1520.8290053066441,1497.5096272252754,45
d4_w240,AMD,1783527900000,1783603800000,win,0.044000000000000004,21.279439442250567,483.6236236875128,483.6236236875128,2,1497.5096272252754,504.9030631297634,215
d4_w240,MRVL,1783523100000,1783603800000,win,0.044000000000000004,22.30549207783078,506.94300176888135,506.94300176888135,2,1520.829005306644,1034.1515569764756,295
d4_w240,QCOM,1783518300000,1783603800000,win,0.044000000000000004,22.305492077830785,506.9430017688814,1520.8290053066441,0,1520.8290053066441,1563.400050823188,375
d4_w240,MRVL,1783618200000,1783690200000,loss,-0.046,-23.972134112622214,521.133350274396,1042.266700548792,1,1563.400050823188,1018.2945664361698,150
d4_w240,MU,1783618200000,1783690200000,loss,-0.046,-23.972134112622214,521.133350274396,521.133350274396,2,1563.400050823188,1515.4557825979437,150
d4_w240,AMD,1783618200000,1783949400000,timeout,-0.02808683374420228,-14.636985767716093,521.133350274396,1563.400050823188,0,1563.400050823188,506.49636450667987,540
d4_w240,AMD,1783695900000,1783949400000,timeout,-0.02610061363506399,-12.976212817376988,497.1612161617738,994.3224323235476,1,1515.4557825979437,990.6813678510766,295
d4_w240,IBM,1783696200000,1783949400000,timeout,-0.0037732308664766238,-1.8759040464366616,497.1612161617738,497.1612161617738,2,1515.4557825979437,1485.9666799664137,290
d4_w240,ARM,1783963800000,1784035800000,loss,-0.046,-22.784822426151678,495.32222665547124,495.32222665547124,2,1485.9666799664137,967.8596308847908,150
d4_w240,IBM,1783961400000,1784035800000,loss,-0.046,-22.784822426151678,495.32222665547124,990.6444533109425,1,1485.9666799664137,1440.3970351141104,190
d4_w240,QCOM,1784035800000,1784037900000,loss,-0.046,-21.7367205945487,472.5374042293196,945.0748084586392,1,1440.3970351141104,923.3380878640904,35
d4_w240,QCOM,1783958100000,1784046300000,loss,-0.046,-22.784822426151678,495.32222665547124,1485.9666799664137,0,1485.9666799664137,1395.87549209341,420
d4_w240,HPE,1784050200000,1784125800000,loss,-0.046,-21.403424212098955,465.29183069780333,465.29183069780333,2,1395.87549209341,909.1802371835076,210
d4_w240,ARM,1784050200000,1784126400000,loss,-0.046,-21.403424212098955,465.29183069780333,1395.87549209341,0,1395.87549209341,1353.0686436692122,220
d4_w240,IBM,1784129400000,1784208600000,loss,-0.046,-20.418866698342402,443.88840648570437,443.88840648570437,2,1353.068643669212,1332.6497769708697,270
d4_w240,ORCL,1784127900000,1784212800000,loss,-0.046,-20.418866698342402,443.88840648570437,887.7768129714087,1,1353.0686436692122,1312.2309102725274,365
d4_w240,AVGO,1784050200000,1784223000000,timeout,-0.04327104916390944,-20.133665681690076,465.29183069780333,930.5836613956067,1,1395.87549209341,1292.0972445908371,780
d4_w240,AVGO,1784210700000,1784295000000,loss,-0.046,-19.47959883021865,423.46953978736195,423.46953978736195,2,1332.6497769708697,849.1481059732565,355
d4_w240,DELL,1784217900000,1784295000000,loss,-0.046,-19.47959883021865,423.46953978736195,423.46953978736195,2,1312.2309102725274,1253.1380469304,235
d4_w240,SNDK,1784297100000,1784317200000,loss,-0.046,-18.583537284028594,403.98994095714335,403.98994095714335,2,1253.1380469304,1234.5545096463713,335
d4_w240,ARM,1784317800000,1784554200000,timeout,0.019617963812324397,7.560888880297254,385.40640367311477,385.40640367311477,2,1234.5545096463713,392.967292553412,10
d4_w240,IBM,1784295000000,1784554200000,timeout,-0.024666835624732368,-9.96515346763519,403.98994095714335,807.9798819142867,1,1253.1380469304,786.9920800429202,390
d4_w240,QCOM,1784223000000,1784554200000,timeout,0.0044525646801065796,1.9820955226118022,445.15816501611323,445.15816501611323,2,1292.0972445908371,1234.1323405816452,540
d4_w240,HPE,1784556900000,1784727000000,win,0.044000000000000004,18.10060766186413,411.3774468605484,411.3774468605484,2,1234.1323405816452,840.8555013829609,735
d4_w240,TXN,1784554200000,1784727000000,timeout,-0.013534363390381271,-5.567731856417923,411.3774468605484,1234.1323405816452,0,1234.1323405816452,1246.6652163870913,780
d4_w240,AVGO,1784555700000,1784728500000,timeout,0.017213588822741606,7.081282221206715,411.3774468605484,822.7548937210968,1,1234.1323405816452,1253.746498608298,780
d4_w240,IBM,1784730300000,1784813400000,loss,-0.046,-19.23036011843561,418.0513069225133,836.1026138450266,1,1253.746498608298,816.4648315673492,335
d4_w240,TXN,1784745000000,1784813400000,loss,-0.046,-19.23036011843561,418.0513069225133,418.0513069225133,2,1253.746498608298,1215.2857783714269,90
d4_w240,ORCL,1784727300000,1784818200000,loss,-0.046,-19.21161869911049,417.6438847632715,835.287769526543,1,1246.6652163870913,1196.0741596723165,465
d4_w240,ARM,1784827800000,1784903400000,loss,-0.046,-18.33682389596949,398.62660643411937,797.2532128682387,1,1196.0741596723165,1177.737335776347,210
d4_w240,IBM,1784816100000,1785159000000,win,0.044000000000000004,17.548121659379422,398.8209468040777,797.6418936081554,1,1215.2857783714269,416.36906846345715,735
d4_w240,TXN,1784828100000,1785159000000,timeout,0.0005970336691285601,0.23799350545162878,398.62660643411937,398.62660643411937,2,1196.0741596723165,815.2336684030281,535
d4_w240,TXN,1784905800000,1785159000000,timeout,0.007681895866313187,2.9213465084809545,380.2897825381499,380.2897825381499,2,1177.737335776347,1198.444797449659,290
d4_w240,ORCL,1785160800000,1785245400000,loss,-0.046,-18.37615356089477,399.48159914988634,1198.444797449659,0,1198.444797449659,1180.0686438887644,360
d4_w240,QCOM,1785160800000,1785263100000,loss,-0.046,-18.376153560894775,399.4815991498864,798.9631982997728,1,1198.444797449659,1161.6924903278696,655
d4_w240,AVGO,1785166500000,1785339300000,timeout,-0.02128706372775257,-8.503790259168138,399.4815991498864,399.4815991498864,2,1198.4447974496593,1153.1887000687016,780
d4_w240,TXN,1785248700000,1785421500000,timeout,0.00919005287398234,3.5023791955254326,381.1054455889916,381.1054455889916,2,1180.0686438887644,1156.691079264227,780
d4_w240,TXN,1785263400000,1785436200000,timeout,0.0006854469966741713,0.2612275830951461,381.10544558899164,381.10544558899164,2,1161.6924903278696,765.9744979566037,780
d4_w240,HPE,1785339300000,1785441300000,win,0.044000000000000004,17.203023591191606,390.9778088907183,390.9778088907183,2,1153.1887000687016,1174.1553304385138,650
d4_w240,DELL,1785511200000,1785763800000,timeout,-0.03293798779236356,-13.00305305136122,394.77375282699836,789.5475056539967,1,1174.1553304385138,381.7706997756371,280
d4_w240,HPE,1785511200000,1785763800000,timeout,-0.02225502375186638,-8.785699245778277,394.77375282699836,394.77375282699836,2,1174.1553304385138,767.7587533568573,280
d4_w240,TXN,1785423000000,1785763800000,timeout,-0.04264303028328675,-16.4008431194752,384.607824784517,384.607824784517,2,1156.691079264227,1135.965735021899,700
d4_w240,AMD,1785773700000,1785850200000,win,0.044000000000000004,16.660830780321184,378.65524500729964,757.3104900145993,1,1135.965735021899,395.31607578762083,225
d4_w240,MU,1785773700000,1785850200000,win,0.044000000000000004,16.660830780321184,378.65524500729964,378.65524500729964,2,1135.965735021899,790.6321515752417,225
d4_w240,QCOM,1785769800000,1785850200000,win,0.044000000000000004,16.660830780321188,378.6552450072997,1135.965735021899,0,1135.965735021899,1185.9482273628626,290
d4_w240,MU,1785867900000,1786023000000,loss,-0.046,-18.18453948623056,395.31607578762083,1185.9482273628626,0,1185.9482273628626,1167.763687876632,485
d4_w240,MU,1786037100000,1786111200000,loss,-0.046,-17.905709880775028,389.25456262554405,389.25456262554405,2,1167.763687876632,760.6034153703131,185
d4_w240,MRVL,1786028400000,1786111800000,loss,-0.046,-17.905709880775028,389.25456262554405,778.5091252510881,1,1167.763687876632,1131.952268115082,340
d4_w240,AMD,1786024800000,1786368600000,timeout,-0.025764309503710885,-10.028875027216127,389.254562625544,1167.763687876632,0,1167.763687876632,379.22568759832785,750
d4_w240,HPE,1786115400000,1786368600000,win,0.044000000000000004,16.33934952076984,371.34885274476903,742.6977054895381,1,1131.952268115082,766.9138898638668,290
d4_w240,MU,1786116600000,1786368600000,timeout,-0.023636931800836362,-8.77754750664693,371.34885274476903,371.34885274476903,2,1131.952268115082,1129.485195101989,270
d4_w240,MU,1786381800000,1786458000000,loss,-0.046,-17.31877299156383,376.4950650339963,376.4950650339963,2,1129.485195101989,1112.1664221104252,220
d4_w240,SNDK,1786374600000,1786541400000,win,0.044000000000000004,16.56578286149584,376.4950650339963,752.9901300679926,1,1129.485195101989,1128.732204971921,680
d4_w240,AMD,1786374600000,1786547400000,timeout,0.022160379674037507,8.343273586554801,376.4950650339963,1129.485195101989,0,1129.485195101989,1137.0754785584759,780
d4_w240,ARM,1786460700000,1786628700000,win,0.044000000000000004,15.80375684986703,359.17629204243246,359.17629204243246,2,1112.1664221104252,1152.8792354083428,700
d4_w240,AVGO,1786549800000,1786715100000,loss,-0.046,-17.70256357654535,384.8383386205511,384.8383386205511,2,1137.0754785584759,1135.1766718317974,655
d4_w240,QCOM,1786546800000,1786719600000,timeout,0.014282869666924608,5.614036861662192,393.06084789549215,393.06084789549215,2,1128.732204971921,1140.7907086934597,780
d4_w240,DELL,1786724700000,1786973400000,timeout,-0.030065232302793336,-11.986253023513209,398.67488475715436,398.67488475715436,2,1140.7907086934597,386.68863173364116,215
d4_w240,TXN,1786637700000,1786973400000,timeout,0.01364396268112134,5.116213793251591,374.9800488922995,374.9800488922995,2,1152.8792354083428,766.7848944191923,615
d4_w240,TXN,1786715400000,1786973400000,timeout,0.02031479702644124,7.458288751164169,367.13577504400575,367.13577504400575,2,1135.1766718317974,1141.3789582143622,370
d4_w240,ARM,1786979100000,1787059800000,loss,-0.046,-17.501144025953554,380.4596527381208,760.9193054762416,1,1141.3789582143622,362.9585087121672,295
d4_w240,HPE,1786977900000,1787059800000,loss,-0.046,-17.501144025953554,380.4596527381207,1141.3789582143622,0,1141.3789582143622,725.9170174243344,315
d4_w240,ORCL,1786981500000,1787059800000,loss,-0.046,-17.501144025953554,380.4596527381208,380.4596527381208,2,1141.3789582143622,1088.8755261365015,255
d4_w240,ARM,1787074200000,1787146200000,win,0.044000000000000004,15.970174383335356,362.95850871216714,725.9170174243343,1,1088.8755261365015,741.8871918076698,150
d4_w240,AVGO,1787074200000,1787146500000,loss,-0.046,-16.696091400759688,362.95850871216714,362.95850871216714,2,1088.8755261365013,1088.1496091190772,155
d4_w240,IBM,1787066400000,1787239200000,timeout,0.018634644581704725,6.763602807756814,362.9585087121672,1088.8755261365015,0,1088.8755261365015,1094.913211926834,780
d4_w240,ORCL,1787151900000,1787324700000,timeout,0.032266442340592956,11.69966841359536,362.595550203455,725.19110040691,1,1088.1496091190772,744.0173301369744,780
d4_w240,ARM,1787152200000,1787325000000,timeout,-0.028067265602283335,-10.177065613766432,362.595550203455,362.595550203455,2,1088.149609119077,1096.435814726663,780
d4_w240,AMD,1787239200000,1787578200000,timeout,-0.016260963718126235,-6.012037841214506,369.722111519924,369.722111519924,2,1094.913211926834,363.7100736787095,670
d4_w240,MU,1787328300000,1787578200000,loss,-0.046,-16.714415173754997,363.3568516033695,363.3568516033695,2,1096.435814726663,710.3525101083239,235
d4_w240,SNDK,1787327400000,1787578200000,loss,-0.046,-16.714415173754997,363.3568516033695,726.713703206739,1,1096.435814726663,1056.9949465379384,250
d4_w240,DELL,1787582400000,1787751000000,win,0.044000000000000004,15.502592549223097,352.33164884597943,704.6632976919589,1,1056.9949465379384,1072.4975390871614,710
d4_w240,AVGO,1787581500000,1787754300000,timeout,-0.0336833149893646,-11.867697908801327,352.3316488459795,1056.9949465379384,0,1056.9949465379384,1060.62984117836,780
d4_w240,QCOM,1787587200000,1787760000000,timeout,0.01793224173325881,6.31809629738376,352.33164884597943,352.33164884597943,2,1056.9949465379382,1066.9479374757439,780
d4_w240,INTC,1787762700000,1787837400000,win,0.044000000000000004,15.780588786307982,358.6497451433632,358.6497451433632,2,1066.9479374757439,742.2645753248737,195
d4_w240,SNDK,1787755200000,1787837400000,win,0.044000000000000004,14.98041384123584,340.46395093717814,340.46395093717814,2,1060.62984117836,1097.7089401032877,320
d4_w240,AVGO,1787751600000,1787923800000,win,0.044000000000000004,16.184706621388912,367.8342413952025,367.8342413952025,2,1072.4975390871614,1113.8936467246767,770
d4_w240,MU,1787853300000,1788183000000,timeout,0.023394356807223245,8.537474563070754,364.9373493540426,364.9373493540426,2,1097.708940103288,373.4748239171134,515
d4_w240,SNDK,1787848800000,1788183000000,timeout,0.0200813678139602,7.328441141430221,364.9373493540426,729.8746987080852,1,1097.7089401032877,745.7406144125862,590
d4_w240,SNDK,1787926500000,1788183000000,timeout,0.011010223263069557,4.228134354911774,384.0189480165914,384.0189480165914,2,1113.8936467246767,1133.9876967840894,345
d4_w240,SNDK,1788192000000,1788277200000,win,0.044000000000000004,16.63181955283331,377.99589892802976,377.99589892802976,2,1133.9876967840892,772.6236174088929,370
d4_w240,HPE,1788190800000,1788283200000,loss,-0.046,-17.38781135068937,377.99589892802976,755.9917978560595,1,1133.9876967840894,1133.2317049862334,490
d4_w240,AMD,1788188700000,1788361500000,timeout,-0.026852490890050366,-10.15013143244132,377.9958989280298,1133.9876967840894,0,1133.9876967840894,1123.081573553792,780
d4_w240,AMD,1788283800000,1788456600000,timeout,-0.004280565956901178,-1.6164183404227832,377.61790302910174,755.2358060582035,1,1133.2317049862334,743.8472521842675,780
d4_w240,ARM,1788283800000,1788456600000,timeout,0.020908419827004872,7.895393650725674,377.61790302910174,377.61790302910174,2,1133.2317049862331,1129.3605488640949,780
d4_w240,MU,1788456900000,1788528600000,win,0.044000000000000004,16.75332519010714,380.75739068425315,380.75739068425315,2,1129.3605488640949,778.2681065586135,145
d4_w240,AMD,1788361500000,1788534300000,timeout,0.025211717766643334,9.274023671753081,367.8457674955885,367.8457674955885,2,1123.081573553792,1155.387897725955,780
d4_w240,AVGO,1788456900000,1788874200000,timeout,0.033485745177946453,12.749944959072703,380.75739068425315,761.5147813685063,1,1129.3605488640949,393.50733564332586,535
d4_w240,AVGO,1788534600000,1788874200000,timeout,0.025051329524011796,9.702762045627008,387.31525352085094,774.6305070417019,1,1155.387897725955,790.5253512098038,290
d4_w240,HPE,1788539400000,1788874200000,timeout,0.015429234573120404,5.975977900320808,387.31525352085094,387.31525352085094,2,1155.387897725955,1183.8165826309757,210
d4_w240,ORCL,1788970500000,1789067100000,loss,-0.046,-18.151854267008293,394.6055275436586,1183.8165826309757,0,1183.8165826309757,1165.6647283639675,560
d4_w240,QCOM,1789050000000,1789133700000,win,0.044000000000000004,17.36264321192098,394.6055275436586,394.6055275436586,2,1183.8165826309757,788.4218440322298,345
d4_w240,QCOM,1788970800000,1789134300000,win,0.044000000000000004,17.36264321192098,394.6055275436586,789.2110550873172,1,1183.8165826309757,1200.3900147878094,625
d4_w240,ARM,1789139100000,1789392600000,loss,-0.046,-18.95053585475666,411.96817075557954,823.9363415111591,1,1200.3900147878094,393.0176349008229,295
d4_w240,INTC,1789133400000,1789392600000,loss,-0.046,-17.316868970725913,376.4536732766503,376.4536732766503,2,1165.6647283639675,752.1544392067474,390
d4_w240,MU,1789139100000,1789392600000,loss,-0.046,-18.95053585475666,411.96817075557954,411.96817075557954,2,1200.3900147878094,1145.17207410757,295
d4_w240,ARM,1789407000000,1789579800000,timeout,0.010217870969467363,3.900406830356156,381.72402470252337,1145.17207410757,0,1145.17207410757,385.6244315328795,780
d4_w240,AVGO,1789407000000,1789579800000,timeout,-0.025664039116003894,-9.796580301483996,381.72402470252337,763.4480494050467,1,1145.17207410757,757.5518759339188,780
d4_w240,ORCL,1789407000000,1789579800000,timeout,-0.011418927026791143,-4.358878782451134,381.72402470252337,381.72402470252337,2,1145.17207410757,1134.9170218539912,780
d4_w240,ARM,1789581000000,1789651800000,win,0.044000000000000004,16.645449653858538,378.3056739513304,378.3056739513304,2,1134.9170218539912,394.9511236051889,130
d4_w240,MRVL,1789579800000,1789651800000,win,0.044000000000000004,16.645449653858538,378.3056739513304,1134.9170218539912,0,1134.9170218539912,789.9022472103779,150
d4_w240,ORCL,1789580100000,1789654800000,win,0.044000000000000004,16.645449653858538,378.3056739513304,756.6113479026608,1,1134.9170218539912,1184.853370815567,195
d4_w240,AVGO,1789666200000,1789761300000,timeout,0.020016887875779828,7.905692357618327,394.95112360518897,394.95112360518897,2,1184.853370815567,402.8568159628073,535
d4_w240,IBM,1789665600000,1789761300000,timeout,-0.04244831038843377,-16.76500788305373,394.95112360518897,789.9022472103779,1,1184.853370815567,781.0429316849426,545
d4_w240,TXN,1789661400000,1789761300000,timeout,0.02126439190362795,8.398395475118942,394.95112360518897,1184.853370815567,0,1184.853370815567,1184.3924507652505,615
d4_w300,ARM,1782930600000,1783000800000,win,0.044000000000000004,22.000000000000004,500.0,500.0,2,1500.0,1022.0,120
d4_w300,QCOM,1782930300000,1783002600000,loss,-0.046,-23.0,500.0,1500.0,0,1500.0,1499.0,155
d4_w300,AMD,1783021200000,1783344600000,win,0.044000000000000004,21.978,499.5,499.5,2,1499.0,521.478,20
d4_w300,ORCL,1783016700000,1783344600000,timeout,0.012654728126465958,6.321036699169746,499.5,999.0,1,1499.0,1027.2990366991696,95
d4_w300,TXN,1782930300000,1783344600000,timeout,-0.0007547531544786993,-0.37737657723934964,500.0,1000.0,1,1500.0,1526.9216601219302,485
d4_w300,INTC,1783344600000,1783431000000,loss,-0.046,-23.41279878853626,508.97388670731004,1017.9477734146201,1,1526.9216601219302,994.5349746260839,390
d4_w300,MRVL,1783344600000,1783431000000,loss,-0.046,-23.41279878853626,508.97388670731004,508.97388670731004,2,1526.92166012193,1480.0960625448577,390
d4_w300,HPE,1783344600000,1783517400000,win,0.044000000000000004,22.394851015121645,508.9738867073101,1526.9216601219302,0,1526.9216601219302,1502.4909135599792,780
d4_w300,QCOM,1783443900000,1783603800000,win,0.044000000000000004,21.364687868426046,485.56108791877375,971.1221758375475,1,1480.0960625448577,506.92577578719977,565
d4_w300,QCOM,1783525200000,1783603800000,win,0.044000000000000004,23.380224459787,531.3687377224318,531.3687377224318,2,1502.4909135599792,1061.6747379694186,260
d4_w300,ORCL,1783446000000,1783604700000,win,0.044000000000000004,21.364687868426046,485.56108791877375,485.56108791877375,2,1480.0960625448574,1568.6005137566183,545
d4_w300,MU,1783621800000,1783690200000,loss,-0.046,-24.051874544268145,522.8668379188728,522.8668379188728,2,1568.6005137566183,1021.6818012934774,90
d4_w300,MRVL,1783621800000,1783690500000,loss,-0.046,-24.051874544268145,522.8668379188728,1045.7336758377455,1,1568.6005137566183,1520.496764668082,95
d4_w300,AMD,1783621800000,1783949400000,timeout,-0.024592088471562905,-12.85838753694726,522.8668379188728,1568.6005137566183,0,1568.6005137566183,510.0084503819255,480
d4_w300,AMD,1783703100000,1783949400000,timeout,-0.037110359213043946,-18.511202471672938,498.81496337460464,997.6299267492093,1,1520.496764668082,990.3122112848572,175
d4_w300,INTC,1783707600000,1783949400000,loss,-0.046,-22.945488315231813,498.81496337460464,498.81496337460464,2,1520.496764668082,1466.18168634423,100
d4_w300,IBM,1783964700000,1784035800000,loss,-0.046,-22.48145252394486,488.72722878141,1466.18168634423,0,1466.18168634423,954.973005038875,135
d4_w300,MU,1783967400000,1784035800000,win,0.044000000000000004,21.503998066382042,488.72722878140996,488.72722878140996,2,1466.18168634423,1465.204231886667,90
d4_w300,SNDK,1784035800000,1784122200000,loss,-0.046,-22.458971071420912,488.2385015526285,976.477003105257,1,1465.204231886667,1442.745260815246,390
d4_w300,AVGO,1783967400000,1784140200000,timeout,0.015724208969365,7.6848490743775475,488.72722878140996,977.4544575628199,1,1466.18168634423,1450.4301098896235,780
d4_w300,QCOM,1784052900000,1784208600000,loss,-0.046,-22.458971071420912,488.2385015526285,488.2385015526285,2,1465.204231886667,962.1916083369952,495
d4_w300,QCOM,1784135700000,1784209500000,loss,-0.046,-21.42585840213555,465.7795304812076,465.7795304812076,2,1442.745260815246,1406.5452804160673,180
d4_w300,TXN,1784140800000,1784295000000,loss,-0.046,-22.834955581366227,496.4120778557875,496.4120778557875,2,1450.4301098896235,473.5771222744213,470
d4_w300,ARM,1784226600000,1784295300000,loss,-0.046,-20.933063658886432,455.0666012801398,910.1332025602796,1,1406.5452804160673,907.7106598956747,95
d4_w300,AVGO,1784226600000,1784295300000,loss,-0.046,-20.933063658886432,455.0666012801398,455.0666012801398,2,1406.5452804160673,1341.8441975169283,95
d4_w300,SNDK,1784297400000,1784304000000,win,0.044000000000000004,19.680381563581616,447.2813991723094,447.2813991723094,2,1341.8441975169283,1361.5245790805097,110
d4_w300,AVGO,1784307900000,1784554200000,timeout,0.002918342008128688,1.3627541809121282,466.961780735891,466.961780735891,2,1361.5245790805097,468.32453491680315,175
d4_w300,HPE,1784297100000,1784554200000,timeout,-0.005122485756399614,-2.291192596362645,447.2813991723094,894.5627983446188,1,1341.8441975169283,913.3147414927499,355
d4_w300,IBM,1784295600000,1784554200000,timeout,-0.021987131150372423,-9.834434784723646,447.2813991723094,1341.8441975169283,0,1341.8441975169283,1350.7617058803357,380
d4_w300,INTC,1784561700000,1784640600000,win,0.044000000000000004,19.811171686244926,450.2539019601119,450.2539019601119,2,1350.7617058803357,470.0650736463568,265
d4_w300,SNDK,1784554500000,1784640600000,win,0.044000000000000004,19.811171686244926,450.25390196011193,1350.7617058803357,0,1350.7617058803357,940.1301472927137,385
d4_w300,AMD,1784560200000,1784641800000,win,0.044000000000000004,19.811171686244926,450.2539019601119,900.5078039202238,1,1350.7617058803357,1410.1952209390706,310
d4_w300,TXN,1784643300000,1784813400000,loss,-0.046,-21.622993387732414,470.06507364635684,940.1301472927137,1,1410.1952209390706,448.4420802586244,735
d4_w300,QCOM,1784643300000,1784816100000,timeout,-0.002714146836674253,-1.2758256326683093,470.0650736463569,1410.1952209390706,0,1410.1952209390706,917.231328272313,780
d4_w300,AVGO,1784643600000,1784816400000,timeout,0.027782393296637682,13.059532751056043,470.06507364635684,470.06507364635684,2,1410.1952209390706,1400.3559346697257,780
d4_w300,ARM,1784831400000,1784903700000,loss,-0.046,-21.472124331602462,466.78531155657527,933.5706231131505,1,1400.3559346697257,1378.8838103381233,155
d4_w300,IBM,1784818500000,1784915700000,win,0.044000000000000004,20.53855370848931,466.7853115565752,1400.3559346697257,0,1400.3559346697257,1399.4223640466125,570
d4_w300,AMD,1784911500000,1785159000000,timeout,-0.027837267038109063,-12.396302108373025,445.3131872249728,445.3131872249728,2,1378.8838103381233,432.91688511659976,195
d4_w300,QCOM,1784917200000,1785159000000,timeout,0.005763919042951487,2.80889530708603,487.3238652650645,487.3238652650645,2,1399.4223640466125,923.0496456887503,100
d4_w300,TXN,1784831700000,1785159000000,timeout,-0.002480535375230403,-1.15787747795403,466.78531155657527,466.78531155657527,2,1400.3559346697257,1388.6770797673714,475
d4_w300,MU,1785160200000,1785160800000,loss,-0.046,-21.293048556433025,462.8923599224571,925.7847198449142,1,1388.6770797673714,904.4916712884811,10
d4_w300,ARM,1785159300000,1785162900000,loss,-0.046,-21.29304855643303,462.89235992245716,1388.6770797673714,0,1388.6770797673714,1346.0909826545053,60
d4_w300,HPE,1785171900000,1785245400000,loss,-0.046,-20.64006173403575,448.69699421816847,448.69699421816847,2,1346.0909826545053,1325.4509209204698,175
d4_w300,QCOM,1785171300000,1785331800000,loss,-0.046,-20.64006173403575,448.69699421816847,897.3939884363369,1,1346.0909826545053,1304.8108591864338,575
d4_w300,TXN,1785169500000,1785342300000,timeout,-0.033985490930624855,-15.249187627600195,448.6969942181684,1346.0909826545053,0,1346.0909826545053,1289.5616715588337,780
d4_w300,QCOM,1785345000000,1785418200000,loss,-0.046,-19.938599103166137,433.44780659056823,433.44780659056823,2,1289.5616715588337,1269.6230724556676,170
d4_w300,TXN,1785250800000,1785423600000,timeout,-0.0016351364040345599,-0.6999314733041692,428.05693248413274,428.05693248413274,2,1325.4509209204698,1268.9231409823633,780
d4_w300,HPE,1785429300000,1785504600000,win,0.044000000000000004,18.80370804447646,427.3570010108286,427.3570010108286,2,1268.9231409823633,859.6699165427071,205
d4_w300,TXN,1785332100000,1785504900000,timeout,0.0015336541830157698,0.6564913050731891,428.05693248413274,428.05693248413274,2,1304.8108591864338,1288.3833403319131,780
d4_w300,AVGO,1785418200000,1785763800000,timeout,-0.015912148729782964,-6.579820010674225,413.5092074874021,413.5092074874021,2,1269.6230724556676,406.92938747672787,780
d4_w300,HPE,1785511800000,1785763800000,timeout,-0.018188675617141985,-7.956400904068598,437.43706642225555,874.8741328445111,1,1288.3833403319131,836.4100529949148,270
d4_w300,IBM,1785514500000,1785763800000,timeout,0.015756877273127808,6.892642170332538,437.43706642225555,437.43706642225555,2,1288.3833403319131,1280.739761587503,225
d4_w300,AMD,1785777300000,1785850200000,win,0.044000000000000004,18.784183169950044,426.91325386250094,853.8265077250019,1,1280.739761587503,445.697437032451,165
d4_w300,MU,1785777300000,1785850200000,win,0.044000000000000004,18.784183169950044,426.91325386250094,426.91325386250094,2,1280.739761587503,891.394874064902,165
d4_w300,QCOM,1785774600000,1785850200000,win,0.044000000000000004,18.784183169950044,426.913253862501,1280.739761587503,0,1280.739761587503,1337.0923110973529,210
d4_w300,MU,1785868800000,1786023000000,loss,-0.046,-20.502082103492743,445.697437032451,1337.0923110973529,0,1337.0923110973529,1316.5902289938601,470
d4_w300,MU,1786040700000,1786111200000,loss,-0.046,-20.18771684457252,438.86340966462,438.86340966462,2,1316.59022899386,1296.4025121492875,125
d4_w300,AMD,1786028400000,1786368600000,timeout,-0.04444492255118825,-19.50525025309444,438.86340966462006,1316.5902289938601,0,1316.5902289938601,419.3581594115256,690
d4_w300,MRVL,1786032000000,1786368600000,win,0.044000000000000004,19.309990025243284,438.86340966462,877.72681932924,1,1316.5902289938601,877.531559101389,630
d4_w300,MRVL,1786113900000,1786368600000,win,0.044000000000000004,18.421730484082094,418.6756928200475,418.6756928200475,2,1296.4025121492875,1314.6289824055186,315
d4_w300,MU,1786381200000,1786542300000,win,0.044000000000000004,19.281225075280943,438.20966080183956,1314.6289824055186,0,1314.6289824055186,1333.9102074807995,585
d4_w300,AMD,1786383300000,1786556100000,timeout,0.020995149806231968,9.200277475072717,438.2096608018395,876.419321603679,1,1314.6289824055186,904.9008241540328,780
d4_w300,ARM,1786386600000,1786559400000,timeout,0.002316294713223815,1.0150227205989022,438.2096608018395,438.2096608018395,2,1314.6289824055184,1344.125507676471,780
d4_w300,ARM,1786549200000,1786628700000,win,0.044000000000000004,20.129598978593304,457.4908858771205,457.4908858771205,2,1333.9102074807995,1364.2551066550645,275
d4_w300,IBM,1786560900000,1786733700000,timeout,-0.003144448045850007,-1.393988251949964,443.3173108996753,886.6346217993506,1,1344.125507676471,1362.8611184031145,780
d4_w300,MRVL,1786563000000,1786735800000,timeout,-0.011252926017710324,-4.988616901924333,443.3173108996753,443.3173108996753,2,1344.125507676471,438.328693997751,780
d4_w300,AVGO,1786734900000,1786973400000,timeout,0.003555243326334395,1.571144943594847,441.92332264772534,441.92332264772534,2,1362.8611184031145,881.8231615890711,45
d4_w300,TXN,1786641300000,1786973400000,timeout,0.010158018408947816,4.851677677654923,477.6204848557138,477.6204848557138,2,1364.2551066550645,1364.2953241224398,555
d4_w300,ARM,1786986300000,1787059800000,loss,-0.046,-20.91919496987741,454.7651080408133,454.7651080408133,2,1364.29532412244,888.6110211117491,175
d4_w300,INTC,1786974600000,1787059800000,loss,-0.046,-20.91919496987741,454.76510804081323,1364.2953241224398,0,1364.2953241224398,1322.456934182685,370
d4_w300,ARM,1787077800000,1787146200000,win,0.044000000000000004,19.08922017512118,433.84591307093586,867.6918261418717,1,1322.456934182685,452.93513324605703,90
d4_w300,AVGO,1787077800000,1787146500000,loss,-0.046,-19.95691200126305,433.84591307093586,433.84591307093586,2,1322.456934182685,866.8241343157298,95
d4_w300,ORCL,1786985100000,1787146500000,loss,-0.046,-20.91919496987741,454.7651080408133,909.5302160816266,1,1364.2953241224398,1300.6700473866656,590
d4_w300,ARM,1787159100000,1787331900000,timeout,-0.03282983505737857,-14.233594373259,433.5566824622219,1300.6700473866656,0,1300.6700473866656,419.3230880889629,780
d4_w300,ORCL,1787159100000,1787331900000,timeout,0.01398759760857527,6.064416414790402,433.55668246222183,867.1133649244437,1,1300.6700473866656,858.9441869659752,780
d4_w300,TXN,1787159100000,1787331900000,timeout,-0.03732950510200116,-16.18445638998021,433.55668246222183,433.55668246222183,2,1300.6700473866654,1276.3164130382168,780
d4_w300,INTC,1787337000000,1787578200000,timeout,-0.04412051078729961,-18.77057735648673,425.4388043460723,850.8776086921446,1,1276.3164130382168,406.66822698958555,90
d4_w300,MU,1787332200000,1787578200000,loss,-0.046,-19.570184999919324,425.43880434607223,1276.3164130382168,0,1276.3164130382168,812.5368463357385,170
d4_w300,QCOM,1787339400000,1787578200000,timeout,-0.019908757843637985,-8.469958133012833,425.4388043460723,425.4388043460723,2,1276.316413038217,1229.505692548798,50
d4_w300,DELL,1787582100000,1787751000000,win,0.044000000000000004,18.03275015738237,409.83523084959927,819.6704616991985,1,1229.505692548798,837.703211856581,715
d4_w300,AVGO,1787581800000,1787754600000,timeout,-0.036479826022191124,-14.95071791915792,409.8352308495993,1229.505692548798,0,1229.505692548798,1232.5877247870224,780
d4_w300,TXN,1787586300000,1787759100000,timeout,0.008478764478764505,3.474896397473833,409.83523084959927,409.83523084959927,2,1229.505692548798,1236.0626211844963,780
d4_w300,ARM,1787758500000,1787837400000,win,0.044000000000000004,18.10055486662331,411.37624696871154,822.7524939374231,1,1232.5877247870224,842.786929082408,265
d4_w300,INTC,1787758800000,1787837400000,win,0.044000000000000004,18.10055486662331,411.37624696871154,411.37624696871154,2,1232.5877247870224,1272.2637309177428,260
d4_w300,MRVL,1787845500000,1787923800000,loss,-0.046,-19.755932884425402,429.47680183533487,429.47680183533487,2,1272.263730917743,1252.5077980333176,255
d4_w300,MU,1787760000000,1787932800000,timeout,-0.028633574454971715,-11.834546301522902,413.3101272470731,413.3101272470731,2,1236.0626211844963,1240.6732517317946,780
d4_w300,AMD,1787926500000,1788183000000,timeout,-0.013514442326729043,-5.537149053494374,409.72086895090945,409.72086895090945,2,1252.5077980333176,404.1837198974151,345
d4_w300,MU,1787841300000,1788183000000,timeout,0.010530940628675994,4.522794701521557,429.47680183533487,858.9536036706697,1,1272.2637309177428,838.1833164342714,715
d4_w300,MU,1787940900000,1788183000000,timeout,0.004893160433522286,1.9644844277081404,401.47558094555023,401.47558094555023,2,1240.6732517317946,1241.6233818075298,105
d4_w300,ARM,1788184200000,1788269400000,loss,-0.046,-19.038225187715454,413.8744606025099,827.7489212050198,1,1241.6233818075298,808.7106960173044,370
d4_w300,HPE,1788183000000,1788270000000,loss,-0.046,-19.038225187715458,413.87446060250994,1241.6233818075298,0,1241.6233818075298,1203.5469314320987,400
d4_w300,AMD,1788185400000,1788358200000,timeout,-0.03329373185308148,-13.7794253121387,413.8744606025099,413.8744606025099,2,1241.6233818075298,1189.76750611996,780
d4_w300,INTC,1788279300000,1788452100000,timeout,0.010895701639798144,4.302017817660702,394.83623541479443,789.6724708295889,1,1203.5469314320987,799.2332885228263,780
d4_w300,MRVL,1788282600000,1788455400000,timeout,0.005757351429279472,2.273210964296693,394.83623541479443,394.83623541479443,2,1203.5469314320987,1196.3427349019175,780
d4_w300,INTC,1788360600000,1788528600000,win,0.044000000000000004,17.604181552776335,400.0950352903712,400.0950352903712,2,1189.76750611996,815.8230666489206,700
d4_w300,SNDK,1788458700000,1788528900000,win,0.044000000000000004,17.51744939145402,398.12384980577315,796.2476996115463,1,1196.3427349019175,1231.4643658461478,120
d4_w300,MRVL,1788463500000,1788534000000,win,0.044000000000000004,17.51744939145402,398.12384980577315,398.12384980577315,2,1196.3427349019175,1248.9818152376017,125
d4_w300,AVGO,1788530700000,1788874200000,timeout,0.030612853683708703,12.755465643125147,416.6702580201873,833.3405160403746,1,1231.4643658461478,429.42572366331245,355
d4_w300,AVGO,1788549000000,1788874200000,timeout,0.02992070517158952,12.451674357204409,416.15577860870724,416.15577860870724,2,1248.981815237602,858.033176629224,50
d4_w300,HPE,1788543000000,1788874200000,timeout,0.014160452007712992,5.892953930721032,416.15577860870724,832.3115572174145,1,1248.9818152376017,1280.0819091686521,150
d4_w300,ORCL,1788974100000,1789048200000,loss,-0.046,-19.627922607252668,426.69396972288405,1280.0819091686521,0,1280.0819091686521,1260.4539865613995,185
d4_w300,DELL,1789065000000,1789133700000,win,0.044000000000000004,18.342720370447342,416.8800084192577,416.8800084192577,2,1260.4539865613995,852.1027372089627,95
d4_w300,QCOM,1788974400000,1789134000000,win,0.044000000000000004,18.7745346678069,426.69396972288405,853.3879394457681,1,1280.0819091686521,1297.5712415996536,560
d4_w300,INTC,1789143900000,1789392600000,loss,-0.046,-20.255898363149107,440.345616590198,880.691233180396,1,1297.5712415996536,420.0897182270489,215
d4_w300,MU,1789146300000,1789392600000,loss,-0.046,-20.255898363149107,440.345616590198,440.345616590198,2,1297.5712415996536,840.1794364540979,175
d4_w300,QCOM,1789057200000,1789392600000,loss,-0.046,-19.176480387285853,416.8800084192577,833.7600168385154,1,1260.4539865613995,1237.8829644860696,610
d4_w300,ARM,1789410600000,1789583400000,timeout,0.00686065555932514,2.830896214031746,412.62765482868986,1237.8829644860696,0,1237.8829644860696,415.4585510427216,780
d4_w300,AVGO,1789410600000,1789583400000,timeout,-0.02785959305076912,-11.495638545020528,412.62765482868986,825.2553096573797,1,1237.8829644860696,816.590567326391,780
d4_w300,ORCL,1789410600000,1789583400000,timeout,-0.0033160829085827574,-1.368307513786004,412.62765482868986,412.62765482868986,2,1237.8829644860696,1227.8499146412948,780
d4_w300,MRVL,1789583700000,1789651800000,win,0.044000000000000004,18.008465414738993,409.2833048804316,818.5666097608632,1,1227.8499146412948,836.5750751756023,85
d4_w300,HPE,1789583700000,1789652700000,win,0.044000000000000004,18.008465414738993,409.2833048804316,1227.8499146412948,0,1227.8499146412948,1263.866845470773,100
d4_w300,IBM,1789654200000,1789740000000,loss,-0.046,-19.37929163055185,421.2889484902576,1263.866845470773,0,1263.866845470773,1244.4875538402212,380
d4_w300,AVGO,1789669800000,1789761300000,timeout,0.020723685137226562,8.730659520305359,421.28894849025767,421.28894849025767,2,1263.8668454707731,430.01960801056305,475
d4_w300,TXN,1789665000000,1789761300000,timeout,0.02098752556544748,8.84181257687977,421.28894849025767,842.5778969805153,1,1263.866845470773,860.1503690777005,555
d4_w300,TXN,1789746300000,1789761300000,timeout,0.005757589548881286,2.314030839929906,401.90965685970576,401.90965685970576,2,1244.4875538402212,1264.3740567773361,250
d5_w30,QCOM,1782914100000,1783003200000,loss,-0.046,-23.0,500.0,1000.0,1,1500.0,1477.0,435
d5_w30,ORCL,1782914100000,1783011900000,loss,-0.046,-23.0,500.0,1500.0,0,1500.0,1454.0,580
d5_w30,AMD,1783004100000,1783344600000,timeout,0.03953258092434787,18.857041100913932,477.0,477.0,2,1477.0,495.85704110091393,305
d5_w30,ARM,1783011900000,1783344600000,win,0.044000000000000004,20.988000000000003,477.0,477.0,2,1454.0,993.8450411009139,175
d5_w30,TXN,1782914100000,1783344600000,timeout,-0.0026319536175154427,-1.3159768087577213,500.0,500.0,2,1500.0,1492.5290642921561,755
d5_w30,ARM,1783346400000,1783431000000,loss,-0.046,-22.885445652479728,497.5096880973854,1492.5290642921561,0,1492.5290642921561,474.62424244490563,360
d5_w30,INTC,1783346400000,1783431000000,loss,-0.046,-22.885445652479728,497.5096880973854,995.0193761947708,1,1492.5290642921561,949.2484848898113,360
d5_w30,MRVL,1783346400000,1783431000000,loss,-0.046,-22.885445652479728,497.5096880973854,497.5096880973854,2,1492.5290642921561,1423.872727334717,360
d5_w30,DELL,1783432500000,1783435200000,loss,-0.046,-21.83271515246566,474.6242424449057,949.2484848898114,1,1423.872727334717,1402.0400121822513,45
d5_w30,AVGO,1783435200000,1783517400000,win,0.044000000000000004,19.922827200867363,452.79152729244004,452.79152729244004,2,1402.0400121822513,1421.9628393831188,320
d5_w30,AMD,1783432800000,1783603800000,win,0.044000000000000004,20.883466667575853,474.6242424449057,474.6242424449057,2,1423.8727273347172,495.50770911248156,750
d5_w30,AMD,1783517400000,1783603800000,win,0.044000000000000004,20.799431597705528,472.7143544933074,472.7143544933074,2,1421.9628393831188,989.0214952034944,390
d5_w30,HPE,1783431900000,1783603800000,win,0.044000000000000004,20.88346666757585,474.62424244490563,1423.872727334717,0,1423.872727334717,1484.529204315976,765
d5_w30,ARM,1783605900000,1783690200000,loss,-0.046,-22.762781132844964,494.8430681053253,494.8430681053253,2,1484.529204315976,472.08028697248034,355
d5_w30,INTC,1783605600000,1783690200000,loss,-0.046,-22.762781132844964,494.8430681053253,1484.529204315976,0,1484.529204315976,944.1605739449606,360
d5_w30,MRVL,1783605600000,1783690200000,loss,-0.046,-22.762781132844964,494.8430681053253,989.6861362106506,1,1484.529204315976,1416.2408609174408,360
d5_w30,AMD,1783690500000,1783949400000,timeout,-0.02520326987465659,-11.89796687507275,472.0802869724803,944.1605739449606,1,1416.2408609174408,460.1823200974075,385
d5_w30,IBM,1783690200000,1783949400000,timeout,-0.019122434949400573,-9.027324578525608,472.0802869724803,1416.2408609174408,0,1416.2408609174408,923.2352824913621,390
d5_w30,INTC,1783692000000,1783949400000,loss,-0.046,-21.715693200734094,472.0802869724803,472.0802869724803,2,1416.2408609174408,1373.5998762631084,360
d5_w30,DELL,1783951200000,1784035800000,win,0.044000000000000004,20.146131518525593,457.86662542103613,1373.5998762631084,0,1373.5998762631084,935.8793823605979,360
d5_w30,IBM,1783951200000,1784035800000,loss,-0.046,-21.061864769367663,457.86662542103613,915.7332508420723,1,1373.5998762631084,1372.6841430122663,360
d5_w30,INTC,1783951200000,1784124000000,timeout,0.008638408513505174,3.9552389550869633,457.86662542103613,457.86662542103613,2,1373.5998762631084,1376.6393819673533,780
d5_w30,QCOM,1784036400000,1784125500000,loss,-0.046,-21.040802904598298,457.40875879561514,457.40875879561514,2,1372.6841430122663,1355.598579062755,435
d5_w30,ARM,1784124000000,1784125800000,loss,-0.046,-21.24380576130166,461.8218643761231,461.8218643761231,2,1376.6393819673533,1334.3547733014534,30
d5_w30,AVGO,1784035800000,1784208600000,timeout,-0.023389336213290528,-10.698487246374553,457.40875879561514,914.8175175912303,1,1372.6841430122663,446.7102715492406,780
d5_w30,IBM,1784126400000,1784208600000,loss,-0.046,-20.266590696281785,440.57805861482143,440.57805861482143,2,1334.3547733014534,867.0217394677802,320
d5_w30,ORCL,1784125500000,1784209200000,loss,-0.046,-20.072925970986773,436.36795589101683,436.36795589101683,2,1355.598579062755,1283.3167693878104,345
d5_w30,ARM,1784210400000,1784219100000,win,0.044000000000000004,18.82197928435455,427.7722564626034,855.5445129252068,1,1283.3167693878104,1302.1387486721649,145
d5_w30,AMD,1784210400000,1784295000000,loss,-0.046,-19.67752379727976,427.7722564626035,1283.3167693878104,0,1283.3167693878104,408.0947326653237,360
d5_w30,AMD,1784219100000,1784295000000,loss,-0.046,-20.543334844360064,446.59423574695796,446.59423574695796,2,1302.1387486721649,834.1456335679215,215
d5_w30,AVGO,1784210400000,1784295000000,loss,-0.046,-19.677523797279758,427.7722564626034,427.7722564626034,2,1283.3167693878104,1242.2403662332454,360
d5_w30,SNDK,1784296500000,1784297400000,win,0.044000000000000004,18.219525371420932,414.08012207774846,414.08012207774846,2,1242.2403662332454,1260.4598916046664,15
d5_w30,MU,1784296500000,1784303700000,win,0.044000000000000004,18.219525371420932,414.08012207774846,1242.2403662332454,0,1242.2403662332454,1278.6794169760874,120
d5_w30,HPE,1784304900000,1784554200000,timeout,-0.01447640521355797,-6.258144870152428,432.2996474491694,432.2996474491694,2,1278.6794169760874,426.041502579017,225
d5_w30,INTC,1784298300000,1784554200000,win,0.044000000000000004,19.021184487763456,432.2996474491694,432.2996474491694,2,1260.4598916046664,877.3623345159498,335
d5_w30,ORCL,1784296500000,1784554200000,timeout,-0.005278817715919754,-2.185853484234233,414.08012207774846,828.1602441554969,1,1242.2403662332454,1289.256603109464,365
d5_w30,DELL,1784554800000,1784577300000,loss,-0.046,-19.76860124767845,429.75220103648803,1289.256603109464,0,1289.256603109464,839.7358008252976,375
d5_w30,ARM,1784555700000,1784640600000,win,0.044000000000000004,18.909096845605475,429.75220103648803,429.75220103648803,2,1289.256603109464,1288.3970987073913,365
d5_w30,HPE,1784555400000,1784727000000,win,0.044000000000000004,18.909096845605475,429.75220103648803,859.5044020729761,1,1289.256603109464,1307.3061955529965,760
d5_w30,IBM,1784642100000,1784813400000,loss,-0.046,-19.74883264643077,429.32244883545155,429.32244883545155,2,1288.397098707391,409.57361618902075,755
d5_w30,IBM,1784733900000,1784813400000,loss,-0.046,-20.6384197025763,448.6612978820935,448.6612978820935,2,1307.3061955529965,837.5964943685378,275
d5_w30,AVGO,1784641200000,1784814000000,timeout,0.03054169546674635,13.112235489370153,429.32244883545155,858.6448976709031,1,1288.3970987073913,1280.0311786933594,780
d5_w30,ORCL,1784815500000,1784900400000,loss,-0.046,-19.62714473996484,426.6770595644531,426.6770595644531,2,1280.0311786933594,1260.4040339533944,365
d5_w30,ARM,1784815200000,1784903700000,loss,-0.046,-19.627144739964844,426.67705956445315,1280.0311786933594,0,1280.0311786933594,1240.7768892134297,425
d5_w30,IBM,1784815200000,1784905200000,win,0.044000000000000004,18.77379062083594,426.6770595644531,853.3541191289062,1,1280.0311786933594,1259.5506798342656,450
d5_w30,INTC,1784900400000,1784917200000,loss,-0.046,-18.72429608192646,407.04991482448827,407.04991482448827,2,1260.4040339533944,1240.826383752339,280
d5_w30,AMD,1784904300000,1785159000000,timeout,-0.012000044643708291,-4.884617150111517,407.0499148244883,407.0499148244883,2,1240.7768892134297,402.1652976743768,315
d5_w30,INTC,1784917500000,1785159000000,timeout,-0.016796660118274402,-6.522573433237419,388.3256187425618,388.3256187425618,2,1240.826383752339,783.9683429837012,95
d5_w30,QCOM,1784905200000,1785159000000,timeout,0.002812121193400024,1.2526617764241104,445.450850185289,445.450850185289,2,1259.5506798342656,1230.6718549454142,300
d5_w30,SNDK,1785159300000,1785159900000,loss,-0.046,-18.870301775829684,410.22395164847137,410.22395164847137,2,1230.671854945414,1211.8015531695844,10
d5_w30,AMD,1785159000000,1785160800000,loss,-0.046,-18.870301775829684,410.2239516484714,1230.6718549454142,0,1230.6718549454142,1192.9312513937548,30
d5_w30,ARM,1785159000000,1785245400000,loss,-0.046,-18.870301775829684,410.22395164847137,820.4479032969427,1,1230.6718549454142,1174.0609496179252,390
d5_w30,QCOM,1785160800000,1785263100000,loss,-0.046,-18.00226789414152,391.35364987264177,391.35364987264177,2,1192.9312513937548,1156.0586817237836,655
d5_w30,TXN,1785159900000,1785332700000,timeout,-0.029525617835131183,-11.554958304523355,391.3536498726417,391.3536498726417,2,1211.8015531695844,1144.5037234192603,780
d5_w30,DELL,1785263100000,1785340500000,loss,-0.046,-17.17416357101101,373.3513819785002,373.3513819785002,2,1156.0586817237836,1127.3295598482491,240
d5_w30,SNDK,1785340500000,1785348000000,win,0.044000000000000004,15.671797609929525,356.1772184074892,356.1772184074892,2,1127.3295598482491,1143.0013574581787,125
d5_w30,AMD,1785348000000,1785418200000,win,0.044000000000000004,16.361356704766425,371.8490160174187,371.8490160174187,2,1143.0013574581787,388.2103727221851,120
d5_w30,QCOM,1785333300000,1785418200000,loss,-0.046,-17.47073981213344,379.79869156811833,379.79869156811833,2,1144.5037234192603,750.5383244781701,365
d5_w30,TXN,1785245400000,1785418200000,timeout,-0.010568736492843395,-4.136113601016445,391.3536498726417,391.3536498726417,2,1174.0609496179252,1137.7558607497954,780
d5_w30,HPE,1785418200000,1785504600000,win,0.044000000000000004,16.687085957663665,379.2519535832651,1137.7558607497954,0,1137.7558607497954,775.1909931241939,390
d5_w30,HPE,1785420300000,1785504600000,win,0.044000000000000004,16.68708595766367,379.25195358326516,379.25195358326516,2,1137.7558607497954,1171.1300326651226,355
d5_w30,AMD,1785505800000,1785763800000,loss,-0.046,-18.213195818882724,395.9390395409288,791.8780790818575,1,1171.1300326651226,377.7258437220461,370
d5_w30,DELL,1785505800000,1785763800000,loss,-0.046,-18.213195818882724,395.9390395409288,395.9390395409288,2,1171.1300326651226,755.4516874440922,370
d5_w30,QCOM,1785420000000,1785763800000,loss,-0.046,-17.445589864830197,379.25195358326516,758.5039071665303,1,1137.7558607497954,1117.258051162527,750
d5_w30,DELL,1785765300000,1785769200000,win,0.044000000000000004,16.386451417050395,372.419350387509,744.838700775018,1,1117.258051162527,1133.6445025795774,65
d5_w30,SNDK,1785765300000,1785773700000,win,0.044000000000000004,16.386451417050395,372.419350387509,372.419350387509,2,1117.258051162527,1150.0309539966279,140
d5_w30,AMD,1785765300000,1785850200000,win,0.044000000000000004,16.386451417050395,372.419350387509,1117.258051162527,0,1117.258051162527,388.8058018045594,365
d5_w30,AMD,1785769200000,1785850200000,win,0.044000000000000004,17.107455279400615,388.8058018045594,388.8058018045594,2,1133.6445025795774,794.7190588885194,300
d5_w30,ARM,1785774600000,1785850200000,win,0.044000000000000004,17.107455279400615,388.8058018045594,388.8058018045594,2,1150.0309539966279,1200.6323159724795,210
d5_w30,MU,1785852000000,1785937500000,win,0.044000000000000004,17.60927396759637,400.2107719908265,1200.6323159724795,0,1200.6323159724795,818.0308179492495,375
d5_w30,MU,1785854100000,1785937500000,win,0.044000000000000004,17.60927396759637,400.2107719908265,800.421543981653,1,1200.6323159724795,1235.8508639076722,340
d5_w30,MU,1785856200000,1786023000000,loss,-0.046,-18.40969551157802,400.2107719908265,400.2107719908265,2,1200.6323159724795,1217.4411683960943,680
d5_w30,AMD,1785949200000,1786122000000,timeout,-0.019632704416061346,-8.202937461406883,417.8200459584229,835.6400919168458,1,1235.8508639076722,1209.2382309346874,780
d5_w30,AMD,1785951300000,1786124100000,timeout,-0.016152435959952076,-6.748811535127659,417.8200459584229,417.8200459584229,2,1235.8508639076724,1202.4894193995597,780
d5_w30,AMD,1786122000000,1786368600000,timeout,-0.025245208454318317,-10.340869290462292,409.61710849701603,409.61710849701603,2,1209.2382309346874,399.2762392065537,180
d5_w30,AMD,1786124100000,1786368600000,timeout,-0.025999382233975125,-10.687598149163245,411.0712344232952,411.0712344232952,2,1202.4894193995597,799.6598754806857,145
d5_w30,MRVL,1786024500000,1786368600000,win,0.044000000000000004,16.799247365086934,381.8010764792485,381.8010764792485,2,1217.4411683960943,1198.2601993250212,755
d5_w30,DELL,1786369800000,1786455000000,loss,-0.046,-18.37332305631699,399.4200664416737,798.8401328833475,1,1198.2601993250212,1179.8868762687043,370
d5_w30,MRVL,1786455000000,1786541400000,win,0.044000000000000004,16.7660567089557,381.04674338535676,381.04674338535676,2,1179.8868762687043,797.2328665359862,390
d5_w30,MU,1786369500000,1786542300000,win,0.044000000000000004,17.574482923433646,399.4200664416737,1198.2601993250212,0,1198.2601993250212,1214.2274159010935,780
d5_w30,AMD,1786370400000,1786543200000,timeout,0.012957761202082146,5.175589840270993,399.4200664416737,399.4200664416737,2,1198.2601993250212,1219.4030057413645,780
d5_w30,ARM,1786544700000,1786628700000,win,0.044000000000000004,17.863985282256404,405.9996655058273,811.9993310116546,1,1219.4030057413645,423.8636507880837,350
d5_w30,ARM,1786546800000,1786628700000,win,0.044000000000000004,17.863985282256404,405.9996655058273,405.9996655058273,2,1219.4030057413645,847.7273015761674,315
d5_w30,ARM,1786542600000,1786629300000,win,0.044000000000000004,17.925761688107237,407.4036747297099,814.8073494594198,1,1214.2274159010935,1273.0567379939846,395
d5_w30,HPE,1786648500000,1786973400000,loss,-0.046,-19.52020331590776,424.3522459979948,848.7044919959897,1,1273.0567379939846,404.8320426820871,435
d5_w30,TXN,1786648200000,1786973400000,timeout,0.02358887104418029,10.009990408154973,424.3522459979949,1273.0567379939846,0,1273.0567379939846,839.194279088237,440
d5_w30,TXN,1786650300000,1786973400000,timeout,0.026563578149116925,11.272314049321025,424.3522459979948,424.3522459979948,2,1273.0567379939844,1274.8188391355527,405
d5_w30,ARM,1786975200000,1787059800000,loss,-0.046,-19.547222200078476,424.9396130451843,424.9396130451843,2,1274.818839135553,830.33200389029,360
d5_w30,AVGO,1786973400000,1787061000000,loss,-0.046,-19.547222200078473,424.9396130451842,1274.8188391355527,0,1274.8188391355527,1235.724394735396,410
d5_w30,HPE,1786974900000,1787064900000,loss,-0.046,-19.547222200078476,424.9396130451843,849.8792260903685,1,1274.8188391355527,1216.1771725353174,450
d5_w30,DELL,1787061300000,1787065800000,loss,-0.046,-18.648049978874866,405.39239084510575,810.7847816902115,1,1235.724394735396,1197.5291225564424,75
d5_w30,HPE,1787061300000,1787146500000,loss,-0.046,-18.648049978874866,405.39239084510575,405.39239084510575,2,1235.724394735396,1178.8810725775677,370
d5_w30,AVGO,1787065800000,1787146800000,loss,-0.046,-17.79023967984662,386.7443408662309,386.7443408662309,2,1197.5291225564424,1161.0908328977212,300
d5_w30,ARM,1787146500000,1787148000000,loss,-0.046,-17.79023967984662,386.7443408662309,386.7443408662309,2,1178.8810725775677,1143.3005932178744,25
d5_w30,AMD,1787064900000,1787237700000,timeout,-0.026956115445400768,-10.9278040883077,405.3923908451058,405.3923908451058,2,1216.1771725353174,1132.3727891295666,780
d5_w30,TXN,1787147400000,1787320200000,timeout,-0.019992964164941777,-7.376486123527683,368.95410118638426,368.95410118638426,2,1161.0908328977212,1124.996303006039,780
d5_w30,AVGO,1787148300000,1787321100000,timeout,0.01082913409470621,3.995453436539159,368.95410118638426,368.95410118638426,2,1143.3005932178744,1128.9917564425782,780
d5_w30,AMD,1787321400000,1787578200000,timeout,-0.01852871454773574,-6.910275838313326,372.9495546229234,372.9495546229234,2,1128.9917564425782,366.0392787846101,350
d5_w30,ARM,1787237700000,1787578200000,loss,-0.046,-18.14537099081271,394.4645867567981,394.4645867567981,2,1132.3727891295666,742.3584945505955,695
d5_w30,MU,1787320200000,1787578200000,loss,-0.046,-16.6325702928914,361.5776150628566,361.5776150628566,2,1124.996303006039,1087.3035393205607,370
d5_w30,DELL,1787578200000,1787751000000,timeout,0.03804057626725022,13.787217737724962,362.43451310685356,1087.3035393205607,0,1087.3035393205607,738.6562439514321,780
d5_w30,TXN,1787578500000,1787751300000,timeout,-0.006461040927700607,-2.341704222794623,362.4345131068536,724.8690262137072,1,1087.3035393205607,1098.749052835491,780
d5_w30,AVGO,1787579400000,1787752200000,timeout,-0.029595506184432734,-10.726432874105752,362.4345131068536,362.4345131068536,2,1087.303539320561,1088.0226199613853,780
d5_w30,ARM,1787751300000,1787837400000,win,0.044000000000000004,16.198919874030025,368.1572698643187,736.3145397286374,1,1098.749052835491,384.35618973834875,385
d5_w30,INTC,1787752800000,1787837400000,win,0.044000000000000004,15.475155530240908,351.7080802327479,351.7080802327479,2,1088.0226199613853,751.5394255013375,360
d5_w30,MRVL,1787751900000,1787837400000,win,0.044000000000000004,16.198919874030025,368.1572698643187,368.1572698643187,2,1098.749052835491,1135.8956152396863,375
d5_w30,INTC,1787838900000,1787925300000,win,0.044000000000000004,16.659802356848736,378.6318717465621,1135.8956152396863,0,1135.8956152396863,1152.5554175965349,390
d5_w30,MRVL,1787925600000,1788183000000,loss,-0.046,-18.183417008756898,395.29167410341086,395.29167410341086,2,1152.5554175965349,377.10825709465394,360
d5_w30,MU,1787838900000,1788183000000,timeout,0.009426756316714751,3.5692703886964336,378.63187174656207,757.2637434931241,1,1135.8956152396863,759.3093992299124,755
d5_w30,SNDK,1787840100000,1788183000000,timeout,0.013475453587459723,5.1022362144538,378.63187174656207,378.63187174656207,2,1135.8956152396863,1143.0435071909283,735
d5_w30,ARM,1788183600000,1788269700000,loss,-0.046,-17.5266671102609,381.01450239697607,1143.0435071909283,0,1143.0435071909283,744.5023376836913,385
d5_w30,HPE,1788184200000,1788270600000,loss,-0.046,-17.526667110260902,381.0145023969761,762.0290047939523,1,1143.0435071909283,1107.9901729704065,390
d5_w30,AMD,1788184500000,1788272700000,loss,-0.046,-17.526667110260902,381.0145023969761,381.0145023969761,2,1143.0435071909283,1090.4635058601457,420
d5_w30,AMD,1788271200000,1788444000000,timeout,-0.0313324188470132,-11.388953100997506,363.4878352867152,726.9756705734304,1,1107.9901729704065,715.5867174724328,780
d5_w30,ARM,1788271200000,1788444000000,timeout,-0.016865834306471476,-6.1305256023637344,363.4878352867152,363.4878352867152,2,1107.9901729704065,1072.9440271567844,780
d5_w30,AMD,1788273300000,1788446100000,timeout,-0.013372210287004633,-4.860635770222059,363.4878352867152,363.4878352867152,2,1090.4635058601457,1068.0833913865622,780
d5_w30,ARM,1788444000000,1788456000000,win,0.044000000000000004,15.608036221141521,354.72809593503456,354.72809593503456,2,1072.9440271567844,1083.6914276077036,200
d5_w30,HPE,1788456900000,1788463800000,win,0.044000000000000004,16.29478981487175,370.33613215617606,370.33613215617606,2,1083.6914276077036,386.6309219710478,115
d5_w30,AMD,1788444000000,1788528600000,win,0.044000000000000004,15.608036221141521,354.72809593503456,709.4561918700691,1,1072.9440271567844,756.967054127224,360
d5_w30,AMD,1788446100000,1788531000000,win,0.044000000000000004,15.779596778725699,358.62719951649314,358.62719951649314,2,1068.0833913865622,1131.3738504224427,365
d5_w30,AVGO,1788544800000,1788874200000,timeout,0.03256290954078112,12.280274782703744,377.1246168074809,1131.3738504224427,0,1131.3738504224427,389.40489159018466,120
d5_w30,HPE,1788549000000,1788874200000,timeout,0.030300086461042104,11.426908495854045,377.12461680748095,754.2492336149619,1,1131.3738504224427,777.9564168935196,50
d5_w30,HPE,1788551100000,1788874200000,timeout,0.020239866431331695,7.632951872150563,377.12461680748095,377.12461680748095,2,1131.373850422443,1162.7139855731514,15
d5_w30,ORCL,1788897000000,1789048200000,loss,-0.046,-17.828281112121655,387.57132852438383,387.57132852438383,2,1162.7139855731516,1144.88570446103,420
d5_w30,QCOM,1788895200000,1789058700000,win,0.044000000000000004,17.05313845507289,387.57132852438383,775.1426570487677,1,1162.7139855731514,1161.9388429161027,625
d5_w30,ORCL,1788894900000,1789065000000,loss,-0.046,-17.828281112121655,387.5713285243838,1162.7139855731514,0,1162.7139855731514,1144.110561803981,735
d5_w30,ARM,1789048800000,1789147800000,win,0.044000000000000004,16.268694086139536,369.7430474122622,369.7430474122622,2,1144.88570446103,1160.3792558901205,600
d5_w30,ARM,1789059300000,1789392600000,loss,-0.046,-18.61272548105501,404.6244669794567,404.6244669794567,2,1161.9388429161027,386.0117414984017,575
d5_w30,ARM,1789065600000,1789392600000,loss,-0.046,-17.008180180964057,369.7430474122621,369.7430474122621,2,1144.110561803981,738.7466087296998,470
d5_w30,ORCL,1789148400000,1789392600000,loss,-0.046,-17.75654010892648,386.0117414984017,386.0117414984017,2,1160.3792558901205,1107.0018101191752,140
d5_w30,AMD,1789394400000,1789480200000,win,0.044000000000000004,16.23602654841457,369.00060337305837,1107.0018101191752,0,1107.0018101191752,1123.2378366675898,380
d5_w30,ARM,1789394400000,1789567200000,timeout,0.007521194334212172,2.77532524741032,369.0006033730584,738.0012067461168,1,1107.0018101191752,757.0125585419416,780
d5_w30,AVGO,1789394400000,1789567200000,timeout,-0.02125426172629718,-7.842835401252561,369.0006033730584,369.0006033730584,2,1107.0018101191754,1118.1703265137476,780
d5_w30,ARM,1789567200000,1789651800000,win,0.044000000000000004,16.124541325030044,366.4668482961373,732.9336965922746,1,1118.1703265137476,767.8280195426403,360
d5_w30,MRVL,1789567500000,1789651800000,win,0.044000000000000004,16.124541325030044,366.4668482961373,366.4668482961373,2,1118.1703265137476,1150.4194091638078,355
d5_w30,AVGO,1789480500000,1789653300000,timeout,0.005035360652332793,1.9398053681438747,385.23662992147297,385.23662992147297,2,1123.2378366675898,1152.3592145319515,780
d5_w30,IBM,1789653000000,1789739700000,loss,-0.046,-17.5992039225737,382.59138962116737,765.1827792423347,1,1150.4194091638078,1134.7600106093778,395
d5_w30,AVGO,1789653600000,1789761300000,timeout,0.02059113144302583,7.9251952316750245,384.8839124553921,769.7678249107842,1,1152.3592145319515,392.8091076870671,745
d5_w30,IBM,1789740300000,1789761300000,timeout,-0.009904528835073196,-3.6150756278281118,364.9921856985937,364.9921856985937,2,1134.7600106093778,754.1862177578327,350
d5_w30,ORCL,1789653600000,1789761300000,timeout,-0.012762142760339929,-4.911943436913889,384.8839124553921,384.8839124553921,2,1152.3592145319517,1134.158186776311,745
d5_w60,QCOM,1782915900000,1783002600000,loss,-0.046,-23.0,500.0,1000.0,1,1500.0,1477.0,395
d5_w60,ARM,1783002600000,1783007400000,loss,-0.046,-21.942,477.0,477.0,2,1477.0,955.058,80
d5_w60,ORCL,1782915900000,1783008000000,loss,-0.046,-23.0,500.0,1500.0,0,1500.0,1432.058,485
d5_w60,AMD,1783010400000,1783344600000,win,0.044000000000000004,20.505276000000002,466.029,932.058,1,1432.058,486.534276,200
d5_w60,QCOM,1783010400000,1783344600000,win,0.044000000000000004,20.505276000000002,466.029,466.029,2,1432.058,973.068552,200
d5_w60,TXN,1782915900000,1783344600000,timeout,0.002716370072865187,1.3581850364325936,500.0,500.0,2,1500.0,1474.4267370364325,725
d5_w60,ARM,1783348200000,1783431000000,loss,-0.046,-22.607876634558632,491.4755790121442,982.9511580242884,1,1474.4267370364325,960.3432813897298,330
d5_w60,MU,1783348200000,1783431000000,loss,-0.046,-22.607876634558632,491.4755790121442,491.4755790121442,2,1474.4267370364325,1429.2109837673154,330
d5_w60,DELL,1783433700000,1783517400000,win,0.044000000000000004,20.630178904613768,468.8677023775856,468.8677023775856,2,1429.2109837673154,1449.8411626719292,345
d5_w60,ORCL,1783345200000,1783518000000,timeout,-0.014692290219844523,-7.22090184281255,491.4755790121442,1474.4267370364325,0,1474.4267370364325,1442.6202608291167,780
d5_w60,AMD,1783517700000,1783603800000,win,0.044000000000000004,21.537906776416776,489.4978812821994,489.4978812821994,2,1449.8411626719292,511.03578805861616,385
d5_w60,HPE,1783431000000,1783603800000,win,0.044000000000000004,20.630178904613768,468.8677023775856,937.7354047551712,1,1429.2109837673154,1000.5336693408155,780
d5_w60,ORCL,1783518000000,1783604700000,win,0.044000000000000004,21.307205795450592,484.2546771693316,484.2546771693316,2,1442.6202608291167,1506.0955523055977,395
d5_w60,SNDK,1783607400000,1783618500000,win,0.044000000000000004,22.089401433815432,502.03185076853254,1004.0637015370651,1,1506.0955523055977,1528.184953739413,185
d5_w60,ARM,1783608000000,1783690200000,loss,-0.046,-23.093465135352496,502.03185076853254,502.03185076853254,2,1506.0955523055977,1003.059637835528,320
d5_w60,MU,1783607400000,1783690200000,loss,-0.046,-23.0934651353525,502.0318507685326,1506.0955523055977,0,1506.0955523055977,1481.998023468708,330
d5_w60,AMD,1783690500000,1783949400000,timeout,-0.02520326987465659,-12.070813386445387,478.93838563318,957.87677126636,1,1481.998023468708,466.86757224673465,385
d5_w60,IBM,1783619700000,1783949400000,timeout,-0.010068179353122314,-5.276946769956293,524.1212522023479,524.1212522023479,2,1528.184953739413,985.7118776791262,515
d5_w60,IBM,1783690500000,1783949400000,timeout,-0.018889318713617646,-9.046819810410652,478.93838563318,478.93838563318,2,1481.998023468708,1455.6034435018958,385
d5_w60,DELL,1783952400000,1784035800000,win,0.044000000000000004,21.34885050469447,485.20114783396525,970.4022956679305,1,1455.6034435018958,991.751146172625,340
d5_w60,IBM,1783949700000,1784035800000,loss,-0.046,-22.319252800362403,485.20114783396525,1455.6034435018958,0,1455.6034435018958,1454.633041206228,385
d5_w60,QCOM,1784035800000,1784037900000,loss,-0.046,-22.29693354756204,484.7159466861313,969.4318933722626,1,1454.633041206228,1432.3361076586657,35
d5_w60,HPE,1783952700000,1784122200000,win,0.044000000000000004,21.34885050469447,485.20114783396525,485.20114783396525,2,1455.6034435018958,1453.6849581633603,725
d5_w60,MRVL,1784038200000,1784124900000,loss,-0.046,-21.784104075968113,473.5674799123503,947.1349598247006,1,1432.3361076586657,925.3508557487324,395
d5_w60,ARM,1784122200000,1784125800000,loss,-0.046,-23.30129992357835,506.54999833865975,506.54999833865975,2,1453.6849581633603,1408.5995541638138,60
d5_w60,ORCL,1784125800000,1784209200000,loss,-0.046,-21.505737707783663,467.51603712573177,935.0320742514635,1,1408.5995541638138,919.5777793302984,340
d5_w60,QCOM,1784126400000,1784209500000,loss,-0.046,-21.505737707783663,467.51603712573177,467.51603712573177,2,1408.5995541638138,1365.5880787482465,335
d5_w60,AVGO,1784038800000,1784211600000,timeout,-0.02616739093810793,-12.392025382441044,473.5674799123503,473.5674799123503,2,1432.336107658666,1353.1960533658055,780
d5_w60,AMD,1784212200000,1784295000000,loss,-0.046,-20.86527234080072,453.5928769739287,907.1857539478574,1,1353.1960533658055,432.72760463312795,330
d5_w60,AVGO,1784212200000,1784295000000,loss,-0.046,-20.86527234080072,453.5928769739287,453.5928769739287,2,1353.1960533658055,865.4552092662559,330
d5_w60,DELL,1784210400000,1784295000000,loss,-0.046,-20.516473773225613,446.01029941794815,892.0205988358963,1,1365.5880787482465,1290.9490349109783,360
d5_w60,ARM,1784296500000,1784304300000,win,0.044000000000000004,18.93391917869435,430.3163449703261,860.6326899406522,1,1290.9490349109783,1309.8829540896727,130
d5_w60,HPE,1784296500000,1784554200000,timeout,0.008905409512199874,3.8321432717538246,430.3163449703261,430.3163449703261,2,1290.9490349109783,434.1484882420799,365
d5_w60,HPE,1784304300000,1784554200000,timeout,-0.012100274176162546,-5.436051369916594,449.25026414902044,449.25026414902044,2,1309.8829540896727,877.9627010211836,235
d5_w60,ORCL,1784295000000,1784554200000,timeout,-0.0005654731096786884,-0.24333232173593752,430.3163449703261,1290.9490349109783,0,1290.9490349109783,1308.0357136697737,390
d5_w60,SNDK,1784554200000,1784574900000,loss,-0.046,-20.056547609603196,436.0119045565912,1308.0357136697737,0,1308.0357136697737,1287.9791660601707,345
d5_w60,ARM,1784555100000,1784640600000,win,0.044000000000000004,19.18452380049002,436.0119045565913,872.0238091131826,1,1308.0357136697737,891.2083329136726,375
d5_w60,DELL,1784574900000,1784640600000,win,0.044000000000000004,18.302035705667475,415.95535694698805,415.95535694698805,2,1287.9791660601707,1325.465725566328,45
d5_w60,AVGO,1784555700000,1784728500000,timeout,0.017213588822741606,7.50532964685762,436.0119045565913,436.0119045565913,2,1308.035713669774,1332.9710552131855,780
d5_w60,IBM,1784643900000,1784813400000,loss,-0.046,-20.457437883223946,444.7269105048684,444.7269105048684,2,1325.465725566328,868.9963831265129,725
d5_w60,IBM,1784735700000,1784813400000,loss,-0.046,-20.401792773358647,443.5172342034489,443.5172342034489,2,1332.9710552131855,1292.111824556603,245
d5_w60,AVGO,1784642700000,1784815500000,timeout,0.028058897026072456,12.478546586579442,444.7269105048684,889.4538210097368,1,1325.465725566328,1304.5903711431824,780
d5_w60,ORCL,1784817300000,1784900400000,loss,-0.046,-20.26065202469825,440.4489570586576,440.4489570586576,2,1304.5903711431824,1284.3297191184843,335
d5_w60,ARM,1784817000000,1784903700000,loss,-0.046,-20.26065202469825,440.4489570586576,880.8979141173152,1,1304.5903711431824,1264.069067093786,395
d5_w60,IBM,1784815200000,1784905200000,win,0.044000000000000004,18.642468109138164,423.6924570258673,847.3849140517347,1,1292.111824556603,1282.711535202924,450
d5_w60,INTC,1784900400000,1784917200000,loss,-0.046,-19.32866203156213,420.18830503395935,420.18830503395935,2,1284.3297191184843,1263.382873171362,280
d5_w60,AMD,1784904300000,1785159000000,timeout,-0.012000044643708291,-5.0422784191716294,420.18830503395935,420.18830503395935,2,1264.069067093786,415.14602661478773,315
d5_w60,QCOM,1784905500000,1785159000000,timeout,0.00691318436150668,3.057942886991548,442.3349251350055,442.3349251350055,2,1282.711535202924,860.5388946367848,295
d5_w60,QCOM,1784917200000,1785159000000,timeout,0.005763919042951487,2.310522529852252,400.8596430023972,400.8596430023972,2,1263.382873171362,1263.7090601690343,100
d5_w60,AMD,1785159000000,1785160800000,loss,-0.046,-19.376872255925193,421.2363533896781,1263.7090601690343,0,1263.7090601690343,1244.332187913109,30
d5_w60,ARM,1785160500000,1785162900000,loss,-0.046,-19.376872255925193,421.23635338967813,421.23635338967813,2,1263.7090601690343,1224.955315657184,40
d5_w60,ORCL,1785162900000,1785245400000,loss,-0.046,-18.485536132152635,401.8594811337529,401.8594811337529,2,1224.955315657184,1206.4697795250313,325
d5_w60,QCOM,1785160800000,1785263100000,loss,-0.046,-18.48553613215263,401.85948113375287,401.85948113375287,2,1244.332187913109,1187.9842433928786,655
d5_w60,TXN,1785159600000,1785332400000,timeout,-0.016238368382546657,-6.8401910824622,421.23635338967813,842.4727067793563,1,1263.7090601690343,1181.1440523104166,780
d5_w60,INTC,1785332400000,1785335100000,loss,-0.046,-19.062223466131933,414.39616230721595,414.39616230721595,2,1181.1440523104166,1162.0818288442847,45
d5_w60,TXN,1785247500000,1785420300000,timeout,0.014066764818738925,5.392831121969663,383.3739450016003,383.3739450016003,2,1206.4697795250313,1167.4746599662542,780
d5_w60,TXN,1785263100000,1785435900000,timeout,0.000643386189664202,0.24665750169111292,383.37394500160025,383.37394500160025,2,1187.9842433928786,1167.7213174679455,780
d5_w60,AVGO,1785335700000,1785504600000,win,0.044000000000000004,17.3946933090077,395.33393884108403,395.33393884108403,2,1162.0818288442847,1185.116010776953,715
d5_w60,AMD,1785505500000,1785763800000,loss,-0.046,-18.98551707890422,412.72863215009176,412.72863215009176,2,1185.116010776953,393.74311507118756,375
d5_w60,QCOM,1785421800000,1785763800000,timeout,-0.04233839969967212,-16.45976315747265,388.76677612356997,388.76677612356997,2,1167.4746599662542,766.0501280372848,720
d5_w60,QCOM,1785437400000,1785763800000,timeout,-0.039908432075858584,-15.309696757902548,383.62060250329137,383.62060250329137,2,1167.7213174679455,1134.3610337826735,460
d5_w60,SNDK,1785766800000,1785778800000,win,0.044000000000000004,16.637295162145882,378.12034459422455,378.12034459422455,2,1134.3610337826735,1150.9983289448196,200
d5_w60,DELL,1785766800000,1785779700000,win,0.044000000000000004,16.63729516214588,378.1203445942245,1134.3610337826735,0,1134.3610337826735,1167.6356241069652,215
d5_w60,AMD,1785778800000,1785850200000,win,0.044000000000000004,17.3693361492803,394.75763975637045,394.75763975637045,2,1150.9983289448196,412.12697590565074,140
d5_w60,QCOM,1785766800000,1785850200000,win,0.044000000000000004,16.637295162145882,378.12034459422455,756.2406891884491,1,1134.3610337826735,806.8846156620211,340
d5_w60,SNDK,1785781200000,1785850200000,win,0.044000000000000004,17.3693361492803,394.7576397563704,394.7576397563704,2,1167.6356241069652,1219.0115915676718,100
d5_w60,MU,1785853800000,1785937800000,win,0.044000000000000004,17.878836676325854,406.3371971892239,1219.0115915676718,0,1219.0115915676718,1236.8904282439976,350
d5_w60,MU,1785858600000,1786023000000,loss,-0.046,-18.6915110707043,406.33719718922396,812.6743943784479,1,1219.0115915676718,1218.1989171732935,640
d5_w60,AMD,1785951000000,1786123800000,timeout,-0.01548264810569499,-6.429581704734523,415.27661552738687,830.5532310547737,1,1236.8904282439976,1211.769335468559,780
d5_w60,AMD,1785954900000,1786127700000,timeout,-0.022367812850405226,-9.288829617266275,415.27661552738687,415.27661552738687,2,1236.8904282439976,1202.4805058512925,780
d5_w60,AMD,1786025700000,1786368600000,timeout,-0.039299775623613746,-15.234388485919625,387.6456861185197,387.6456861185197,2,1218.1989171732935,372.41129763260005,735
d5_w60,DELL,1786123800000,1786368600000,timeout,0.01228222492854148,5.021551230776822,408.84703382265235,408.84703382265235,2,1211.769335468559,786.2798826860292,150
d5_w60,DELL,1786127700000,1786368600000,timeout,0.009123082602261917,3.7038601063674568,405.9877859101206,405.9877859101206,2,1202.4805058512925,1195.9715287025172,85
d5_w60,MU,1786370100000,1786458000000,loss,-0.046,-18.338230106771928,398.65717623417237,1195.9715287025172,0,1195.9715287025172,1177.6332985957454,415
d5_w60,INTC,1786458000000,1786541400000,win,0.044000000000000004,16.734033629605623,380.31894612740047,380.31894612740047,2,1177.6332985957454,397.0529797570061,340
d5_w60,AMD,1786371900000,1786544700000,timeout,0.02441090034512384,9.731580600920855,398.6571762341724,797.3143524683449,1,1195.9715287025172,805.4417365920993,780
d5_w60,ARM,1786372200000,1786545000000,timeout,-0.01663203201010887,-6.630478916186369,398.6571762341724,398.6571762341724,2,1195.9715287025174,1197.4684339100854,780
d5_w60,ARM,1786545300000,1786628700000,win,0.044000000000000004,17.56287036401459,399.15614463669516,1197.4684339100854,0,1197.4684339100854,416.71901500070976,340
d5_w60,ARM,1786549200000,1786628700000,win,0.044000000000000004,17.562870364014586,399.1561446366951,798.3122892733902,1,1197.4684339100854,833.4380300014194,275
d5_w60,ARM,1786553100000,1786628700000,win,0.044000000000000004,17.562870364014586,399.1561446366951,399.1561446366951,2,1197.4684339100854,1250.157045002129,210
d5_w60,HPE,1786650300000,1786973400000,loss,-0.046,-19.169074690032645,416.71901500070965,833.4380300014193,1,1250.157045002129,397.549940310677,405
d5_w60,HPE,1786717200000,1786973400000,timeout,-0.036732854733342195,-15.307279042642515,416.71901500070965,416.71901500070965,2,1250.157045002129,798.9616762687441,340
d5_w60,TXN,1786650000000,1786973400000,timeout,0.027527337757028876,11.471165075700918,416.7190150007097,1250.157045002129,0,1250.157045002129,1227.1518563451546,410
d5_w60,ARM,1786977000000,1787059800000,loss,-0.046,-18.816328463959035,409.0506187817182,818.1012375634364,1,1227.1518563451546,1208.3355278811955,330
d5_w60,AVGO,1786974000000,1787062200000,loss,-0.046,-18.816328463959035,409.0506187817182,1227.1518563451546,0,1227.1518563451546,1189.5191994172365,420
d5_w60,ARM,1787063400000,1787146200000,win,0.044000000000000004,17.170308773981404,390.23429031775913,390.23429031775913,2,1189.5191994172365,797.6388894094996,330
d5_w60,DELL,1786977000000,1787146500000,loss,-0.046,-18.816328463959035,409.0506187817182,409.0506187817182,2,1227.1518563451546,1187.8731797272587,725
d5_w60,ARM,1787146500000,1787148000000,loss,-0.046,-18.34569445641849,398.8194447047498,797.6388894094996,1,1187.8731797272587,1169.5274852708403,25
d5_w60,IBM,1787059800000,1787232600000,timeout,0.01707791578559515,6.664388346698179,390.23429031775913,390.23429031775913,2,1208.3355278811955,1176.1918736175385,780
d5_w60,MU,1787148300000,1787255700000,win,0.044000000000000004,17.144450288967786,389.64659747654053,779.2931949530811,1,1169.5274852708403,1193.336323906506,740
d5_w60,AVGO,1787150100000,1787322900000,timeout,0.016583746681984264,6.461800468048037,389.64659747654053,389.64659747654053,2,1169.5274852708403,1199.7981243745542,780
d5_w60,AVGO,1787232600000,1787578200000,timeout,-0.009681680578506153,-3.8426462288604304,396.8986786644573,396.8986786644573,2,1176.1918736175385,393.0560324355969,780
d5_w60,INTC,1787255700000,1787578200000,loss,-0.046,-18.712388197213382,406.7910477655083,406.7910477655083,2,1193.336323906506,781.1346920038918,395
d5_w60,TXN,1787322900000,1787578200000,timeout,-0.014369868243170209,-5.692025488476971,396.10839794458855,396.10839794458855,2,1199.7981243745542,1171.5510644600033,325
d5_w60,DELL,1787580900000,1787665200000,win,0.044000000000000004,17.182748945413383,390.5170214866678,390.5170214866678,2,1171.5510644600033,1188.7338134054166,355
d5_w60,SNDK,1787665200000,1787751000000,loss,-0.046,-18.754189439875734,407.69977043208115,407.69977043208115,2,1188.7338134054166,779.4626024788731,380
d5_w60,TXN,1787578200000,1787751000000,timeout,-0.011728798857876694,-4.5802955955942375,390.5170214866678,1171.5510644600033,0,1171.5510644600033,1165.3993283699465,780
d5_w60,AVGO,1787579400000,1787752200000,timeout,-0.029595506184432734,-11.557548924534927,390.5170214866678,781.0340429733355,1,1171.5510644600033,1153.8417794454117,780
d5_w60,ARM,1787752200000,1787837400000,win,0.044000000000000004,16.674216792733848,378.9594725621329,378.9594725621329,2,1153.8417794454117,783.0748427965061,370
d5_w60,INTC,1787751000000,1787837400000,win,0.044000000000000004,17.047410751432135,387.4411534416394,774.8823068832788,1,1165.3993283699465,1187.5634069895777,390
d5_w60,MU,1787837700000,1787845500000,loss,-0.046,-18.40281183160258,400.06112677396914,800.1222535479383,1,1187.5634069895777,1169.1605951579752,130
d5_w60,MU,1787751000000,1787923800000,timeout,-0.025634969154001534,-9.932042017467202,387.4411534416394,387.4411534416394,2,1165.3993283699467,1159.228553140508,780
d5_w60,ARM,1787924100000,1787935200000,loss,-0.046,-17.36541912551192,377.5091114241722,377.5091114241722,2,1159.228553140508,1141.863134014996,185
d5_w60,HPE,1787935500000,1788183000000,timeout,0.00463428361021046,1.6690080105403604,360.1436922986603,360.1436922986603,2,1141.863134014996,361.8127003092007,195
d5_w60,MU,1787845800000,1788183000000,timeout,0.022598662850307656,8.624967583399078,381.65831494236653,381.65831494236653,2,1169.1605951579752,752.0959828349663,640
d5_w60,SNDK,1787839500000,1788183000000,timeout,0.02055380548620512,8.222778582304208,400.06112677396914,400.06112677396914,2,1187.5634069895777,1160.3798881912398,745
d5_w60,ARM,1788183300000,1788270000000,loss,-0.046,-17.792491618932342,386.7932960637466,1160.3798881912398,0,1160.3798881912398,755.7941005085609,395
d5_w60,HPE,1788183300000,1788271800000,loss,-0.046,-17.792491618932345,386.79329606374665,773.5865921274933,1,1160.3798881912398,1124.7949049533752,425
d5_w60,AMD,1788186300000,1788359100000,timeout,-0.02082137950371609,-8.053570006836484,386.79329606374665,386.79329606374665,2,1160.3798881912398,1116.7413349465387,780
d5_w60,AMD,1788359400000,1788442200000,loss,-0.046,-17.422027398617868,378.7397260569102,378.7397260569102,2,1116.7413349465387,1099.3193075479207,330
d5_w60,AMD,1788273000000,1788445800000,timeout,-0.014379287738364494,-5.305968742799952,369.00080444481426,738.0016088896285,1,1124.7949049533752,725.0125343603066,780
d5_w60,ARM,1788273000000,1788445800000,timeout,-0.013539083187918738,-4.995932587787275,369.00080444481426,369.00080444481426,2,1124.7949049533752,1089.0174062173337,780
d5_w60,ARM,1788445800000,1788457500000,win,0.044000000000000004,16.009393566298908,363.84985377952063,727.6997075590413,1,1089.0174062173337,1105.0267997836324,195
d5_w60,HPE,1788458400000,1788464100000,win,0.044000000000000004,16.713806883216062,379.85924734581954,379.85924734581954,2,1105.0267997836324,396.5730542290356,95
d5_w60,AVGO,1788445800000,1788528600000,win,0.044000000000000004,16.009393566298908,363.84985377952063,363.84985377952063,2,1089.0174062173335,776.4323015748552,330
d5_w60,MRVL,1788445200000,1788530100000,win,0.044000000000000004,15.897978740964865,361.31769865829233,361.31769865829233,2,1099.3193075479207,1153.6479789741124,365
d5_w60,AVGO,1788546600000,1788874200000,timeout,0.02816190906287242,10.82964315814517,384.54932632470417,1153.6479789741124,0,1153.6479789741124,779.9282958075534,90
d5_w60,HPE,1788550800000,1788874200000,timeout,0.019246552311610328,7.401248725502929,384.5493263247041,769.0986526494082,1,1153.6479789741124,1171.8788708577604,20
d5_w60,QCOM,1788897000000,1789058400000,win,0.044000000000000004,17.18755677258049,390.62629028592016,781.2525805718403,1,1171.8788708577604,1189.066427630341,590
d5_w60,ORCL,1788896700000,1789064100000,loss,-0.046,-17.968809353152324,390.6262902859201,1171.8788708577604,0,1171.8788708577604,1171.0976182771885,690
d5_w60,ORCL,1788963600000,1789068600000,loss,-0.046,-17.968809353152327,390.62629028592016,390.62629028592016,2,1171.8788708577604,1153.1288089240363,700
d5_w60,HPE,1789069200000,1789133400000,win,0.044000000000000004,16.396929161041786,372.65748093276784,372.65748093276784,2,1153.1288089240363,1169.525738085078,20
d5_w60,DELL,1789058400000,1789133700000,win,0.044000000000000004,17.94380927057403,407.81384705850064,407.81384705850064,2,1189.066427630341,814.8120664228843,205
d5_w60,DELL,1789066200000,1789133700000,win,0.044000000000000004,16.396929161041783,372.6574809327678,372.6574809327678,2,1171.0976182771885,1203.8664765166939,75
d5_w60,ORCL,1789133700000,1789136400000,loss,-0.046,-18.740677527726337,407.40603321144215,814.8120664228843,1,1203.8664765166939,1185.1257989889677,45
d5_w60,ARM,1789133400000,1789392600000,loss,-0.046,-17.89650286431524,389.0544100938096,389.0544100938096,2,1169.525738085078,371.15790722949436,390
d5_w60,MRVL,1789135200000,1789392600000,loss,-0.046,-18.740677527726337,407.40603321144215,407.40603321144215,2,1203.866476516694,759.8232629132101,360
d5_w60,MU,1789137000000,1789392600000,loss,-0.046,-17.878606361450927,388.6653556837158,388.6653556837158,2,1185.1257989889677,1130.6100122354749,330
d5_w60,AMD,1789396200000,1789480500000,win,0.044000000000000004,16.582280179453633,376.8700040784916,1130.6100122354749,0,1130.6100122354749,1147.1922924149285,355
d5_w60,ARM,1789396200000,1789569000000,timeout,-0.0029586375448622474,-1.1150217435990137,376.87000407849166,753.7400081569833,1,1130.6100122354749,769.2072665928379,780
d5_w60,AVGO,1789396200000,1789569000000,timeout,-0.017981879593147225,-6.776831035608341,376.87000407849166,376.87000407849166,2,1130.610012235475,1139.3004396357212,780
d5_w60,ARM,1789482600000,1789651800000,win,0.044000000000000004,17.31190050734959,393.4522842579452,393.4522842579452,2,1147.1922924149285,783.6882624541828,720
d5_w60,ARM,1789569000000,1789651800000,win,0.044000000000000004,16.40865941831107,372.92407768888796,745.8481553777759,1,1139.3004396357212,1173.0209995613818,330
d5_w60,AVGO,1789569000000,1789738200000,win,0.044000000000000004,16.40865941831107,372.92407768888796,372.92407768888796,2,1139.3004396357212,1189.429658979693,720
d5_w60,AVGO,1789655400000,1789761300000,timeout,0.016263528667641143,6.50619961288237,400.04846093624695,400.04846093624695,2,1173.0209995613818,406.5546605491293,715
d5_w60,IBM,1789654800000,1789761300000,timeout,-0.04271071859003794,-17.08635723742583,400.04846093624695,800.0969218724939,1,1173.0209995613818,789.5167642479505,725
d5_w60,IBM,1789742100000,1789761300000,timeout,-0.008259642902421755,-3.2157493787279114,389.332737107199,389.332737107199,2,1189.429658979693,1175.6337519764218,320
d5_w120,QCOM,1782919500000,1783002600000,loss,-0.046,-23.0,500.0,1000.0,1,1500.0,1477.0,335
d5_w120,ORCL,1782919500000,1783007700000,loss,-0.046,-23.0,500.0,1500.0,0,1500.0,1454.0,420
d5_w120,AMD,1783010400000,1783344600000,win,0.044000000000000004,20.988000000000003,477.0,477.0,2,1454.0,497.988,200
d5_w120,ORCL,1783005000000,1783344600000,timeout,0.0026197150010698386,1.249604055510313,477.0,477.0,2,1477.0,976.2376040555104,290
d5_w120,TXN,1782919500000,1783344600000,timeout,0.002108062511598568,1.0540312557992841,500.0,500.0,2,1500.0,1477.2916353113098,665
d5_w120,ARM,1783351800000,1783431000000,loss,-0.046,-22.65180507477342,492.43054510377,984.86109020754,1,1477.2916353113098,962.2092851327666,270
d5_w120,INTC,1783351800000,1783431000000,loss,-0.046,-22.65180507477342,492.43054510377,492.43054510377,2,1477.29163531131,1431.988025161763,270
d5_w120,DELL,1783432200000,1783517400000,win,0.044000000000000004,20.670264561275854,469.7787400289966,939.5574800579932,1,1431.988025161763,1452.6582897230392,370
d5_w120,ORCL,1783349700000,1783522500000,timeout,-0.029278801144481663,-14.417776007561988,492.43054510376993,1477.2916353113098,0,1477.2916353113098,1438.240513715477,780
d5_w120,ARM,1783517400000,1783524300000,loss,-0.046,-22.56065421115253,490.44900459027247,490.44900459027247,2,1452.6582897230392,1415.6798595043244,115
d5_w120,SNDK,1783524000000,1783539900000,win,0.044000000000000004,21.03256184023315,478.01276909620793,478.01276909620793,2,1438.240513715477,499.0453309364411,265
d5_w120,AMD,1783527000000,1783603800000,win,0.044000000000000004,20.58708741668128,467.8883503791199,467.8883503791199,2,1415.6798595043244,987.5207687322422,230
d5_w120,HPE,1783434300000,1783603800000,win,0.044000000000000004,20.670264561275854,469.7787400289966,469.7787400289966,2,1431.9880251617633,1477.9697733225148,725
d5_w120,ARM,1783611300000,1783690200000,loss,-0.046,-22.662203190945228,492.65659110750494,492.65659110750494,2,1477.9697733225148,469.99438791655973,265
d5_w120,MU,1783611000000,1783690200000,loss,-0.046,-22.662203190945228,492.65659110750494,985.3131822150099,1,1477.9697733225148,939.9887758331195,270
d5_w120,MRVL,1783611000000,1783690500000,loss,-0.046,-22.662203190945228,492.65659110750494,1477.9697733225148,0,1477.9697733225148,1409.983163749679,275
d5_w120,AMD,1783693800000,1783949400000,timeout,-0.028140456642460225,-13.225856695365579,469.9943879165597,1409.983163749679,0,1409.983163749679,456.7685312211941,330
d5_w120,IBM,1783696800000,1783949400000,timeout,-0.003361063071858123,-1.5796807812069105,469.99438791655973,939.9887758331195,1,1409.983163749679,925.183238356547,280
d5_w120,INTC,1783697400000,1783949400000,loss,-0.046,-21.619741844161748,469.99438791655973,469.99438791655973,2,1409.983163749679,1373.557884428945,270
d5_w120,IBM,1783956600000,1784035800000,loss,-0.046,-21.061220894577154,457.85262814298164,457.85262814298164,2,1373.5578844289448,1352.4966635343678,270
d5_w120,DELL,1783955700000,1784040900000,win,0.044000000000000004,20.145515638291197,457.8526281429817,1373.557884428945,0,1373.557884428945,1372.6421791726589,370
d5_w120,HPE,1783955700000,1784122200000,win,0.044000000000000004,20.145515638291194,457.85262814298164,915.7052562859633,1,1373.557884428945,1392.7876948109501,675
d5_w120,QCOM,1784042100000,1784128500000,loss,-0.046,-21.987914613938553,477.9981437812729,477.9981437812729,2,1372.6421791726589,1370.7997801970118,390
d5_w120,IBM,1784123100000,1784145300000,loss,-0.046,-21.98791461393855,477.99814378127286,477.99814378127286,2,1392.7876948109501,1348.811865583073,370
d5_w120,AVGO,1784038200000,1784211000000,timeout,-0.022500453478900055,-9.828004738776013,436.7914072484045,436.7914072484045,2,1352.4966635343678,1338.9838608442972,780
d5_w120,HPE,1784145300000,1784214600000,loss,-0.046,-20.976470541697378,456.01022916733433,456.01022916733433,2,1348.811865583073,1318.0073903025998,105
d5_w120,QCOM,1784129100000,1784230500000,loss,-0.046,-20.97647054169738,456.0102291673344,456.0102291673344,2,1370.7997801970118,1297.0309197609024,640
d5_w120,AMD,1784215800000,1784295000000,loss,-0.046,-20.0115528967793,435.03375862563695,435.03375862563695,2,1318.0073903025998,1277.0193668641232,270
d5_w120,ARM,1784296500000,1784304300000,win,0.044000000000000004,18.26097705206974,415.02220572885767,415.02220572885767,2,1277.0193668641232,1295.280343916193,130
d5_w120,ARM,1784304900000,1784554200000,timeout,0.02046374387472128,8.866596077652945,433.2831827809274,433.2831827809274,2,1295.280343916193,442.14977885858036,225
d5_w120,IBM,1784213400000,1784554200000,timeout,-0.0004669511286410303,-0.19937104269028552,426.96340250962845,426.96340250962845,2,1338.9838608442972,868.9138103255186,700
d5_w120,QCOM,1784230800000,1784554200000,timeout,0.012882735071770407,5.604424659650595,435.033758625637,435.033758625637,2,1297.0309197609024,1309.5519936108062,410
d5_w120,SNDK,1784554200000,1784574900000,loss,-0.046,-20.079797235365696,436.5173312036021,873.0346624072042,1,1309.5519936108062,1289.4721963754407,345
d5_w120,DELL,1784554800000,1784577300000,loss,-0.046,-20.079797235365696,436.5173312036021,436.5173312036021,2,1309.5519936108062,1269.392399140075,375
d5_w120,MU,1784554200000,1784640900000,win,0.044000000000000004,19.206762572958493,436.51733120360205,1309.5519936108062,0,1309.5519936108062,1288.5991617130335,395
d5_w120,ARM,1784641200000,1784647500000,win,0.044000000000000004,20.051860126168666,455.72409377656055,455.72409377656055,2,1288.5991617130335,1308.651021839202,105
d5_w120,QCOM,1784575500000,1784748300000,timeout,0.025418398136275895,10.585175037293551,416.43753396823644,416.43753396823644,2,1289.4721963754407,427.02270900553,780
d5_w120,IBM,1784647500000,1784813400000,loss,-0.046,-21.885693879525544,475.7759539027292,475.7759539027292,2,1308.651021839202,880.9129690287336,665
d5_w120,ORCL,1784640600000,1784813400000,timeout,-0.011460747904092234,-4.772685594611804,416.43753396823644,416.43753396823644,2,1269.392399140075,1292.5778174023583,780
d5_w120,ARM,1784820600000,1784916600000,loss,-0.046,-19.819526533502827,430.8592724674528,861.7185449349056,1,1292.5778174023583,1272.7582908688555,550
d5_w120,AMD,1784919000000,1785159000000,timeout,-0.012983659382231444,-5.336800053765359,411.03974593395,411.03974593395,2,1272.7582908688555,405.70294588018464,70
d5_w120,IBM,1784817300000,1785159000000,win,0.044000000000000004,18.95780798856792,430.85927246745274,1292.5778174023583,0,1292.5778174023583,855.5200263362052,715
d5_w120,TXN,1784820900000,1785159000000,timeout,-0.019479538534899803,-8.392939801148641,430.8592724674528,430.8592724674528,2,1292.5778174023585,1277.9863590025093,655
d5_w120,MRVL,1785159000000,1785161700000,loss,-0.046,-19.595790838038475,425.99545300083645,1277.9863590025093,0,1277.9863590025093,832.3951151636344,45
d5_w120,ARM,1785159300000,1785162900000,loss,-0.046,-19.595790838038475,425.9954530008364,425.9954530008364,2,1277.9863590025093,1238.7947773264323,60
d5_w120,ORCL,1785159000000,1785331800000,timeout,0.004357708110981356,1.8563638407829217,425.9954530008364,851.9909060016728,1,1277.9863590025093,1240.6511411672152,780
d5_w120,QCOM,1785162900000,1785334800000,loss,-0.046,-18.694384459488706,406.39966216279794,812.7993243255959,1,1238.7947773264323,1221.9567567077265,765
d5_w120,AVGO,1785163200000,1785336000000,timeout,-0.009092783253442644,-3.695304042318637,406.39966216279794,406.39966216279794,2,1238.7947773264323,1218.261452665408,780
d5_w120,DELL,1785332100000,1785339600000,loss,-0.046,-19.68118357471449,427.8518168416193,427.8518168416193,2,1240.6511411672152,1198.5802690906933,125
d5_w120,SNDK,1785340500000,1785348000000,win,0.044000000000000004,17.959507863743813,408.1706332669048,408.1706332669048,2,1198.5802690906933,1216.539776954437,125
d5_w120,QCOM,1785339000000,1785418200000,loss,-0.046,-18.524400473542048,402.7043581204793,402.7043581204793,2,1218.261452665408,1198.0153764808952,270
d5_w120,ARM,1785420300000,1785504600000,win,0.044000000000000004,16.90391813646524,384.1799576469372,384.1799576469372,2,1198.0153764808952,401.08387578340245,355
d5_w120,AVGO,1785349500000,1785504600000,win,0.044000000000000004,18.74972620974854,426.1301411306486,426.1301411306486,2,1216.539776954437,845.9637431237996,485
d5_w120,HPE,1785335400000,1785504600000,win,0.044000000000000004,17.059032218945607,387.7052777033092,387.7052777033092,2,1221.9567567077265,1250.7280530460544,720
d5_w120,SNDK,1785505500000,1785506700000,loss,-0.046,-19.177830146706167,416.90935101535143,1250.7280530460544,0,1250.7280530460544,1231.5502228993482,20
d5_w120,AMD,1785505800000,1785763800000,loss,-0.046,-19.177830146706167,416.9093510153515,833.818702030703,1,1250.7280530460544,397.7315208686453,370
d5_w120,HPE,1785507000000,1785763800000,timeout,-0.01766496360463398,-7.195300676339049,407.3204359419984,814.6408718839969,1,1231.5502228993482,797.8566561343048,350
d5_w120,IBM,1785511800000,1785763800000,timeout,0.024076377704062242,9.806800662322843,407.3204359419984,407.3204359419984,2,1231.5502228993482,1214.983892738626,270
d5_w120,DELL,1785766500000,1785778800000,win,0.044000000000000004,17.81976376016652,404.9946309128754,1214.983892738626,0,1214.983892738626,827.8090255859172,205
d5_w120,SNDK,1785766800000,1785778800000,win,0.044000000000000004,17.819763760166516,404.9946309128753,809.9892618257506,1,1214.983892738626,1250.623420258959,200
d5_w120,AMD,1785767400000,1785850200000,win,0.044000000000000004,17.819763760166516,404.9946309128753,404.9946309128753,2,1214.9838927386259,422.8143946730418,330
d5_w120,ARM,1785781800000,1785850200000,win,0.044000000000000004,18.603833365613845,422.8143946730419,422.8143946730419,2,1250.623420258959,864.2326227116976,90
d5_w120,MU,1785781500000,1785850200000,win,0.044000000000000004,18.603833365613845,422.8143946730419,845.6287893460837,1,1250.623420258959,1305.6508507503531,95
d5_w120,MU,1785858600000,1786023000000,loss,-0.046,-20.019979711505414,435.2169502501177,1305.6508507503531,0,1305.6508507503531,1285.630871038848,640
d5_w120,DELL,1786031100000,1786110000000,loss,-0.046,-19.559520178140794,425.20696039436507,425.20696039436507,2,1285.630871038848,1266.071350860707,265
d5_w120,SNDK,1786110000000,1786110900000,loss,-0.046,-18.659782249946314,405.64744021622425,405.64744021622425,2,1266.071350860707,1247.4115686107607,15
d5_w120,AMD,1785954600000,1786127400000,timeout,-0.0219595709911563,-9.557177515572,435.21695025011775,870.4339005002355,1,1305.6508507503531,1237.854391095189,780
d5_w120,AMD,1786025100000,1786368600000,timeout,-0.03594359909071453,-15.283468514996391,425.20696039436507,850.4139207887301,1,1285.630871038848,409.92349187936867,745
d5_w120,MRVL,1786115400000,1786368600000,win,0.044000000000000004,17.027456950516232,386.98765796627794,386.98765796627794,2,1247.4115686107607,813.9386067961628,290
d5_w120,MU,1786131300000,1786368600000,timeout,-0.020985527038843925,-8.93269467006897,425.65977273454575,425.65977273454575,2,1237.854391095189,1230.6656848606397,25
d5_w120,MU,1786374600000,1786541400000,win,0.044000000000000004,18.04976337795605,410.22189495354655,410.22189495354655,2,1230.6656848606397,428.2716583315026,680
d5_w120,SNDK,1786368900000,1786541400000,win,0.044000000000000004,18.04976337795605,410.22189495354655,1230.6656848606397,0,1230.6656848606397,856.5433166630052,775
d5_w120,AMD,1786369200000,1786542000000,timeout,0.012476410758615502,5.118096863618066,410.22189495354655,820.4437899070931,1,1230.6656848606397,1271.88330848017,780
d5_w120,ARM,1786547100000,1786628700000,win,0.044000000000000004,18.65428852437583,423.96110282672333,1271.88330848017,0,1271.88330848017,442.61539135109916,310
d5_w120,ARM,1786554600000,1786628700000,win,0.044000000000000004,18.654288524375826,423.9611028267233,847.9222056534466,1,1271.88330848017,885.2307827021983,185
d5_w120,ARM,1786562700000,1786629900000,win,0.044000000000000004,18.654288524375826,423.9611028267233,423.9611028267233,2,1271.88330848017,1327.8461740532973,70
d5_w120,ARM,1786721700000,1786973400000,timeout,-0.014451587511164704,-6.396495061898822,442.6153913510991,442.6153913510991,2,1327.8461740532973,436.2188962892003,265
d5_w120,HPE,1786719600000,1786973400000,timeout,-0.04064509906344237,-17.99014642846974,442.6153913510991,885.2307827021982,1,1327.8461740532973,860.8441412118297,300
d5_w120,TXN,1786716600000,1786973400000,timeout,0.0067867238215204625,3.003908420254106,442.6153913510991,1327.8461740532973,0,1327.8461740532973,1306.4634409831829,350
d5_w120,ARM,1786974000000,1787059800000,loss,-0.046,-20.032439428408804,435.48781366106095,1306.4634409831829,0,1306.4634409831829,850.9431878937131,380
d5_w120,INTC,1786974000000,1787059800000,loss,-0.046,-20.032439428408804,435.48781366106095,870.9756273221219,1,1306.4634409831829,1266.3985621263653,380
d5_w120,AVGO,1787067000000,1787146500000,loss,-0.046,-19.110947214701998,415.45537423265216,415.45537423265216,2,1266.3985621263653,811.7998012506023,275
d5_w120,ORCL,1786976700000,1787146500000,loss,-0.046,-20.032439428408804,435.48781366106095,435.48781366106095,2,1306.4634409831829,1227.2551754832546,730
d5_w120,IBM,1787063400000,1787236200000,timeout,0.009692300700753003,4.026718414806735,415.45537423265216,830.9107484653043,1,1266.3985621263653,1231.2818938980613,780
d5_w120,MU,1787146500000,1787319000000,win,0.044000000000000004,17.859595627513254,405.8999006253012,811.7998012506024,1,1227.2551754832546,1249.1414895255746,775
d5_w120,SNDK,1787147700000,1787320500000,timeout,0.00029863592699320117,0.12121629308968505,405.8999006253012,405.8999006253012,2,1227.2551754832546,1249.2627058186642,780
d5_w120,AVGO,1787324700000,1787578200000,timeout,-0.01656351499285002,-6.725136857491478,406.0211169183909,406.0211169183909,2,1249.2627058186642,399.2959800608994,295
d5_w120,ORCL,1787238000000,1787578200000,timeout,-0.0038609014457535677,-1.619579017970306,419.4820926474589,419.4820926474589,2,1231.2818938980613,817.158493690388,690
d5_w120,TXN,1787320200000,1787578200000,timeout,-0.017738344875979577,-7.516792089003798,423.7594962528145,423.7594962528145,2,1249.1414895255746,1233.4011978541987,370
d5_w120,DELL,1787583600000,1787665800000,win,0.044000000000000004,18.089884235194916,411.13373261806623,411.13373261806623,2,1233.4011978541987,1251.4910820893936,320
d5_w120,TXN,1787578500000,1787751300000,timeout,-0.006461040927700607,-2.656351873203644,411.13373261806623,1233.4011978541987,0,1233.4011978541987,1248.8347302161899,780
d5_w120,AVGO,1787583000000,1787755800000,timeout,-0.03597130752674515,-14.789017930623073,411.13373261806623,822.2674652361325,1,1233.4011978541987,1234.0457122855669,780
d5_w120,ARM,1787751600000,1787837400000,win,0.044000000000000004,17.973004752773956,408.4773807448626,408.4773807448626,2,1248.8347302161899,426.45038549763655,380
d5_w120,INTC,1787756400000,1787837400000,win,0.044000000000000004,17.439167446247502,396.3447146874432,396.3447146874432,2,1234.0457122855669,840.2342676313273,300
d5_w120,AVGO,1787668500000,1787841300000,timeout,0.015125054751587324,6.492030705579914,429.22361685326115,429.22361685326115,2,1251.4910820893936,1275.9499151901684,780
d5_w120,MU,1787843100000,1788183000000,timeout,0.010981569273106789,4.670644127558523,425.31663839672285,850.6332767934457,1,1275.9499151901684,429.9872825242814,685
d5_w120,SNDK,1787841900000,1788183000000,timeout,0.012725431232137213,5.412337633801266,425.3166383967228,1275.9499151901684,0,1275.9499151901684,860.7162585548054,705
d5_w120,SNDK,1787849400000,1788183000000,timeout,0.021945742849576184,9.33388957590066,425.31663839672285,425.31663839672285,2,1275.9499151901687,1295.366786527429,580
d5_w120,ARM,1788189000000,1788270000000,loss,-0.046,-19.862290726753912,431.78892884247637,863.5778576849527,1,1295.366786527429,843.7155669581988,300
d5_w120,HPE,1788183900000,1788270600000,loss,-0.046,-19.86229072675391,431.7889288424763,1295.366786527429,0,1295.366786527429,1255.642205073921,395
d5_w120,AMD,1788189900000,1788362700000,timeout,-0.023904636548026097,-10.3217574094409,431.78892884247637,431.78892884247637,2,1295.3667865274292,1245.32044766448,780
d5_w120,MRVL,1788276300000,1788449100000,timeout,0.00677232062741418,2.7896992682924826,411.92663811572237,823.8532762314447,1,1255.642205073921,1248.1101469327728,780
d5_w120,AMD,1788276600000,1788449400000,timeout,-0.01014449566948727,-4.178787996511395,411.92663811572237,411.92663811572237,2,1255.642205073921,1243.9313589362614,780
d5_w120,ARM,1788449100000,1788528600000,win,0.044000000000000004,18.247518844896657,414.7163373840149,414.7163373840149,2,1248.1101469327728,840.7117063481226,275
d5_w120,TXN,1788362700000,1788535500000,timeout,0.0010561076554307432,0.4451147062631702,421.46717143303545,421.46717143303545,2,1245.32044766448,1262.6239924874212,780
d5_w120,AVGO,1788449400000,1788874200000,win,0.044000000000000004,17.940905405245285,407.74785011921097,407.74785011921097,2,1243.9313589362614,853.1268267085613,660
d5_w120,AVGO,1788550200000,1788874200000,timeout,0.025874171730426727,11.059606057939899,427.43807118410507,854.8761423682101,1,1262.6239924874212,1291.6245039506064,30
d5_w120,ORCL,1788970800000,1789067100000,loss,-0.046,-19.804909060575962,430.5415013168688,430.5415013168688,2,1291.6245039506064,841.2780935731616,555
d5_w120,ORCL,1788963300000,1789068300000,loss,-0.046,-19.804909060575962,430.5415013168688,1291.6245039506064,0,1291.6245039506064,1252.0146858294545,700
d5_w120,DELL,1789069200000,1789133700000,win,0.044000000000000004,18.072410059276887,410.73659225629285,821.4731845125857,1,1252.0146858294545,1270.0870958887313,25
d5_w120,QCOM,1788964500000,1789134300000,win,0.044000000000000004,18.94382605794223,430.5415013168688,861.0830026337376,1,1291.6245039506064,1289.0309219466735,730
d5_w120,MRVL,1789133700000,1789392600000,loss,-0.046,-19.72521410651621,428.8090023155697,428.8090023155697,2,1270.0870958887313,409.0837882090535,385
d5_w120,MU,1789069200000,1789392600000,loss,-0.046,-18.89388324378947,410.73659225629285,410.73659225629285,2,1252.0146858294545,800.9264972215569,410
d5_w120,MU,1789139700000,1789392600000,loss,-0.046,-20.676325059241304,449.485327374811,449.485327374811,2,1289.0309219466735,1229.7354995371268,285
d5_w120,AMD,1789399800000,1789565400000,win,0.044000000000000004,18.036120659877863,409.9118331790423,1229.7354995371268,0,1229.7354995371268,1247.7716201970045,660
d5_w120,ARM,1789399800000,1789572600000,timeout,0.01947059952539277,7.981229144548739,409.9118331790422,819.8236663580844,1,1229.7354995371268,845.8410161625111,780
d5_w120,AVGO,1789399800000,1789572600000,timeout,-0.019362960369073916,-7.937106580660233,409.9118331790422,409.9118331790422,2,1229.7354995371265,1247.815742760893,780
d5_w120,ARM,1789572600000,1789651800000,win,0.044000000000000004,18.037091356283405,409.93389446098644,819.8677889219729,1,1247.815742760893,427.9709858172698,270
d5_w120,MRVL,1789572600000,1789651800000,win,0.044000000000000004,18.037091356283405,409.93389446098644,409.93389446098644,2,1247.815742760893,855.9419716345398,270
d5_w120,ORCL,1789565400000,1789651800000,win,0.044000000000000004,18.829709968912486,427.9479538389201,427.9479538389201,2,1247.7716201970045,1302.7196354423725,390
d5_w120,AVGO,1789659000000,1789761300000,timeout,0.015067068979605974,6.542722202765791,434.2398784807908,434.2398784807908,2,1302.7196354423725,440.7826006835566,655
d5_w120,IBM,1789658100000,1789761300000,timeout,-0.043316536253603204,-18.809767438973424,434.2398784807908,868.4797569615816,1,1302.7196354423725,856.2127117253741,670
d5_w120,TXN,1789654800000,1789761300000,timeout,0.012206877014586453,5.30071279144398,434.2398784807908,1302.7196354423725,0,1302.7196354423725,1295.7533029976091,725
d5_w180,QCOM,1782923100000,1783002300000,loss,-0.046,-23.0,500.0,1000.0,1,1500.0,1477.0,270
d5_w180,ORCL,1782923100000,1783014300000,loss,-0.046,-23.0,500.0,1500.0,0,1500.0,1454.0,470
d5_w180,ORCL,1783009500000,1783344600000,timeout,0.010307452929976485,4.916655047598783,477.0,477.0,2,1477.0,481.9166550475988,215
d5_w180,QCOM,1783015500000,1783344600000,win,0.044000000000000004,20.988000000000003,477.0,477.0,2,1454.0,979.9046550475989,115
d5_w180,TXN,1782923100000,1783344600000,timeout,-0.0013588826429464743,-0.6794413214732372,500.0,500.0,2,1500.0,1479.2252137261257,605
d5_w180,INTC,1783355400000,1783431000000,loss,-0.046,-22.68145327713393,493.07507124204193,1479.2252137261257,0,1479.2252137261257,470.393617964908,210
d5_w180,MRVL,1783355400000,1783431000000,loss,-0.046,-22.681453277133926,493.0750712420419,986.1501424840837,1,1479.2252137261257,940.787235929816,210
d5_w180,MU,1783355400000,1783431000000,loss,-0.046,-22.681453277133926,493.0750712420419,493.0750712420419,2,1479.2252137261257,1411.1808538947241,210
d5_w180,ARM,1783441800000,1783451100000,loss,-0.046,-21.63810642638577,470.39361796490806,1411.1808538947241,0,1411.1808538947241,1389.5427474683383,155
d5_w180,INTC,1783441800000,1783521600000,loss,-0.046,-21.638106426385768,470.393617964908,940.787235929816,1,1411.1808538947241,919.1491295034302,280
d5_w180,INTC,1783452900000,1783524000000,loss,-0.046,-20.642753530772026,448.7555115385223,448.7555115385223,2,1389.5427474683383,1347.2618875111805,135
d5_w180,DELL,1783525200000,1783603800000,win,0.044000000000000004,19.291101930017998,438.43413477313624,438.43413477313624,2,1347.2618875111805,457.7252367031542,260
d5_w180,MRVL,1783441800000,1783603800000,win,0.044000000000000004,20.697319190455953,470.393617964908,470.393617964908,2,1411.180853894724,948.8161738585181,600
d5_w180,QCOM,1783524300000,1783603800000,win,0.044000000000000004,19.291101930017998,438.43413477313624,876.8682695462725,1,1347.2618875111805,1406.5414105616724,275
d5_w180,ARM,1783614900000,1783690200000,loss,-0.046,-21.566968295278976,468.8471368538908,468.8471368538908,2,1406.5414105616724,447.2801685586118,205
d5_w180,MU,1783614600000,1783690200000,loss,-0.046,-21.566968295278976,468.8471368538908,937.6942737077816,1,1406.5414105616724,894.5603371172236,210
d5_w180,MRVL,1783614600000,1783690500000,loss,-0.046,-21.566968295278976,468.8471368538908,1406.5414105616724,0,1406.5414105616724,1341.8405056758356,215
d5_w180,AMD,1783697700000,1783949400000,timeout,-0.03231861641658073,-14.45547619838935,447.2801685586119,1341.8405056758356,0,1341.8405056758356,432.8246923602225,265
d5_w180,IBM,1783700400000,1783949400000,timeout,0.0049194270174459705,2.200362145575023,447.2801685586119,894.5603371172238,1,1341.8405056758356,882.3052230644095,220
d5_w180,INTC,1783701000000,1783949400000,loss,-0.046,-20.574887753696146,447.2801685586119,447.2801685586119,2,1341.8405056758356,1309.010503869325,210
d5_w180,DELL,1783959300000,1784035800000,win,0.044000000000000004,19.198820723416766,436.3368346231083,872.6736692462166,1,1309.010503869325,891.8724899696334,225
d5_w180,IBM,1783959300000,1784035800000,loss,-0.046,-20.07149439266298,436.3368346231083,436.3368346231083,2,1309.010503869325,1308.1378302000787,225
d5_w180,HPE,1783958700000,1784131500000,timeout,-0.044299936207349504,-19.32969393872051,436.33683462310836,1309.010503869325,0,1309.010503869325,1288.8081362613582,780
d5_w180,IBM,1784046600000,1784208600000,loss,-0.046,-20.051422898270317,435.90049778848515,435.90049778848515,2,1308.1378302000787,851.7495726787,600
d5_w180,IBM,1784132100000,1784208600000,loss,-0.046,-19.182328471481842,417.0071406843879,417.0071406843879,2,1288.8081362613582,1249.574384891606,225
d5_w180,HPE,1784211000000,1784218800000,loss,-0.046,-18.714499403371782,406.83694355156047,406.83694355156047,2,1249.574384891606,794.9593876997492,130
d5_w180,ORCL,1784046300000,1784219100000,timeout,-0.034738265570231845,-15.142427254372656,435.90049778848515,871.8009955769703,1,1308.1378302000787,1215.7174582338616,780
d5_w180,INTC,1784210700000,1784220300000,loss,-0.046,-18.714499403371782,406.83694355156047,813.6738871031209,1,1249.574384891606,1197.0029588304897,160
d5_w180,AVGO,1784219400000,1784295000000,loss,-0.046,-18.604251837692924,404.4402573411505,808.880514682301,1,1215.7174582338616,385.8360055034576,210
d5_w180,MU,1784220300000,1784295300000,loss,-0.046,-17.853632430816678,388.12244414818866,388.12244414818866,2,1197.0029588304897,756.1048172208297,200
d5_w180,QCOM,1784219400000,1784295300000,loss,-0.046,-18.604251837692924,404.4402573411505,404.4402573411505,2,1215.7174582338616,1141.940822724287,215
d5_w180,ARM,1784296500000,1784304300000,win,0.044000000000000004,16.748465399956213,380.6469409080957,1141.940822724287,0,1141.940822724287,1158.6892881242431,130
d5_w180,AVGO,1784304600000,1784554200000,timeout,0.01218809036250446,4.843491121726712,397.3954063080519,397.3954063080519,2,1158.6892881242431,402.2388974297786,230
d5_w180,DELL,1784299200000,1784554200000,timeout,0.018035652301479972,6.8652158758404065,380.64694090809564,761.2938818161913,1,1141.940822724287,789.7510542137146,320
d5_w180,HPE,1784299500000,1784554200000,timeout,-0.004683108937987729,-1.7826110911843898,380.64694090809564,380.64694090809564,2,1141.940822724287,1168.6153840306258,315
d5_w180,MU,1784560200000,1784640600000,win,0.044000000000000004,17.139692299115847,389.53846134354194,389.53846134354194,2,1168.6153840306258,796.2166149861997,290
d5_w180,SNDK,1784559000000,1784640600000,win,0.044000000000000004,17.139692299115847,389.53846134354194,1168.6153840306258,0,1168.6153840306258,1202.8947686288575,310
d5_w180,HPE,1784560200000,1784727000000,win,0.044000000000000004,17.139692299115847,389.53846134354194,779.0769226870839,1,1168.6153840306258,1220.0344609279732,680
d5_w180,IBM,1784651100000,1784813400000,loss,-0.046,-18.707195067562257,406.6781536426578,406.6781536426578,2,1202.8947686288575,1201.327265860411,605
d5_w180,AVGO,1784646000000,1784818800000,timeout,0.011732776413597717,4.771463848984044,406.6781536426578,813.3563072853156,1,1202.8947686288575,799.4205760667373,780
d5_w180,SNDK,1784731200000,1784822400000,win,0.044000000000000004,17.893838760276942,406.6781536426578,406.6781536426578,2,1220.0344609279732,1223.992568469672,470
d5_w180,ORCL,1784824500000,1784902500000,loss,-0.046,-19.22849702757526,418.01080494728825,418.01080494728825,2,1223.992568469672,786.7532664948085,250
d5_w180,ARM,1784824200000,1784903400000,loss,-0.046,-19.22849702757526,418.01080494728825,836.0216098945765,1,1223.992568469672,1185.5355744145215,270
d5_w180,AMD,1784906400000,1785159000000,timeout,-0.023352187527475914,-9.312439237180781,398.782307919713,398.782307919713,2,1185.5355744145215,389.4698686825322,280
d5_w180,IBM,1784817000000,1785159000000,win,0.044000000000000004,17.070722177304205,387.9709585750955,387.9709585750955,2,1201.327265860411,794.5115494349319,720
d5_w180,QCOM,1784904300000,1785159000000,timeout,0.005099750971328426,2.0336904621621477,398.782307919713,797.564615839426,1,1185.5355744145215,1195.327547816807,315
d5_w180,MU,1785159000000,1785161400000,loss,-0.046,-18.328355733191042,398.4425159389357,796.8850318778714,1,1195.327547816807,778.5566761446803,40
d5_w180,MRVL,1785159000000,1785161700000,loss,-0.046,-18.328355733191042,398.4425159389357,1195.327547816807,0,1195.327547816807,1158.670836350425,45
d5_w180,ORCL,1785159000000,1785331800000,timeout,0.004357708110981356,1.7362961834669184,398.4425159389357,398.4425159389357,2,1195.327547816807,780.2929723281472,780
d5_w180,QCOM,1785162300000,1785334500000,loss,-0.046,-17.48525136946425,380.1141602057446,760.2283204114892,1,1158.670836350425,1142.9218811644278,770
d5_w180,AVGO,1785166800000,1785339600000,timeout,-0.023033332395785748,-8.755295800363871,380.1141602057446,380.1141602057446,2,1158.670836350425,1134.1665853640638,780
d5_w180,QCOM,1785336900000,1785418200000,loss,-0.046,-17.54457758204971,381.4038604793415,381.4038604793415,2,1142.9218811644278,745.2631433766333,305
d5_w180,ORCL,1785342900000,1785418800000,win,0.044000000000000004,16.339790033836756,371.35886440538076,371.35886440538076,2,1134.1665853640638,1132.9617978158508,215
d5_w180,ARM,1785424200000,1785504600000,win,0.044000000000000004,16.534274621403206,375.77896866825466,751.5579373365093,1,1132.9617978158508,392.31324328965786,290
d5_w180,AVGO,1785334800000,1785504600000,win,0.044000000000000004,16.78176986109103,381.4038604793415,762.807720958683,1,1142.9218811644278,790.4988736300903,730
d5_w180,QCOM,1785428700000,1785505500000,loss,-0.046,-17.285832558739713,375.77896866825466,375.77896866825466,2,1132.9617978158508,1148.9920097396052,230
d5_w180,SNDK,1785505500000,1785506700000,loss,-0.046,-17.617877482673947,382.99733657986843,1148.9920097396052,0,1148.9920097396052,1131.3741322569313,20
d5_w180,ARM,1785513900000,1785763800000,loss,-0.046,-17.34773669460628,377.1247107523104,1131.3741322569313,0,1131.3741322569313,359.77697405770414,235
d5_w180,DELL,1785515100000,1785763800000,loss,-0.046,-17.34773669460628,377.1247107523104,377.1247107523104,2,1131.3741322569313,719.5539481154083,215
d5_w180,HPE,1785514500000,1785763800000,timeout,-0.02287770097055874,-8.627746361199815,377.1247107523104,754.2494215046208,1,1131.3741322569313,1088.050912506519,225
d5_w180,AMD,1785770100000,1785850200000,win,0.044000000000000004,15.958080050095614,362.683637502173,1088.050912506519,0,1088.050912506519,378.6417175522686,285
d5_w180,MRVL,1785773100000,1785850200000,win,0.044000000000000004,15.95808005009561,362.6836375021729,362.6836375021729,2,1088.0509125065187,757.2834351045371,235
d5_w180,SNDK,1785770100000,1785850200000,win,0.044000000000000004,15.95808005009561,362.6836375021729,725.3672750043459,1,1088.050912506519,1135.9251526568057,285
d5_w180,MU,1785864300000,1786023000000,loss,-0.046,-17.417519007404355,378.6417175522686,1135.9251526568057,0,1135.9251526568057,1118.5076336494012,545
d5_w180,AMD,1785958200000,1786131000000,timeout,-0.015881165117265665,-6.013271636732646,378.6417175522686,757.2834351045371,1,1135.9251526568057,1112.4943620126687,780
d5_w180,AMD,1786032300000,1786368600000,timeout,-0.04415066216302021,-16.332785053768983,369.9329580485664,739.8659160971328,1,1118.5076336494012,353.6001729947974,625
d5_w180,AMD,1786131600000,1786368600000,timeout,-0.021939869487179735,-8.17541947059747,372.6284459155359,372.6284459155359,2,1112.4943620126687,718.0531994397359,20
d5_w180,MRVL,1786033500000,1786368600000,win,0.044000000000000004,16.277050154136923,369.9329580485664,369.9329580485664,2,1118.5076336494014,1104.2632076424393,605
d5_w180,MU,1786378500000,1786542300000,win,0.044000000000000004,16.195860378755775,368.08773588081306,736.1754717616261,1,1104.2632076424393,1120.459068021195,630
d5_w180,AMD,1786378500000,1786551300000,timeout,0.01381102920259925,5.08367046936855,368.0877358808131,1104.2632076424393,0,1104.2632076424393,757.4550026097504,780
d5_w180,ARM,1786379400000,1786552200000,timeout,-0.02049414484657807,-7.543643375390355,368.08773588081306,368.08773588081306,2,1104.2632076424393,1117.999095115173,780
d5_w180,ARM,1786549800000,1786628700000,win,0.044000000000000004,16.90847823542103,384.2835962595688,384.2835962595688,2,1120.459068021195,768.049823922792,265
d5_w180,ARM,1786563300000,1786629600000,win,0.044000000000000004,16.141740974823296,366.85774942780216,733.7154988556043,1,1117.999095115173,1151.0493143254175,55
d5_w180,ARM,1786725300000,1786973400000,timeout,-0.013944633866460271,-5.3503204168360305,383.6831047751392,383.6831047751392,2,1151.0493143254175,378.3327843583032,205
d5_w180,HPE,1786720500000,1786973400000,timeout,-0.03640539212606541,-13.968133881485183,383.6831047751392,767.3662095502784,1,1151.0493143254175,748.0477552519573,285
d5_w180,TXN,1786720200000,1786973400000,timeout,0.016190866997973348,6.212162118783751,383.68310477513916,1151.0493143254175,0,1151.0493143254175,1137.9430221458801,290
d5_w180,ARM,1786977600000,1787059800000,loss,-0.046,-17.448459672903496,379.3143407152934,1137.9430221458801,0,1137.9430221458801,741.1802217576833,320
d5_w180,HPE,1786978800000,1787059800000,loss,-0.046,-17.448459672903496,379.3143407152934,758.6286814305868,1,1137.9430221458801,1103.0461028000732,300
d5_w180,AVGO,1787070600000,1787146500000,loss,-0.046,-16.645830527949936,361.8658810423899,361.8658810423899,2,1103.0461028000732,707.0859315568298,215
d5_w180,ORCL,1786980300000,1787146500000,loss,-0.046,-17.448459672903496,379.3143407152934,379.3143407152934,2,1137.9430221458801,1068.9518125992197,670
d5_w180,IBM,1787063100000,1787235900000,timeout,0.009570887669095645,3.4633776987350413,361.8658810423899,723.7317620847798,1,1103.0461028000732,1072.4151902979547,780
d5_w180,MU,1787147100000,1787255700000,win,0.044000000000000004,15.555890494250256,353.5429657784149,707.0859315568298,1,1068.9518125992197,1087.971080792205,760
d5_w180,TXN,1787148600000,1787321400000,timeout,-0.028527076519610832,-10.085547237730996,353.5429657784149,353.5429657784149,2,1068.9518125992197,1077.885533554474,780
d5_w180,ARM,1787327100000,1787578200000,loss,-0.046,-15.799041252871458,343.4574185406839,343.4574185406839,2,1077.885533554474,327.6583772878124,255
d5_w180,ORCL,1787238300000,1787578200000,timeout,0.00016153815820252847,0.059014615594536295,365.32925874112493,365.32925874112493,2,1072.4151902979547,693.0466506445318,685
d5_w180,TXN,1787319900000,1787578200000,timeout,-0.020527995493834654,-7.576859658344795,369.09885627266516,369.09885627266516,2,1087.971080792205,1054.5686472588523,375
d5_w180,DELL,1787586900000,1787665800000,win,0.044000000000000004,15.467006826463168,351.5228824196174,703.0457648392348,1,1054.5686472588523,1070.0356540853154,265
d5_w180,AVGO,1787585700000,1787758500000,timeout,-0.03384523849888187,-11.897375793306361,351.5228824196174,1054.5686472588523,0,1054.5686472588523,1058.138278292009,780
d5_w180,ARM,1787588400000,1787761200000,timeout,0.01689347494720584,5.938443007525391,351.5228824196174,351.5228824196174,2,1054.5686472588523,1064.0767212995345,780
d5_w180,ARM,1787759700000,1787772600000,win,0.044000000000000004,14.943522291557688,339.62550662631105,339.62550662631105,2,1058.138278292009,1079.0202435910921,215
d5_w180,MRVL,1787761500000,1787837400000,win,0.044000000000000004,15.728298318794286,357.4613254271428,357.4613254271428,2,1064.0767212995345,727.7586526638058,215
d5_w180,SNDK,1787667600000,1787840400000,timeout,-0.011372293280584195,-4.17351665151554,366.98988924608057,366.98988924608057,2,1070.0356540853154,1090.5750252583707,780
d5_w180,MRVL,1787773200000,1787923800000,loss,-0.046,-16.310175330221963,354.56902891786876,354.56902891786876,2,1079.0202435910921,1074.2648499281488,410
d5_w180,MU,1787850600000,1788183000000,timeout,0.02436218365189103,8.965356625870175,368.00299817025103,368.00299817025103,2,1090.5750252583707,376.9683547961212,560
d5_w180,MU,1787925000000,1788183000000,timeout,0.006089793909383584,2.059926706373125,338.2588535876468,338.2588535876468,2,1074.2648499281488,717.2871350901412,370
d5_w180,SNDK,1787840400000,1788183000000,timeout,0.014504703480850983,5.337774368523638,368.00299817025103,736.0059963405021,1,1090.5750252583707,1090.6279076289159,730
d5_w180,ARM,1788189300000,1788270000000,loss,-0.046,-16.722961250310046,363.5426358763053,727.0852717526107,1,1090.6279076289159,346.8196746259953,295
d5_w180,HPE,1788183600000,1788271800000,loss,-0.046,-16.722961250310043,363.54263587630527,1090.6279076289159,0,1090.6279076289159,693.6393492519904,420
d5_w180,SNDK,1788192300000,1788276900000,win,0.044000000000000004,15.995875978557436,363.5426358763053,363.5426358763053,2,1090.627907628916,1073.1778611068532,360
d5_w180,MRVL,1788279300000,1788452100000,timeout,0.005554061609956978,1.9868319863431052,357.7259537022844,1073.1778611068532,0,1073.1778611068532,359.7127856886275,780
d5_w180,AMD,1788280200000,1788453000000,timeout,-0.0023799375641668733,-0.8513654348934865,357.7259537022844,715.4519074045688,1,1073.1778611068532,716.5873739560184,780
d5_w180,ARM,1788280200000,1788453000000,timeout,0.017569776376283215,6.28516501054178,357.7259537022844,357.7259537022844,2,1073.1778611068532,1080.5984926688445,780
d5_w180,HPE,1788453300000,1788462900000,win,0.044000000000000004,15.848777892476386,360.1994975562815,360.1994975562815,2,1080.5984926688443,736.2477730050393,160
d5_w180,SNDK,1788453000000,1788528600000,win,0.044000000000000004,15.848777892476388,360.19949755628153,1080.5984926688445,0,1080.5984926688445,1112.296048453797,210
d5_w180,AVGO,1788453300000,1788874200000,timeout,0.03479197430821546,12.532051664810263,360.1994975562815,720.398995112563,1,1080.5984926688445,748.7798246698496,595
d5_w180,AVGO,1788529200000,1788874200000,timeout,0.021629771512405423,8.13383827559073,376.04827544875786,752.0965508975157,1,1112.296048453797,1132.9619383941981,380
d5_w180,ORCL,1788966900000,1789065000000,loss,-0.046,-17.372083055377704,377.6539794647327,1132.9619383941981,0,1132.9619383941981,1115.5898553388206,585
d5_w180,QCOM,1788967200000,1789133700000,win,0.044000000000000004,16.616775096448244,377.65397946473274,755.3079589294655,1,1132.9619383941981,754.552650970536,675
d5_w180,QCOM,1788978300000,1789134300000,win,0.044000000000000004,16.616775096448244,377.65397946473274,377.65397946473274,2,1132.9619383941981,1148.823405531717,500
d5_w180,INTC,1789066800000,1789392600000,loss,-0.046,-16.57296723483033,360.281896409355,360.281896409355,2,1115.5898553388206,343.70892917452466,450
d5_w180,MU,1789143000000,1789392600000,loss,-0.046,-18.136454709814323,394.270754561181,788.541509122362,1,1148.823405531717,719.8432290258913,230
d5_w180,ORCL,1789143000000,1789392600000,loss,-0.046,-18.136454709814323,394.270754561181,394.270754561181,2,1148.823405531717,1095.9775288772578,230
d5_w180,ARM,1789403400000,1789576200000,timeout,0.018679116827607485,6.823964100776951,365.32584295908595,1095.9775288772578,0,1095.9775288772578,372.1498070598629,780
d5_w180,AVGO,1789403400000,1789576200000,timeout,-0.019076548010734433,-6.96915598277103,365.3258429590859,730.6516859181718,1,1095.9775288772578,730.5064940361777,780
d5_w180,MU,1789403400000,1789576200000,timeout,0.004848074951326225,1.7711270683220826,365.3258429590859,365.3258429590859,2,1095.9775288772576,1097.6034640635858,780
d5_w180,ARM,1789576200000,1789651800000,win,0.044000000000000004,16.098184139599258,365.8678213545286,1097.6034640635858,0,1097.6034640635858,381.96600549412784,210
d5_w180,MRVL,1789576500000,1789651800000,win,0.044000000000000004,16.098184139599258,365.8678213545286,731.7356427090572,1,1097.6034640635858,763.9320109882557,205
d5_w180,HPE,1789576800000,1789653600000,win,0.044000000000000004,16.098184139599258,365.8678213545286,365.8678213545286,2,1097.6034640635858,1145.8980164823834,230
d5_w180,IBM,1789654200000,1789740000000,loss,-0.046,-17.570436252729877,381.9660054941278,1145.8980164823834,0,1145.8980164823834,1128.3275802296534,380
d5_w180,AVGO,1789662600000,1789761300000,timeout,0.02178579889948363,8.321434582134128,381.9660054941278,381.9660054941278,2,1145.8980164823834,390.28744007626193,595
d5_w180,IBM,1789749900000,1789761300000,timeout,-0.00860638945560654,-3.136130184788909,364.3955692413979,364.3955692413979,2,1128.3275802296534,751.5468791328708,190
d5_w180,TXN,1789658400000,1789761300000,timeout,0.031028495175509103,11.851830358683028,381.9660054941278,763.9320109882556,1,1145.8980164823834,1145.3647149856815,665
d5_w240,ARM,1782927000000,1783000800000,win,0.044000000000000004,22.000000000000004,500.0,500.0,2,1500.0,1522.0,180
d5_w240,INTC,1783000800000,1783002900000,loss,-0.046,-24.012,522.0,522.0,2,1522.0,997.988,35
d5_w240,QCOM,1782926700000,1783003200000,loss,-0.046,-23.0,500.0,1500.0,0,1500.0,1474.988,225
d5_w240,ORCL,1783005000000,1783344600000,timeout,0.0026197150010698386,1.2770953447315398,487.494,487.494,2,1474.988,488.7710953447316,290
d5_w240,TXN,1782926700000,1783344600000,timeout,0.000758856908529509,0.3794284542647545,500.0,1000.0,1,1500.0,989.1505237989962,545
d5_w240,TXN,1783004400000,1783344600000,timeout,0.007712038352499123,3.7595724246132076,487.494,974.988,1,1474.988,1480.4040962236095,300
d5_w240,SNDK,1783344600000,1783358700000,loss,-0.046,-22.69952947542868,493.4680320745365,1480.4040962236095,0,1480.4040962236095,1457.7045667481807,235
d5_w240,MU,1783358700000,1783431000000,loss,-0.046,-22.351470023472103,485.90152224939357,1457.7045667481807,0,1457.7045667481807,1435.3530967247086,155
d5_w240,DELL,1783359000000,1783448400000,win,0.044000000000000004,21.37966697897332,485.90152224939357,971.8030444987871,1,1457.7045667481807,1456.732763703682,440
d5_w240,DELL,1783436700000,1783517400000,win,0.044000000000000004,20.396202297940548,463.5500522259215,463.5500522259215,2,1435.3530967247086,483.946254523862,295
d5_w240,HPE,1783359000000,1783517700000,win,0.044000000000000004,21.37966697897332,485.90152224939357,485.90152224939357,2,1457.7045667481807,991.227443752229,545
d5_w240,AVGO,1783450200000,1783519500000,win,0.044000000000000004,22.320372326048144,507.2811892283669,507.2811892283669,2,1456.732763703682,1520.829005306644,105
d5_w240,ARM,1783523100000,1783525800000,loss,-0.046,-23.319378081368537,506.9430017688813,1520.829005306644,0,1520.829005306644,1497.5096272252754,45
d5_w240,AMD,1783527900000,1783603800000,win,0.044000000000000004,21.279439442250563,483.62362368751275,483.62362368751275,2,1497.5096272252754,504.9030631297633,215
d5_w240,MRVL,1783523100000,1783603800000,win,0.044000000000000004,22.30549207783078,506.94300176888135,1013.8860035377627,1,1520.829005306644,1034.1515569764756,295
d5_w240,MU,1783523400000,1783603800000,win,0.044000000000000004,22.30549207783078,506.94300176888135,506.94300176888135,2,1520.829005306644,1563.400050823188,290
d5_w240,ARM,1783618500000,1783690200000,loss,-0.046,-23.972134112622214,521.133350274396,521.133350274396,2,1563.400050823188,497.1612161617738,145
d5_w240,MRVL,1783618200000,1783690200000,loss,-0.046,-23.972134112622214,521.133350274396,1563.400050823188,0,1563.400050823188,994.3224323235476,150
d5_w240,MU,1783618200000,1783690200000,loss,-0.046,-23.972134112622214,521.133350274396,1042.266700548792,1,1563.400050823188,1491.4836484853215,150
d5_w240,AMD,1783703100000,1783949400000,timeout,-0.037110359213043946,-18.449831318557216,497.16121616177384,994.3224323235477,1,1491.4836484853215,478.7113848432166,175
d5_w240,IBM,1783696200000,1783949400000,timeout,-0.0037732308664766238,-1.8759040464366619,497.16121616177384,1491.4836484853215,0,1491.4836484853215,973.9966969585538,290
d5_w240,INTC,1783704000000,1783949400000,loss,-0.046,-22.869415943441595,497.16121616177384,497.16121616177384,2,1491.4836484853215,1448.2884971768858,160
d5_w240,ARM,1783963800000,1784035800000,loss,-0.046,-22.207090290045585,482.7628323922953,965.5256647845906,1,1448.2884971768858,460.5557421022497,150
d5_w240,DELL,1783963800000,1784035800000,win,0.044000000000000004,21.241564625260995,482.7628323922953,482.7628323922953,2,1448.2884971768858,964.5601391198061,150
d5_w240,IBM,1783961400000,1784035800000,loss,-0.046,-22.20709029004558,482.76283239229525,1448.2884971768858,0,1448.2884971768858,1425.1158812220558,190
d5_w240,ARM,1784050200000,1784126400000,loss,-0.046,-21.851776845404853,475.03862707401856,475.03862707401856,2,1425.1158812220556,1403.2641043766507,220
d5_w240,QCOM,1784041500000,1784128500000,loss,-0.046,-21.851776845404853,475.03862707401856,950.0772541480371,1,1425.1158812220558,1381.4123275312459,400
d5_w240,IBM,1784129400000,1784208600000,loss,-0.046,-20.84659511051623,453.1868502286137,453.1868502286137,2,1381.4123275312459,885.5271053467112,270
d5_w240,TXN,1784037900000,1784208900000,loss,-0.046,-21.851776845404856,475.0386270740186,1425.1158812220558,0,1425.1158812220558,1338.7139555753251,750
d5_w240,ORCL,1784127900000,1784212800000,loss,-0.046,-20.84659511051623,453.1868502286137,453.1868502286137,2,1403.2641043766507,1317.8673604648088,365
d5_w240,AVGO,1784210400000,1784295000000,loss,-0.046,-20.36712342297436,442.76355267335566,885.5271053467113,1,1338.7139555753251,859.9483331461079,360
d5_w240,DELL,1784217900000,1784295000000,loss,-0.046,-20.127387579203422,437.5519038957266,875.1038077914532,1,1317.8673604648088,1277.3728494626312,235
d5_w240,SNDK,1784297100000,1784317200000,loss,-0.046,-19.3158817480388,419.91047278345224,419.91047278345224,2,1277.372849462631,1258.0569677145922,335
d5_w240,ARM,1784317800000,1784554200000,timeout,0.019617963812324397,7.858850190345632,400.59459103541343,400.59459103541343,2,1258.0569677145922,408.45344122575904,10
d5_w240,IBM,1784295000000,1784554200000,timeout,-0.024666835624732368,-10.357862609253072,419.91047278345224,839.8209455669045,1,1277.3728494626312,818.0060513999582,390
d5_w240,QCOM,1784223000000,1784554200000,timeout,0.0044525646801065796,1.9482281529995007,437.5519038957266,437.5519038957266,2,1317.8673604648088,1257.5061834486842,540
d5_w240,HPE,1784556900000,1784727000000,win,0.044000000000000004,18.443424023914037,419.16872781622806,419.16872781622806,2,1257.5061834486842,856.7808796563702,735
d5_w240,TXN,1784554200000,1784727000000,timeout,-0.013534363390381271,-5.673181884148649,419.16872781622806,1257.5061834486842,0,1257.5061834486842,1270.2764255884495,780
d5_w240,AVGO,1784555700000,1784728500000,timeout,0.017213588822741606,7.215398127980242,419.16872781622806,838.3374556324561,1,1257.5061834486842,1277.4918237164297,780
d5_w240,ORCL,1784727300000,1784818200000,loss,-0.046,-19.575477048761094,425.55384888611076,851.1076977722215,1,1270.2764255884495,1257.9163466676687,465
d5_w240,ARM,1784827800000,1784903400000,loss,-0.046,-19.13478926280771,415.9736796262546,831.9473592525092,1,1257.9163466676687,1238.781557404861,210
d5_w240,IBM,1784816100000,1785159000000,win,0.044000000000000004,18.74263544626702,425.9689874151595,851.937974830319,1,1277.4918237164297,444.7116228614265,735
d5_w240,TXN,1784828100000,1785159000000,timeout,0.0005970336691285601,0.24835029220817095,415.9736796262546,415.9736796262546,2,1257.9163466676687,860.9336527798894,535
d5_w240,TXN,1784905800000,1785159000000,timeout,0.007681895866313187,3.0484750314752747,396.83889036344686,396.83889036344686,2,1238.781557404861,1260.8210181748113,290
d5_w240,ARM,1785169800000,1785245400000,loss,-0.046,-19.33258894534711,420.2736727249371,420.2736727249371,2,1260.8210181748113,821.2147565045271,210
d5_w240,ORCL,1785160800000,1785245400000,loss,-0.046,-19.33258894534711,420.2736727249371,1260.8210181748113,0,1260.8210181748113,1222.1558402841172,360
d5_w240,QCOM,1785162000000,1785331800000,loss,-0.046,-19.33258894534711,420.2736727249371,840.5473454498742,1,1260.8210181748113,1202.8232513387702,730
d5_w240,DELL,1785337500000,1785342000000,loss,-0.046,-18.443289853861142,400.94108377959003,400.94108377959003,2,1202.8232513387702,1184.379961484909,75
d5_w240,TXN,1785248700000,1785421500000,timeout,0.00919005287398234,3.6846697592862157,400.94108377959003,801.8821675591801,1,1222.1558402841172,787.1235474646052,780
d5_w240,AVGO,1785249300000,1785422100000,timeout,0.024265970433011937,9.729224484375294,400.94108377959003,400.94108377959003,2,1222.1558402841172,1197.7938557285704,780
d5_w240,ARM,1785425700000,1785504600000,win,0.044000000000000004,17.936513359662516,407.6480309014208,815.2960618028416,1,1197.7938557285704,1215.730369088233,265
d5_w240,TXN,1785345000000,1785517800000,timeout,-0.00186103923414826,-0.7118434014709375,382.4977939257289,382.4977939257289,2,1184.379961484909,1215.0185256867621,780
d5_w240,DELL,1785511200000,1785763800000,timeout,-0.03293798779236356,-14.017898523490171,425.5845442610833,425.5845442610833,2,1215.730369088233,411.56664573759315,280
d5_w240,IBM,1785519000000,1785763800000,timeout,0.01344405894704615,5.132752824002169,381.78595052425794,381.78595052425794,2,1215.0185256867621,798.4853490858533,150
d5_w240,QCOM,1785432600000,1785763800000,loss,-0.046,-18.751809421465357,407.6480309014208,407.6480309014208,2,1197.7938557285704,1187.3815705658087,540
d5_w240,AMD,1785773700000,1785850200000,win,0.044000000000000004,17.414929701631866,395.7938568552696,791.5877137105392,1,1187.3815705658087,413.2087865569015,225
d5_w240,MU,1785773700000,1785850200000,win,0.044000000000000004,17.414929701631866,395.7938568552696,395.7938568552696,2,1187.381570565809,826.417573113803,225
d5_w240,QCOM,1785769800000,1785850200000,win,0.044000000000000004,17.414929701631863,395.79385685526955,1187.3815705658087,0,1187.3815705658087,1239.6263596707042,290
d5_w240,MU,1785867900000,1786023000000,loss,-0.046,-19.007604181617467,413.20878655690143,1239.6263596707042,0,1239.6263596707042,1220.6187554890867,485
d5_w240,DELL,1786038000000,1786111800000,loss,-0.046,-18.716154250832663,406.8729184963622,406.8729184963622,2,1220.6187554890867,1201.902601238254,180
d5_w240,AMD,1786024800000,1786368600000,timeout,-0.025764309503710885,-10.482799800818409,406.8729184963622,1220.6187554890867,0,1220.6187554890867,396.39011869554383,750
d5_w240,DELL,1786117500000,1786368600000,win,0.044000000000000004,17.0788976268033,388.15676424552953,388.15676424552953,2,1201.902601238254,801.6257805678766,255
d5_w240,MRVL,1786037100000,1786368600000,win,0.044000000000000004,17.90240841383994,406.8729184963622,813.7458369927244,1,1220.6187554890867,1226.4011074780788,545
d5_w240,MU,1786374000000,1786541400000,win,0.044000000000000004,17.987216243011826,408.8003691593596,1226.4011074780788,0,1226.4011074780788,426.7875854023714,690
d5_w240,SNDK,1786374600000,1786541400000,win,0.044000000000000004,17.987216243011822,408.80036915935955,408.80036915935955,2,1226.4011074780788,853.5751708047428,680
d5_w240,AMD,1786374600000,1786547400000,timeout,0.022160379674037507,9.0591713914581,408.80036915935955,817.6007383187191,1,1226.4011074780788,1271.4347113555602,780
d5_w240,ARM,1786553100000,1786628700000,win,0.044000000000000004,18.647709099881553,423.8115704518534,1271.4347113555602,0,1271.4347113555602,1290.0824204554417,210
d5_w240,ARM,1786728900000,1786973400000,timeout,-0.012540078240334757,-5.392578162997226,430.0274734851472,430.0274734851472,2,1290.0824204554415,424.63489532215,145
d5_w240,HPE,1786727400000,1786973400000,timeout,-0.03427151138603512,-14.737691453854136,430.0274734851472,860.0549469702944,1,1290.0824204554417,839.924677353443,170
d5_w240,TXN,1786723800000,1786973400000,timeout,0.0127243039849454,5.471800294503062,430.02747348514725,1290.0824204554417,0,1290.0824204554417,1275.4239511330934,230
d5_w240,ARM,1786981200000,1787059800000,loss,-0.046,-19.556500584040762,425.1413170443644,850.2826340887289,1,1275.4239511330934,405.5848164603237,260
d5_w240,HPE,1786977900000,1787059800000,loss,-0.046,-19.556500584040766,425.1413170443645,1275.4239511330934,0,1275.4239511330934,811.1696329206474,315
d5_w240,ORCL,1786981500000,1787059800000,loss,-0.046,-19.556500584040762,425.1413170443644,425.1413170443644,2,1275.4239511330934,1216.754449380971,255
d5_w240,ARM,1787074200000,1787146200000,win,0.044000000000000004,17.845731924254245,405.5848164603237,1216.754449380971,0,1216.754449380971,423.43054838457795,150
d5_w240,AVGO,1787074200000,1787146500000,loss,-0.046,-18.656901557174887,405.5848164603236,811.1696329206472,1,1216.754449380971,810.3584632877266,155
d5_w240,ORCL,1787074200000,1787148600000,loss,-0.046,-18.656901557174887,405.5848164603236,405.5848164603236,2,1216.754449380971,1197.2863781908754,190
d5_w240,ORCL,1787151900000,1787324700000,timeout,0.032266442340592956,12.877390629024417,399.09545939695846,1197.2863781908754,0,1197.2863781908754,811.0683094229414,780
d5_w240,ARM,1787152200000,1787325000000,timeout,-0.028067265602283335,-11.20151825955972,399.0954593969585,798.190918793917,1,1197.2863781908754,1198.9622505603402,780
d5_w240,TXN,1787155800000,1787328600000,timeout,-0.03844063709409961,-15.341483720581449,399.0954593969585,399.0954593969585,2,1197.2863781908754,1183.6207668397587,780
d5_w240,MU,1787328300000,1787578200000,loss,-0.046,-18.39693619675778,399.93339558169083,399.93339558169083,2,1198.9622505603402,381.53645938493304,235
d5_w240,SNDK,1787327400000,1787578200000,loss,-0.046,-18.39693619675778,399.93339558169083,799.8667911633817,1,1198.9622505603402,763.0729187698661,250
d5_w240,TXN,1787328900000,1787578200000,timeout,-0.011658485456678353,-4.4739901443655405,383.7539756763771,383.7539756763771,2,1183.6207668397587,1142.3529043018775,225
d5_w240,AMD,1787592600000,1787671200000,win,0.044000000000000004,16.754509263094207,380.7843014339592,380.7843014339592,2,1142.3529043018775,1159.1074135649717,260
d5_w240,DELL,1787582400000,1787751000000,win,0.044000000000000004,16.754509263094207,380.7843014339592,761.5686028679183,1,1142.3529043018775,1175.8619228280659,710
d5_w240,AVGO,1787581500000,1787754300000,timeout,-0.0336833149893646,-12.826077568205207,380.7843014339592,1142.3529043018775,0,1142.3529043018775,1163.0358452598607,780
d5_w240,ARM,1787752200000,1787837400000,win,0.044000000000000004,17.491707670670348,397.53881069705335,397.53881069705335,2,1175.8619228280659,415.0305183677237,370
d5_w240,SNDK,1787755200000,1787837400000,win,0.044000000000000004,16.190161850093176,367.95822386575395,367.95822386575395,2,1163.0358452598607,799.1789040835708,320
d5_w240,MU,1787672400000,1787845200000,timeout,-0.026164256508451438,-10.401307415142423,397.53881069705335,397.53881069705335,2,1159.1074135649717,1186.3164073654818,780
d5_w240,MU,1787853300000,1788183000000,timeout,0.023394356807223245,9.251036440057094,395.4388024551606,790.8776049103212,1,1186.3164073654818,404.6898388952177,515
d5_w240,SNDK,1787848800000,1788183000000,timeout,0.0200813678139602,7.940952040014028,395.4388024551606,1186.3164073654818,0,1186.3164073654818,808.0695933903924,590
d5_w240,SNDK,1787926500000,1788183000000,timeout,0.011010223263069557,4.353869501912176,395.4388024551606,395.4388024551606,2,1186.3164073654818,1207.8622653474652,345
d5_w240,SNDK,1788193500000,1788206100000,win,0.044000000000000004,17.715313225096157,402.6207551158217,805.2415102316434,1,1207.8622653474652,822.9568234567396,210
d5_w240,ARM,1788196800000,1788270000000,loss,-0.046,-18.520554735327796,402.6207551158217,402.6207551158217,2,1207.862265347465,1207.0570238372336,170
d5_w240,HPE,1788190800000,1788283200000,loss,-0.046,-18.5205547353278,402.62075511582174,1207.8622653474652,0,1207.8622653474652,1188.5364691019058,490
d5_w240,MRVL,1788275400000,1788448200000,timeout,-0.0009108797755510382,-0.3663723639490371,402.2181343607059,804.4362687214118,1,1207.0570238372336,1188.1700967379566,780
d5_w240,AMD,1788283800000,1788456600000,timeout,-0.004280565956901178,-1.6829437474902025,393.1591673705999,786.3183347411998,1,1188.5364691019058,793.3279856198666,780
d5_w240,ARM,1788283800000,1788456600000,timeout,0.020908419827004872,8.220336930220178,393.1591673705999,393.1591673705999,2,1188.5364691019058,1194.7074899206866,780
d5_w240,HPE,1788457200000,1788463500000,win,0.044000000000000004,17.442826014326457,396.4278639619649,396.4278639619649,2,1194.7074899206866,810.2985539382562,105
d5_w240,MRVL,1788448200000,1788533700000,win,0.044000000000000004,17.681477527857304,401.85176199675686,401.85176199675686,2,1188.1700967379566,1229.8317934628703,375
d5_w240,AVGO,1788456900000,1788874200000,timeout,0.033485745177946453,13.274682434067978,396.4278639619649,792.8557279239297,1,1194.7074899206866,826.4045111464856,535
d5_w240,AVGO,1788534600000,1788874200000,timeout,0.025051329524011796,10.43893823226674,416.70196475045276,833.4039295009055,1,1229.8317934628703,1253.545414129205,290
d5_w240,ORCL,1788970500000,1789067100000,loss,-0.046,-19.221029683314477,417.8484713764017,1253.545414129205,0,1253.545414129205,1234.3243844458905,560
d5_w240,QCOM,1788970800000,1789134300000,win,0.044000000000000004,18.385332740561676,417.8484713764017,835.6969427528034,1,1253.545414129205,1252.709717186452,625
d5_w240,ARM,1789061400000,1789392600000,loss,-0.046,-19.221029683314477,417.8484713764017,417.8484713764017,2,1253.545414129205,398.6274416930872,540
d5_w240,ARM,1789139100000,1789392600000,loss,-0.046,-20.066754989380314,436.23380411696337,436.23380411696337,2,1252.709717186452,814.7944908206703,295
d5_w240,INTC,1789133400000,1789392600000,loss,-0.046,-18.33686231788201,398.6274416930872,398.6274416930872,2,1234.3243844458905,1195.0850701958755,390
d5_w240,ARM,1789407000000,1789579800000,timeout,0.010217870969467363,4.070408348266101,398.36169006529184,1195.0850701958755,0,1195.0850701958755,402.4320984135579,780
d5_w240,AVGO,1789407000000,1789579800000,timeout,-0.025664039116003894,-10.223569996153069,398.3616900652918,796.7233801305836,1,1195.0850701958755,790.5702184826966,780
d5_w240,ORCL,1789407000000,1789579800000,timeout,-0.011418927026791143,-4.548863069124757,398.3616900652918,398.3616900652918,2,1195.0850701958752,1184.3830454788636,780
d5_w240,ARM,1789581000000,1789651800000,win,0.044000000000000004,17.37095133369,394.79434849295455,394.79434849295455,2,1184.3830454788636,412.16529982664457,130
d5_w240,MRVL,1789579800000,1789651800000,win,0.044000000000000004,17.370951333689998,394.7943484929545,1184.3830454788636,0,1184.3830454788636,824.330599653289,150
d5_w240,ORCL,1789580100000,1789654800000,win,0.044000000000000004,17.37095133369,394.79434849295455,789.5886969859091,1,1184.3830454788636,1236.4958994799338,195
d5_w240,AVGO,1789666200000,1789761300000,timeout,0.020016887875779828,8.25026659291712,412.1652998266446,412.1652998266446,2,1236.495899479934,420.41556641956174,535
d5_w240,IBM,1789657800000,1789761300000,timeout,-0.042791497224138324,-17.637170283418,412.16529982664457,1236.4958994799338,0,1236.4958994799338,814.9436959627884,675
d5_w240,TXN,1789662000000,1789761300000,timeout,0.02203639834576921,9.082638731283343,412.1652998266446,824.3305996532893,1,1236.4958994799338,1236.1916345207164,605
d5_w300,ARM,1782930600000,1783000800000,win,0.044000000000000004,22.000000000000004,500.0,500.0,2,1500.0,1022.0,120
d5_w300,QCOM,1782930300000,1783002600000,loss,-0.046,-23.0,500.0,1500.0,0,1500.0,1499.0,155
d5_w300,AMD,1783021200000,1783344600000,win,0.044000000000000004,21.978,499.5,499.5,2,1499.0,521.478,20
d5_w300,ORCL,1783016700000,1783344600000,timeout,0.012654728126465958,6.321036699169746,499.5,999.0,1,1499.0,1027.2990366991696,95
d5_w300,TXN,1782930300000,1783344600000,timeout,-0.0007547531544786993,-0.37737657723934964,500.0,1000.0,1,1500.0,1526.9216601219302,485
d5_w300,INTC,1783344600000,1783431000000,loss,-0.046,-23.41279878853626,508.97388670731004,1017.9477734146201,1,1526.9216601219302,994.5349746260839,390
d5_w300,MRVL,1783344600000,1783431000000,loss,-0.046,-23.41279878853626,508.97388670731004,508.97388670731004,2,1526.92166012193,1480.0960625448577,390
d5_w300,HPE,1783344600000,1783517400000,win,0.044000000000000004,22.394851015121645,508.9738867073101,1526.9216601219302,0,1526.9216601219302,1016.9298256412055,780
d5_w300,INTC,1783449000000,1783521900000,loss,-0.046,-22.335810044263592,485.56108791877375,971.1221758375475,1,1480.0960625448577,1480.1551035157158,165
d5_w300,AMD,1783530900000,1783603800000,win,0.044000000000000004,21.881068343132725,497.297007798471,497.297007798471,2,1480.1551035157158,519.1780761416037,165
d5_w300,MRVL,1783449000000,1783603800000,win,0.044000000000000004,21.364687868426046,485.56108791877375,485.56108791877375,2,1480.0960625448574,1026.1038519288036,480
d5_w300,MRVL,1783530300000,1783603800000,win,0.044000000000000004,21.881068343132725,497.297007798471,994.594015596942,1,1480.1551035157158,1545.2819280704073,175
d5_w300,ARM,1783622100000,1783690200000,loss,-0.046,-23.69432289707958,515.0939760234692,515.0939760234692,2,1545.2819280704075,491.3996531263896,85
d5_w300,MU,1783621800000,1783690200000,loss,-0.046,-23.69432289707958,515.0939760234692,1030.1879520469383,1,1545.2819280704075,982.7993062527792,90
d5_w300,MRVL,1783621800000,1783690500000,loss,-0.046,-23.694322897079577,515.093976023469,1545.2819280704073,0,1545.2819280704073,1474.1989593791686,95
d5_w300,ARM,1783708500000,1783949400000,loss,-0.046,-22.60438404381392,491.3996531263896,491.3996531263896,2,1474.1989593791686,468.79526908257566,85
d5_w300,INTC,1783707600000,1783949400000,loss,-0.046,-22.60438404381392,491.3996531263895,1474.1989593791686,0,1474.1989593791686,937.5905381651513,100
d5_w300,MRVL,1783708200000,1783949400000,loss,-0.046,-22.60438404381392,491.3996531263896,982.7993062527792,1,1474.1989593791686,1406.385807247727,90
d5_w300,IBM,1783964700000,1784035800000,loss,-0.046,-21.56458237779848,468.79526908257566,1406.385807247727,0,1406.385807247727,916.0259557873528,135
d5_w300,MU,1783967400000,1784035800000,win,0.044000000000000004,20.626991839633327,468.7952690825756,937.5905381651512,1,1406.385807247727,1405.4482167095616,90
d5_w300,QCOM,1783967400000,1784058900000,loss,-0.046,-21.564582377798477,468.7952690825756,468.7952690825756,2,1406.385807247727,915.5571605182702,475
d5_w300,SNDK,1784035800000,1784122200000,loss,-0.046,-21.54301779542068,468.32647381349307,936.6529476269861,1,1405.4482167095616,1362.3406165363426,390
d5_w300,IBM,1784139600000,1784208600000,loss,-0.046,-20.562325282625537,447.0070713614247,447.0070713614247,2,1362.3406165363426,426.4447460787992,100
d5_w300,QCOM,1784052900000,1784208600000,loss,-0.046,-21.54301779542068,468.32647381349307,468.32647381349307,2,1405.4482167095616,873.2282020968715,495
d5_w300,QCOM,1784135700000,1784209500000,loss,-0.046,-20.562325282625537,447.0070713614247,894.0141427228494,1,1362.3406165363426,1299.6729481756706,180
d5_w300,ARM,1784226600000,1784295300000,loss,-0.046,-19.928318538693617,433.2243160585569,1299.6729481756706,0,1299.6729481756706,846.5203135784201,95
d5_w300,AVGO,1784226600000,1784295300000,loss,-0.046,-19.928318538693613,433.22431605855684,866.4486321171137,1,1299.6729481756706,1259.8163110982832,95
d5_w300,HPE,1784297100000,1784554200000,timeout,-0.005122485756399614,-2.1171028604724698,413.29599751986325,413.29599751986325,2,1259.8163110982832,411.1788946593908,355
d5_w300,IBM,1784295600000,1784554200000,timeout,-0.021987131150372423,-9.08719330139323,413.29599751986325,826.5919950397265,1,1259.8163110982832,815.3876988778609,380
d5_w300,QCOM,1784226600000,1784554200000,timeout,0.0054579792523346046,2.3645293286544526,433.22431605855684,433.22431605855684,2,1299.6729481756706,1250.9765442650723,480
d5_w300,INTC,1784561700000,1784640600000,win,0.044000000000000004,18.347655982554397,416.9921814216908,416.9921814216908,2,1250.9765442650723,435.3398374042452,265
d5_w300,SNDK,1784554500000,1784640600000,win,0.044000000000000004,18.347655982554397,416.99218142169076,1250.9765442650723,0,1250.9765442650723,870.6796748084904,385
d5_w300,AMD,1784560200000,1784641800000,win,0.044000000000000004,18.347655982554397,416.9921814216908,833.9843628433816,1,1250.9765442650723,1306.0195122127357,310
d5_w300,IBM,1784658300000,1784813400000,loss,-0.046,-20.02563252059528,435.33983740424526,435.33983740424526,2,1306.0195122127357,850.6540422878952,485
d5_w300,TXN,1784643300000,1784813400000,loss,-0.046,-20.02563252059528,435.3398374042452,1306.0195122127357,0,1306.0195122127357,1265.968247171545,735
d5_w300,QCOM,1784646600000,1784819400000,timeout,-0.0314471393828829,-13.690192545772879,435.33983740424526,870.6796748084905,1,1306.0195122127357,1252.2780546257723,780
d5_w300,ARM,1784831400000,1784903700000,loss,-0.046,-19.250168544068814,418.48192487106115,836.9638497421223,1,1252.2780546257723,1233.0278860817034,155
d5_w300,IBM,1784818500000,1784915700000,win,0.044000000000000004,18.2738250148806,415.31420488364995,830.6284097672999,1,1265.968247171545,1251.301711096584,570
d5_w300,QCOM,1784918700000,1785159000000,timeout,0.009432543311121094,4.089837871201557,433.5880298985305,433.5880298985305,2,1251.301711096584,437.6778677697321,75
d5_w300,TXN,1784831700000,1785159000000,timeout,-0.002480535375230403,-1.038059218537179,418.48192487106115,418.48192487106115,2,1252.2780546257723,855.121733422256,475
d5_w300,TXN,1784913000000,1785159000000,timeout,0.00027409751373986234,0.10942843181522716,399.23175632699235,399.23175632699235,2,1233.0278860817034,1254.4629181810637,170
d5_w300,MU,1785160200000,1785160800000,loss,-0.046,-19.235098078776307,418.15430606035454,836.3086121207091,1,1254.4629181810637,817.0735140419328,10
d5_w300,ARM,1785159300000,1785162900000,loss,-0.046,-19.23509807877631,418.1543060603546,1254.4629181810637,0,1254.4629181810637,1215.992722023511,60
d5_w300,QCOM,1785172800000,1785331800000,loss,-0.046,-18.645221737693838,405.33090734117036,810.6618146823407,1,1215.992722023511,1197.3475002858172,550
d5_w300,TXN,1785169500000,1785342300000,timeout,-0.033985490930624855,-13.77536987534529,405.33090734117036,1215.992722023511,0,1215.992722023511,1183.5721304104718,780
d5_w300,AVGO,1785174000000,1785346800000,timeout,-0.013499395858760583,-5.471722371989064,405.33090734117036,405.33090734117036,2,1215.992722023511,1178.100408038483,780
d5_w300,AMD,1785350100000,1785418800000,win,0.044000000000000004,17.59380413864398,399.8591849691813,399.8591849691813,2,1178.100408038483,1195.694212177127,95
d5_w300,AVGO,1785342900000,1785504600000,win,0.044000000000000004,17.228443648496306,391.55553746582507,391.55553746582507,2,1183.5721304104718,408.78398111432136,595
d5_w300,HPE,1785429300000,1785504600000,win,0.044000000000000004,18.367931520744314,417.45298910782526,417.45298910782526,2,1195.694212177127,844.6049017428909,205
d5_w300,TXN,1785332100000,1785504900000,timeout,0.0015336541830157698,0.5930421192380927,386.68568560347654,386.68568560347654,2,1197.3475002858172,1231.8836294656055,780
d5_w300,AMD,1785518700000,1785763800000,loss,-0.046,-18.888882318472618,410.6278764885352,410.6278764885352,2,1231.8836294656057,391.7389941700626,155
d5_w300,DELL,1785518400000,1785763800000,loss,-0.046,-18.888882318472618,410.6278764885352,821.2557529770704,1,1231.8836294656055,783.4779883401252,160
d5_w300,HPE,1785511800000,1785763800000,timeout,-0.018188675617141985,-7.46877724480581,410.62787648853515,1231.8836294656055,0,1231.8836294656055,1186.6370875838545,270
d5_w300,AMD,1785777300000,1785850200000,win,0.044000000000000004,17.40401061789653,395.5456958612848,791.0913917225696,1,1186.6370875838545,412.9497064791813,165
d5_w300,MU,1785777300000,1785850200000,win,0.044000000000000004,17.40401061789653,395.5456958612848,395.5456958612848,2,1186.6370875838543,825.8994129583627,165
d5_w300,QCOM,1785774600000,1785850200000,win,0.044000000000000004,17.404010617896535,395.54569586128486,1186.6370875838545,0,1186.6370875838545,1238.8491194375442,210
d5_w300,MU,1785868800000,1786023000000,loss,-0.046,-18.995686498042346,412.94970647918143,1238.8491194375442,0,1238.8491194375442,1219.853432939502,470
d5_w300,DELL,1786041900000,1786110900000,loss,-0.046,-18.704419305072363,406.61781097983396,406.61781097983396,2,1219.853432939502,1201.1490136344296,100
d5_w300,AMD,1786028400000,1786368600000,timeout,-0.04444492255118825,-18.072097116932426,406.617810979834,1219.853432939502,0,1219.853432939502,388.5457138629016,690
d5_w300,DELL,1786123200000,1786368600000,timeout,0.013601477948669732,5.276195442857955,387.9133916747616,387.9133916747616,2,1201.1490136344296,781.7353009805212,160
d5_w300,MRVL,1786040700000,1786368600000,win,0.044000000000000004,17.891183683112697,406.61781097983396,813.2356219596679,1,1219.853432939502,1206.244295643468,485
d5_w300,MU,1786381200000,1786542300000,win,0.044000000000000004,17.691583002770866,402.081431881156,1206.244295643468,0,1206.244295643468,1223.9358786462387,585
d5_w300,AMD,1786383300000,1786556100000,timeout,0.020995149806231968,8.441759896649124,402.08143188115594,804.1628637623119,1,1206.244295643468,410.52319177780504,780
d5_w300,ARM,1786386600000,1786559400000,timeout,0.002316294713223815,0.931339094951783,402.08143188115594,402.08143188115594,2,1206.244295643468,813.5359627539127,780
d5_w300,ARM,1786549200000,1786628700000,win,0.044000000000000004,18.470012654892784,419.77301488392686,419.77301488392686,2,1223.9358786462387,1251.7789902927325,275
d5_w300,ARM,1786732500000,1786973400000,timeout,-0.009559998049980973,-3.9890015687352243,417.2596634309108,417.2596634309108,2,1251.7789902927325,413.2706618621756,85
d5_w300,HPE,1786730400000,1786973400000,timeout,-0.03950728884022158,-16.484798044538636,417.2596634309108,834.5193268618216,1,1251.7789902927325,814.0455272485478,120
d5_w300,TXN,1786727400000,1786973400000,timeout,0.014270216626720572,5.9543857867516135,417.25966343091085,1251.7789902927325,0,1251.7789902927325,1237.2595764662103,170
d5_w300,ARM,1786987500000,1787059800000,loss,-0.046,-18.97131350581522,412.41985882207007,824.8397176441401,1,1237.2595764662103,805.868404138325,155
d5_w300,AVGO,1786989000000,1787060700000,loss,-0.046,-18.97131350581522,412.41985882207007,412.41985882207007,2,1237.25957646621,1199.3169494545798,145
d5_w300,ARM,1787077800000,1787146200000,win,0.044000000000000004,17.311735993915214,393.4485453162548,786.8970906325096,1,1199.3169494545798,410.76028131017,90
d5_w300,AVGO,1787077800000,1787146500000,loss,-0.046,-18.09863308454772,393.4485453162548,393.4485453162548,2,1199.3169494545796,786.110193541877,95
d5_w300,ORCL,1786985100000,1787146500000,loss,-0.046,-18.971313505815225,412.4198588220701,1237.2595764662103,0,1237.2595764662103,1179.5587388581318,590
d5_w300,MU,1787162100000,1787255700000,win,0.044000000000000004,17.300194836585934,393.1862462860439,393.1862462860439,2,1179.5587388581316,1196.8589336947177,510
d5_w300,ARM,1787159100000,1787331900000,timeout,-0.03282983505737857,-12.908239612400651,393.18624628604397,1179.5587388581318,0,1179.5587388581318,790.7644477962731,780
d5_w300,ORCL,1787159100000,1787331900000,timeout,0.01398759760857527,5.499730998275354,393.1862462860439,786.3724925720878,1,1179.5587388581318,1189.4504250805924,780
d5_w300,ARM,1787322900000,1787578200000,loss,-0.046,-18.882376291640973,410.48644112262986,410.48644112262986,2,1196.8589336947177,391.6040648309889,325
d5_w300,INTC,1787337000000,1787578200000,timeout,-0.04412051078729961,-17.184144428567585,389.4819919789813,389.4819919789813,2,1189.4504250805924,763.9019123814026,90
d5_w300,MU,1787332200000,1787578200000,loss,-0.046,-17.916171631033137,389.4819919789813,778.9639839579626,1,1189.4504250805924,1135.4677327293507,170
d5_w300,DELL,1787582100000,1787751000000,win,0.044000000000000004,16.653526746697146,378.4892442431169,756.9784884862338,1,1135.4677327293507,773.6320152329309,715
d5_w300,AVGO,1787581800000,1787754600000,timeout,-0.036479826022191124,-13.807221781259507,378.4892442431169,1135.4677327293507,0,1135.4677327293507,1138.3140376947883,780
d5_w300,TXN,1787586300000,1787759100000,timeout,0.008478764478764505,3.2091211596829625,378.4892442431169,378.4892442431169,2,1135.4677327293507,1141.5231588544714,780
d5_w300,ARM,1787758500000,1787837400000,win,0.044000000000000004,16.716145455936772,379.9123967258357,379.9123967258357,2,1138.3140376947883,778.3269075845724,265
d5_w300,MRVL,1787757600000,1787837400000,win,0.044000000000000004,16.716145455936772,379.9123967258357,759.8247934516714,1,1138.3140376947883,1174.9554497663448,280
d5_w300,MU,1787760000000,1787932800000,timeout,-0.028633574454971715,-10.92938856510207,381.6983654027999,381.6983654027999,2,1141.5231588544714,1164.0260612012428,780
d5_w300,MU,1787841300000,1788183000000,timeout,0.010530940628675994,4.176871629354558,396.6285421817725,793.257084363545,1,1174.9554497663448,400.80541381112704,715
d5_w300,MU,1787940900000,1788183000000,timeout,0.004893160433522286,1.8142320874397642,370.76897683769783,370.76897683769783,2,1164.0260612012428,773.3886227362647,105
d5_w300,SNDK,1787848800000,1788183000000,timeout,0.0200813678139602,7.964843641067002,396.6285421817725,396.6285421817725,2,1174.9554497663448,1177.9820085591043,590
d5_w300,ARM,1788184200000,1788269400000,loss,-0.046,-18.062390797906268,392.66066951970146,1177.9820085591043,0,1177.9820085591043,1159.919617761198,370
d5_w300,HPE,1788185700000,1788282900000,loss,-0.046,-18.062390797906264,392.6606695197014,785.3213390394028,1,1177.9820085591043,1141.8572269632916,570
d5_w300,AMD,1788186300000,1788359100000,timeout,-0.02082137950371609,-8.175736816252948,392.6606695197014,392.6606695197014,2,1177.982008559104,1133.6814901470389,780
d5_w300,MRVL,1788282600000,1788455400000,timeout,0.005757351429279472,2.1566939354045576,374.59827872179517,374.59827872179517,2,1159.919617761198,761.2399053606482,780
d5_w300,AMD,1788287400000,1788460200000,timeout,-0.00013073434713794553,-0.04897286140769204,374.5982787217951,374.5982787217951,2,1141.8572269632916,1135.7892112210357,780
d5_w300,SNDK,1788462900000,1788528600000,win,0.044000000000000004,16.52869412738692,375.65213925879357,751.3042785175871,1,1135.7892112210357,767.832972644974,45
d5_w300,MRVL,1788363900000,1788529500000,win,0.044000000000000004,16.917337038951732,384.48493270344846,384.48493270344846,2,1133.6814901470389,1169.2352423873742,660
d5_w300,MRVL,1788463500000,1788534000000,win,0.044000000000000004,16.52869412738692,375.65213925879357,375.65213925879357,2,1135.7892112210357,788.9723849504708,125
d5_w300,AVGO,1788530700000,1788874200000,timeout,0.030612853683708703,12.146921710969377,396.79155156429033,793.5831031285807,1,1169.2352423873742,1197.9108582257304,355
d5_w300,ORCL,1788974100000,1789048200000,loss,-0.046,-18.367966492794533,399.3036194085768,1197.9108582257304,0,1197.9108582257304,1179.542891732936,185
d5_w300,DELL,1789065000000,1789133700000,win,0.044000000000000004,17.1652639911359,390.1196361621795,780.239272324359,1,1179.542891732936,797.404536315495,95
d5_w300,QCOM,1788974400000,1789134000000,win,0.044000000000000004,17.569359253977378,399.30361940857676,798.6072388171535,1,1197.9108582257304,1214.277514978049,560
d5_w300,INTC,1789143900000,1789392600000,loss,-0.046,-18.955631212765,412.0789394079348,824.1578788158696,1,1214.277514978049,393.1233081951698,215
d5_w300,MRVL,1789065000000,1789392600000,loss,-0.046,-17.945503263460257,390.1196361621795,390.1196361621795,2,1179.542891732936,765.297441093889,480
d5_w300,MU,1789146300000,1789392600000,loss,-0.046,-18.955631212765,412.0789394079348,412.0789394079348,2,1214.277514978049,1158.420749289059,175
d5_w300,ARM,1789410600000,1789583400000,timeout,0.00686065555932514,2.649175251215859,386.14024976301965,1158.420749289059,0,1158.420749289059,388.7894250142355,780
d5_w300,AVGO,1789410600000,1789583400000,timeout,-0.02785959305076912,-10.757710218920073,386.1402497630196,772.2804995260392,1,1158.420749289059,764.1719645583349,780
d5_w300,ORCL,1789410600000,1789583400000,timeout,-0.0033160829085827574,-1.2804730825550263,386.1402497630196,386.1402497630196,2,1158.4207492890587,1149.0317412387994,780
d5_w300,MRVL,1789583700000,1789651800000,win,0.044000000000000004,16.85246553816906,383.0105804129331,766.0211608258662,1,1149.0317412387994,782.8736263640353,85
d5_w300,HPE,1789583700000,1789652700000,win,0.044000000000000004,16.85246553816906,383.01058041293317,1149.0317412387994,0,1149.0317412387994,1182.7366723151376,100
d5_w300,AVGO,1789669800000,1789761300000,timeout,0.020723685137226562,8.17022079910334,394.24555743837925,394.24555743837925,2,1182.7366723151376,402.4157782374826,475
d5_w300,IBM,1789661400000,1789761300000,timeout,-0.0429935078146415,-16.94999945461465,394.2455574383792,1182.7366723151376,0,1182.7366723151376,779.7113362212472,615
d5_w300,TXN,1789665600000,1789761300000,timeout,0.020750364775565806,8.18073912799265,394.24555743837925,788.4911148767585,1,1182.7366723151376,1182.1376327876192,545
