combo,symbol,entry_time,exit_time,outcome,ret,pnl,notional,cash_before,open_count_at_entry,equity_before,equity_after,hold_minutes
d4_w30,ARM,1782913500000,1783000500000,win,0.041046875090221986,20.523437545110994,500.0,1000.0,1,1500.0,1520.523437545111,400
d4_w30,ARM,1783000500000,1783002300000,loss,-0.046,-23.9440781270751,520.5234375451109,520.5234375451109,2,1520.523437545111,496.57935941803584,30
d4_w30,QCOM,1782913200000,1783003200000,loss,-0.046,-23.0,500.0,1500.0,0,1500.0,973.5793594180359,450
d4_w30,HPE,1782913500000,1783005000000,loss,-0.046,-23.0,500.0,500.0,2,1500.0,1450.579359418036,475
d4_w30,MU,1783005900000,1783014300000,loss,-0.046,-22.24221684440988,483.5264531393453,1450.579359418036,0,1450.579359418036,1428.3371425736261,140
d4_w30,AMD,1783006200000,1783344600000,timeout,0.03540450059726941,17.11901259896751,483.52645313934534,967.0529062786907,1,1450.579359418036,500.64546573831285,270
d4_w30,AVGO,1783006200000,1783344600000,timeout,0.037478891400661414,18.122035426556526,483.52645313934534,483.52645313934534,2,1450.579359418036,1002.2939543042147,270
d4_w30,MU,1783015200000,1783344600000,timeout,0.04215472335027771,19.44530936685713,461.2842362949354,461.2842362949354,2,1428.3371425736261,1483.0234999660072,120
d4_w30,ARM,1783344600000,1783431000000,loss,-0.046,-22.739693666145442,494.3411666553357,1483.0234999660072,0,1483.0234999660072,965.942639644526,390
d4_w30,AVGO,1783344900000,1783431000000,loss,-0.046,-22.739693666145445,494.34116665533577,494.34116665533577,2,1483.0234999660074,1437.5441126337164,385
d4_w30,ORCL,1783431300000,1783434300000,loss,-0.046,-21.693667757502755,471.6014729891903,943.2029459783806,1,1437.5441126337164,449.9078052316876,50
d4_w30,ARM,1783431600000,1783435200000,loss,-0.046,-21.693667757502755,471.6014729891903,471.6014729891903,2,1437.5441126337164,899.815610463375,60
d4_w30,ORCL,1783344600000,1783435200000,loss,-0.046,-22.739693666145445,494.34116665533577,988.6823333106715,1,1483.0234999660072,1371.4170834525653,460
d4_w30,SNDK,1783435800000,1783443900000,win,0.03760767514360586,17.191936053625163,457.13902781752176,457.13902781752176,2,1371.4170834525653,1388.6090195061904,135
d4_w30,INTC,1783443900000,1783517700000,loss,-0.046,-21.819224338072758,474.33096387114693,474.33096387114693,2,1388.6090195061904,1366.7897951681177,180
d4_w30,AVGO,1783435800000,1783518300000,win,0.0435102137412875,19.890216809824746,457.13902781752176,1371.4170834525653,0,1371.4170834525653,1386.6800119779425,325
d4_w30,DELL,1783517700000,1783519800000,loss,-0.046,-20.815540018521414,452.5117395330742,452.5117395330742,2,1366.7897951681177,1365.864471959421,35
d4_w30,HPE,1783435800000,1783603800000,win,0.06894966928682011,31.519584786116585,457.13902781752176,914.2780556350435,1,1371.4170834525653,488.65861260363835,700
d4_w30,MU,1783518300000,1783603800000,win,0.07100145296352411,33.869769474633976,477.0292446273465,477.0292446273465,2,1386.6800119779425,999.5576267056188,375
d4_w30,MU,1783521000000,1783603800000,win,0.061283787360855164,26.45597809553916,431.6961995145528,431.6961995145528,2,1365.864471959421,1457.7098043157107,330
d4_w30,INTC,1783603800000,1783690200000,loss,-0.046,-22.351550332840894,485.90326810523686,485.90326810523686,2,1457.7098043157107,1435.3582539828697,390
d4_w30,AMD,1783603800000,1783949400000,timeout,-0.027014231754392763,-13.126303494811712,485.9032681052369,1457.7098043157107,0,1457.7098043157107,472.7769646104252,780
d4_w30,DELL,1783603800000,1783949400000,timeout,-0.03298432566230291,-16.027191635560413,485.90326810523686,971.8065362104737,1,1457.7098043157107,942.6530410801016,780
d4_w30,IBM,1783690200000,1783949400000,timeout,-0.019122434949400573,-8.864237568785535,463.551717772396,463.551717772396,2,1435.3582539828697,1397.3405212837122,390
d4_w30,IBM,1783949700000,1784035800000,loss,-0.046,-21.425887993016918,465.7801737612374,1397.3405212837122,0,1397.3405212837122,910.1344595294579,385
d4_w30,MU,1783950600000,1784035800000,win,0.0731474722602492,34.070642339574164,465.7801737612374,931.5603475224748,1,1397.3405212837122,1409.9852756302694,370
d4_w30,QCOM,1783950600000,1784045700000,loss,-0.046,-21.425887993016918,465.7801737612374,465.7801737612374,2,1397.3405212837122,1388.5593876372525,535
d4_w30,INTC,1784035800000,1784125500000,loss,-0.046,-21.71671734298774,472.10255093451605,472.10255093451605,2,1409.9852756302696,1366.8426702942647,445
d4_w30,HPE,1784035800000,1784126400000,loss,-0.046,-21.71671734298774,472.10255093451605,944.2051018690321,1,1409.9852756302694,1345.125952951277,460
d4_w30,ORCL,1784125500000,1784209200000,loss,-0.046,-20.7177483452103,450.3858335915283,450.3858335915283,2,1366.8426702942647,874.0223710145385,345
d4_w30,QCOM,1784126700000,1784209200000,loss,-0.046,-20.7177483452103,450.3858335915283,450.3858335915283,2,1345.125952951277,1303.6904562608565,325
d4_w30,SNDK,1784210400000,1784216700000,loss,-0.046,-19.76473192133063,429.668085246318,429.668085246318,2,1303.6904562608565,1283.925724339526,105
d4_w30,ORCL,1784046300000,1784219100000,timeout,-0.034738265570231845,-15.436097186287135,444.35428576822045,444.35428576822045,2,1388.5593876372525,1268.4896271532386,780
d4_w30,AVGO,1784210400000,1784295000000,loss,-0.046,-19.76473192133063,429.668085246318,859.336170492636,1,1303.6904562608565,409.9033533249874,360
d4_w30,DELL,1784219400000,1784295000000,loss,-0.046,-19.730236674768932,428.9181885819333,428.9181885819333,2,1268.4896271532386,819.0913052321517,210
d4_w30,QCOM,1784216700000,1784295000000,loss,-0.046,-18.85555425294942,409.9033533249874,409.9033533249874,2,1283.925724339526,1210.13910430419,255
d4_w30,SNDK,1784295900000,1784296800000,win,0.04966764559074522,20.034920049360792,403.37970143473,806.75940286946,1,1210.13910430419,1230.1740243535507,15
d4_w30,ARM,1784296200000,1784298000000,win,0.03971617835799247,16.020700168175487,403.37970143473,403.37970143473,2,1210.13910430419,1246.1947245217261,30
d4_w30,SNDK,1784296800000,1784303700000,win,0.0505925101238185,21.42160852400664,423.4146214840908,423.4146214840908,2,1230.1740243535507,1267.6163330457327,115
d4_w30,ARM,1784303700000,1784554200000,timeout,0.02408477558044498,10.71378076979623,444.8362300080974,444.8362300080974,2,1267.6163330457327,455.55001077789365,245
d4_w30,DELL,1784298000000,1784554200000,timeout,0.009669829209142394,4.055530253745826,419.4004016029055,419.4004016029055,2,1246.1947245217261,879.005942634545,340
d4_w30,QCOM,1784295900000,1784554200000,win,0.03657306184690779,14.752830768359578,403.37970143472995,1210.13910430419,0,1210.13910430419,1297.1384748376347,375
d4_w30,ARM,1784554200000,1784643900000,win,0.03948840690862521,17.073977303740676,432.3794916125449,1297.1384748376347,0,1297.1384748376347,1314.2124521413755,445
d4_w30,INTC,1784554500000,1784653200000,win,0.042793676830655165,18.503108232270225,432.37949161254494,432.37949161254494,2,1297.138474837635,1332.7155603736455,595
d4_w30,AMD,1784554500000,1784659800000,win,0.04159792543522057,17.986089851817223,432.37949161254494,864.7589832250899,1,1297.1384748376347,1350.7016502254628,705
d4_w30,HPE,1784662200000,1784727000000,win,0.0394590057674531,17.770978076464633,450.36558146436215,450.36558146436215,2,1350.7016502254628,1368.4726283019274,30
d4_w30,IBM,1784643900000,1784813400000,loss,-0.046,-20.674859570149135,449.45346891628554,449.45346891628554,2,1314.2124521413755,428.7786093461364,725
d4_w30,IBM,1784655900000,1784813400000,loss,-0.046,-20.740599592861496,450.88259984481516,450.88259984481516,2,1332.7155603736455,858.9206095980901,525
d4_w30,TXN,1784727600000,1784813400000,loss,-0.046,-21.534281738878033,468.1365595408268,468.1365595408268,2,1368.4726283019274,1305.5228874000388,380
d4_w30,ORCL,1784814300000,1784900400000,loss,-0.046,-20.018017606800594,435.17429580001294,870.3485916000259,1,1305.5228874000388,1285.5048697932382,385
d4_w30,ARM,1784814000000,1784903400000,loss,-0.046,-20.018017606800594,435.17429580001294,1305.5228874000388,0,1305.5228874000388,1265.4868521864375,440
d4_w30,DELL,1784901600000,1785159000000,timeout,0.004779094459284266,1.9840710688502585,415.15627819321236,415.15627819321236,2,1285.5048697932382,417.1403492620626,360
d4_w30,ORCL,1784903400000,1785159000000,timeout,0.00623896225604415,2.590144350007217,415.15627819321236,415.15627819321236,2,1265.4868521864375,834.8867718052823,330
d4_w30,TXN,1784814900000,1785159000000,timeout,-0.01258101410295553,-5.4749339527037035,435.17429580001294,435.17429580001294,2,1305.5228874000388,1264.5861336525916,755
d4_w30,MRVL,1785159000000,1785161700000,loss,-0.046,-19.390320716006404,421.5287112175305,421.5287112175305,2,1264.5861336525913,823.6671017190547,45
d4_w30,HPE,1785159000000,1785163200000,loss,-0.046,-19.390320716006404,421.5287112175305,843.057422435061,1,1264.5861336525916,1225.8054922205788,70
d4_w30,ARM,1785163800000,1785245400000,loss,-0.046,-18.498365963070107,402.1383905015241,804.2767810030482,1,1225.8054922205788,1207.3071262575086,310
d4_w30,AVGO,1785159000000,1785331800000,timeout,-0.02297502225741787,-9.684631522363434,421.52871121753054,1264.5861336525916,0,1264.5861336525916,1197.6224947351452,780
d4_w30,DELL,1785332700000,1785336000000,loss,-0.046,-18.944827665977687,411.8440796951671,411.8440796951671,2,1197.6224947351452,776.5392765676434,55
d4_w30,AVGO,1785163800000,1785336600000,timeout,-0.019923114716581362,-8.011849285903258,402.1383905015241,402.1383905015241,2,1225.8054922205788,1170.6658177832642,780
d4_w30,SNDK,1785336600000,1785348000000,win,0.04234014196244363,16.66139190704504,393.51289662240515,393.51289662240515,2,1170.6658177832642,1187.3272096903092,190
d4_w30,AMD,1785348300000,1785418200000,win,0.03638656714427536,14.924834290432212,410.17428852945017,410.17428852945017,2,1187.3272096903092,808.7391473583364,115
d4_w30,QCOM,1785336600000,1785418200000,loss,-0.046,-18.101593244630635,393.51289662240515,787.0257932448103,1,1170.6658177832642,1184.150450736111,310
d4_w30,ARM,1785418200000,1785419400000,loss,-0.046,-18.41173980254611,400.25521309882845,800.5104261976569,1,1184.150450736111,782.0986863951108,20
d4_w30,AVGO,1785246600000,1785419400000,timeout,0.018440471119603792,7.0745027928254505,383.640024538454,383.640024538454,2,1207.3071262575086,1172.8132137263901,780
d4_w30,AMD,1785419400000,1785504600000,win,0.061393518868017034,23.715027094082867,386.2790003137809,772.5580006275618,1,1172.8132137263901,409.99402740786377,370
d4_w30,HPE,1785419400000,1785504600000,win,0.06170891932557599,23.83685966752725,386.2790003137809,386.2790003137809,2,1172.8132137263901,820.109887389172,370
d4_w30,ORCL,1785418200000,1785504600000,win,0.05891377611730087,23.58054601428693,400.25521309882845,400.25521309882845,2,1184.150450736111,1243.9456465022872,390
d4_w30,MU,1785504600000,1785505500000,loss,-0.046,-19.073833246368405,414.6485488340958,414.6485488340958,2,1243.9456465022872,1224.8718132559188,15
d4_w30,HPE,1785504600000,1785506400000,loss,-0.046,-19.073833246368405,414.6485488340958,829.2970976681916,1,1243.9456465022872,395.5747155877274,30
d4_w30,ARM,1785504600000,1785507000000,loss,-0.046,-19.0738332463684,414.6485488340957,1243.9456465022872,0,1243.9456465022872,791.1494311754548,40
d4_w30,ARM,1785506100000,1785507000000,loss,-0.046,-18.19643691703546,395.5747155877274,395.5747155877274,2,1224.8718132559188,1168.5277098461465,15
d4_w30,DELL,1785508500000,1785763800000,loss,-0.046,-17.91742488430758,389.5092366153822,779.0184732307644,1,1168.5277098461465,371.5918117310746,325
d4_w30,IBM,1785508800000,1785763800000,timeout,0.020149857950890977,7.848555788359934,389.5092366153822,389.5092366153822,2,1168.5277098461465,768.9496041348167,320
d4_w30,QCOM,1785507900000,1785763800000,timeout,-0.027309480276968105,-10.637294815044683,389.5092366153822,1168.5277098461465,0,1168.5277098461465,1147.821545935154,335
d4_w30,MRVL,1785764400000,1785767700000,win,0.03715989242991325,14.217641725229019,382.6071819783847,1147.821545935154,0,1147.821545935154,1162.039187660383,55
d4_w30,MU,1785764700000,1785768600000,win,0.04445896604143163,17.010319710784856,382.6071819783847,382.6071819783847,2,1147.821545935154,1179.049507371168,65
d4_w30,INTC,1785764700000,1785769500000,win,0.03725642485295189,14.254575723577378,382.6071819783847,765.2143639567694,1,1147.821545935154,1193.3040830947452,80
d4_w30,ARM,1785768600000,1785850200000,win,0.08934893737725846,35.705399133282086,399.61750168916956,399.61750168916956,2,1179.049507371168,435.32290082245163,310
d4_w30,ARM,1785771600000,1785850200000,win,0.09500726422256833,37.704749873823204,396.86175770196206,396.86175770196206,2,1193.3040830947452,869.8894083982368,260
d4_w30,AVGO,1785767700000,1785850200000,win,0.05230395077166628,20.755506043968964,396.82482370361373,396.82482370361373,2,1162.039187660383,1287.4697381458195,325
d4_w30,ARM,1785850500000,1785866400000,win,0.0482895556338916,20.7237805157148,429.1565793819399,858.3131587638798,1,1287.4697381458195,1308.1935186615344,265
d4_w30,AMD,1785850500000,1785936600000,loss,-0.046,-19.741202651569232,429.1565793819398,1287.4697381458195,0,1287.4697381458195,1288.4523160099652,385
d4_w30,INTC,1785850500000,1785937800000,win,0.03691677808401606,15.843078204338498,429.1565793819399,429.1565793819399,2,1287.4697381458195,1304.2953942143035,405
d4_w30,MU,1785870300000,1786023000000,loss,-0.046,-20.694496555292115,449.88035989765467,449.88035989765467,2,1308.1935186615344,874.1855209286409,445
d4_w30,MU,1785937500000,1786023000000,loss,-0.046,-18.83310732959705,409.4153767303706,409.4153767303706,2,1288.4523160099652,1264.7677903294145,375
d4_w30,ARM,1786023600000,1786025400000,win,0.04558375795417558,18.684056070754796,409.88406637156805,819.7681327431361,1,1264.7677903294145,1283.4518464001694,30
d4_w30,DELL,1786025400000,1786110300000,loss,-0.046,-19.71413363234685,428.5681224423229,428.5681224423229,2,1283.4518464001694,1263.7377127678224,365
d4_w30,AMD,1785954300000,1786127100000,timeout,-0.02492102962306985,-11.089849648963582,444.9996575862784,444.9996575862784,2,1304.2953942143035,1252.6478631188588,780
d4_w30,AMD,1786110600000,1786368600000,timeout,-0.03916101121091852,-16.011135639416228,408.85398880997604,408.85398880997604,2,1263.7377127678224,392.8428531705598,370
d4_w30,ORCL,1786023600000,1786368600000,timeout,0.016602855593113926,6.8052459638854685,409.88406637156805,409.88406637156805,2,1264.7677903294145,809.5321655060134,770
d4_w30,SNDK,1786128900000,1786368600000,timeout,-0.021455026924335423,-9.309546612028301,433.9098079373148,433.9098079373148,2,1252.6478631188588,1234.1324268312999,65
d4_w30,MU,1786369800000,1786541400000,win,0.038487303648276246,15.832809817880102,411.3774756104333,822.7549512208666,1,1234.1324268312999,838.5877610387467,760
d4_w30,SNDK,1786369800000,1786541400000,win,0.08254335329554063,33.956476307139646,411.3774756104333,411.3774756104333,2,1234.1324268312999,1283.9217129563197,760
d4_w30,AMD,1786369500000,1786542300000,timeout,0.010806425719995577,4.4455201330634395,411.3774756104333,1234.1324268312999,0,1234.1324268312999,1288.367233089383,780
d4_w30,MU,1786542300000,1786634400000,win,0.04175913506405294,17.36440864199179,415.82299574349673,415.82299574349673,2,1288.367233089383,1305.731641731375,485
d4_w30,AVGO,1786541400000,1786714200000,timeout,-0.03579818825452152,-15.617751434452972,436.2721186729432,872.5442373458864,1,1283.9217129563197,853.8417716239787,780
d4_w30,MRVL,1786541400000,1786714200000,timeout,-0.022371593880619704,-9.76010266038861,436.2721186729432,436.2721186729432,2,1283.9217129563197,1280.3537876365333,780
d4_w30,HPE,1786647900000,1786973400000,loss,-0.046,-19.926620601732473,433.18740438548855,433.18740438548855,2,1305.731641731375,413.2607837837561,445
d4_w30,HPE,1786716000000,1786973400000,timeout,-0.03999523233445867,-16.941308162034293,423.5831916255224,423.5831916255224,2,1280.3537876365333,819.9026672472443,360
d4_w30,TXN,1786715100000,1786973400000,timeout,0.018527448659024788,7.847915835667725,423.5831916255224,847.1663832510447,1,1280.3537876365333,1251.3337747084342,375
d4_w30,ARM,1786974300000,1787059800000,loss,-0.046,-19.187117878862658,417.11125823614475,417.11125823614475,2,1251.3337747084342,397.9241403572821,375
d4_w30,INTC,1786974000000,1787059800000,loss,-0.046,-19.187117878862658,417.11125823614475,834.2225164722895,1,1251.3337747084342,795.8482807145642,380
d4_w30,MRVL,1786973700000,1787059800000,loss,-0.046,-19.187117878862658,417.11125823614475,1251.3337747084342,0,1251.3337747084342,1193.7724210718463,385
d4_w30,INTC,1787060400000,1787146500000,loss,-0.046,-18.304510456434976,397.9241403572821,795.8482807145642,1,1193.7724210718463,1175.4679106154113,385
d4_w30,IBM,1787060100000,1787232900000,timeout,0.009074511630670306,3.61096723979664,397.9241403572821,1193.7724210718463,0,1193.7724210718463,1179.078877855208,780
d4_w30,QCOM,1787060400000,1787233200000,timeout,0.011711360691358813,4.660233135523021,397.9241403572821,397.9241403572821,2,1193.7724210718463,1183.739110990731,780
d4_w30,ARM,1787149200000,1787322000000,timeout,-0.010673520016701516,-4.051877718479513,379.61962990084714,379.61962990084714,2,1175.4679106154113,1179.6872332722517,780
d4_w30,ARM,1787233200000,1787578200000,loss,-0.046,-18.518881180669034,402.5843734928051,402.5843734928051,2,1183.739110990731,384.0654923121361,770
d4_w30,AVGO,1787322300000,1787578200000,timeout,-0.018309341768704017,-6.876398332010903,375.56775218236766,375.56775218236766,2,1179.6872332722517,752.7568461624928,335
d4_w30,HPE,1787232900000,1787578200000,timeout,-0.005438750629210837,-2.1838493190938535,401.53510759707876,401.53510759707876,2,1179.078877855208,1152.1081044404777,775
d4_w30,MRVL,1787579400000,1787664600000,win,0.0778809103634388,29.909076003640084,384.0360348134926,768.0720696269852,1,1152.1081044404777,797.9811456306253,370
d4_w30,MRVL,1787580600000,1787664600000,win,0.06796632907398514,26.101519518402252,384.0360348134926,384.0360348134926,2,1152.1081044404777,1208.1186999625202,350
d4_w30,DELL,1787579400000,1787665200000,win,0.0467688441766756,17.9609214704206,384.03603481349256,1152.1081044404777,0,1152.1081044404777,1226.0796214329407,380
d4_w30,MRVL,1787665500000,1787681400000,loss,-0.046,-18.491859989060003,401.99695628391316,401.99695628391316,2,1226.0796214329407,1207.587761443881,265
d4_w30,HPE,1787664600000,1787837400000,timeout,0.011418671806747055,4.704964747483088,412.04133257451383,824.0826651490277,1,1208.1186999625202,416.7462973219969,780
d4_w30,MRVL,1787682000000,1787837400000,win,0.03691106722354843,14.155582389912738,383.50509629485316,383.50509629485316,2,1207.587761443881,814.4069760067628,490
d4_w30,QCOM,1787664600000,1787837400000,timeout,0.007521442755580759,3.0991452958924195,412.04133257451383,412.04133257451383,2,1208.1186999625202,1229.5474538771691,780
d4_w30,AVGO,1787837700000,1788183000000,timeout,0.013823187075132864,5.665421490899135,409.8491512923897,1229.5474538771691,0,1229.5474538771691,415.5145727832888,775
d4_w30,INTC,1787837700000,1788183000000,timeout,-0.005284586826220567,-2.1658834256574426,409.8491512923897,819.6983025847794,1,1229.5474538771691,823.1978406500211,775
d4_w30,SNDK,1787839500000,1788183000000,timeout,0.02055380548620512,8.423959734350031,409.8491512923897,409.8491512923897,2,1229.5474538771691,1241.470951676761,745
d4_w30,SNDK,1788183000000,1788203400000,loss,-0.046,-19.035887925710337,413.82365055892035,413.82365055892035,2,1241.4709516767612,1222.4350637510506,340
d4_w30,SNDK,1788204900000,1788206100000,win,0.04673812521004384,18.45163988134404,394.78776263321004,394.78776263321004,2,1222.4350637510506,827.0630530734744,20
d4_w30,HPE,1788183000000,1788270000000,loss,-0.046,-19.035887925710334,413.8236505589203,1241.470951676761,0,1241.470951676761,1221.8508157066844,400
d4_w30,MU,1788183000000,1788355800000,timeout,-0.0018599726403609688,-0.76970066797389,413.82365055892035,827.6473011178407,1,1241.470951676761,1221.0811150387103,780
d4_w30,DELL,1788355800000,1788357300000,loss,-0.046,-19.000481694983538,413.05394989094646,413.05394989094646,2,1221.0811150387103,1202.080633343727,25
d4_w30,IBM,1788270300000,1788443100000,timeout,0.004294178440356738,1.734906415900051,404.013582573882,808.027165147764,1,1221.8508157066844,1203.815539759627,780
d4_w30,AMD,1788270600000,1788443400000,timeout,-0.028921894809369457,-11.684838336758316,404.013582573882,404.013582573882,2,1221.8508157066844,1192.1307014228687,780
d4_w30,IBM,1788357300000,1788530100000,timeout,0.003678976641122716,1.4497135048463408,394.0534681959629,394.0534681959629,2,1202.080633343727,395.50318170080925,780
d4_w30,AMD,1788443100000,1788531300000,win,0.04091106375336385,16.599602300892023,405.74848898978206,405.74848898978206,2,1203.815539759627,817.8512729914833,420
d4_w30,AMD,1788444900000,1788531300000,win,0.03687055578707744,14.465378851268904,392.32874423712366,392.32874423712366,2,1192.1307014228687,1224.6453960798758,390
d4_w30,HPE,1788549900000,1788874200000,timeout,0.024896948514735902,10.163311125003007,408.21513202662527,1224.6453960798758,0,1224.6453960798758,826.5935751782536,35
d4_w30,HPE,1788550800000,1788874200000,timeout,0.019246552311610328,7.85673389294136,408.21513202662527,816.4302640532505,1,1224.6453960798758,1242.6654410978201,20
d4_w30,HPE,1788874200000,1788896700000,win,0.03641599716232525,15.084300392245957,414.22181369927335,1242.6654410978201,0,1242.6654410978201,843.5279277907928,375
d4_w30,HPE,1788876300000,1788960600000,win,0.07473866741383639,30.958386369626094,414.2218136992734,828.4436273985468,1,1242.6654410978201,1288.7081278596922,355
d4_w30,ORCL,1788961200000,1789047000000,loss,-0.046,-20.113185225689634,437.2431570802094,437.2431570802094,2,1288.7081278596922,1268.5949426340026,380
d4_w30,ORCL,1788894000000,1789064100000,loss,-0.046,-19.054203430166577,414.2218136992734,414.2218136992734,2,1242.6654410978203,1249.540739203836,735
d4_w30,MU,1788961200000,1789134000000,timeout,-0.037295316141725314,-16.30712177411247,437.2431570802094,874.4863141604188,1,1288.7081278596922,838.0660071606167,780
d4_w30,SNDK,1789064700000,1789134000000,loss,-0.046,-18.177710072378915,395.16761026910683,395.16761026910683,2,1249.540739203836,1215.0559073573445,105
d4_w30,ORCL,1789134000000,1789136400000,loss,-0.046,-18.35229651656497,398.9629677514124,797.9259355028248,1,1215.0559073573445,1196.7036108407797,40
d4_w30,ARM,1789047600000,1789392600000,loss,-0.046,-19.18797870530791,417.1299718545198,417.1299718545198,2,1268.5949426340026,397.9419931492119,770
d4_w30,ARM,1789134300000,1789392600000,loss,-0.046,-18.35229651656497,398.9629677514124,398.9629677514124,2,1215.0559073573445,778.5526643840593,375
d4_w30,ORCL,1789137000000,1789392600000,loss,-0.046,-17.50809087680298,380.6106712348474,380.6106712348474,2,1196.7036108407797,1141.6552447421038,330
d4_w30,AMD,1789393500000,1789565400000,win,0.04905715600246353,18.668786480781353,380.5517482473679,1141.6552447421038,0,1141.6552447421038,779.7722829755173,765
d4_w30,INTC,1789393500000,1789565400000,win,0.05122828122140755,19.495011978514455,380.551748247368,380.551748247368,2,1141.655244742104,1179.8190432013998,765
d4_w30,AVGO,1789393500000,1789566300000,timeout,-0.027153213419203064,-10.333202837211617,380.551748247368,761.103496494736,1,1141.6552447421038,1169.485840364188,780
d4_w30,MRVL,1789565400000,1789651800000,win,0.06859331190164619,27.412195427783473,399.63364747701587,399.63364747701587,2,1179.8190432013998,826.6794903818152,390
d4_w30,MRVL,1789566300000,1789651800000,win,0.044160204755618666,16.348926769639814,370.21854541015637,370.21854541015637,2,1169.485840364188,1213.2469625616113,375
d4_w30,DELL,1789565400000,1789738200000,timeout,0.029160834440174595,11.653650630800357,399.63364747701587,799.2672949540317,1,1179.8190432013998,1224.9006131924116,780
d4_w30,AVGO,1789651800000,1789761300000,timeout,0.02418349484244043,9.838006704544588,406.8066575422977,813.6133150845955,1,1213.2469625616113,416.6446642468423,775
d4_w30,ORCL,1789651800000,1789761300000,timeout,-0.013387267145176346,-5.446029400955007,406.8066575422977,406.8066575422977,2,1213.2469625616113,818.005292388185,775
d4_w30,TXN,1789738200000,1789761300000,timeout,0.018188046215280147,7.4805123857426645,411.28729810781624,411.28729810781624,2,1224.9006131924116,1236.7731028817439,385
d4_w60,ARM,1782913500000,1783000500000,win,0.041046875090221986,20.523437545110994,500.0,1000.0,1,1500.0,1520.523437545111,400
d4_w60,QCOM,1782913200000,1783003200000,loss,-0.046,-23.0,500.0,1500.0,0,1500.0,997.5234375451109,450
d4_w60,HPE,1782913500000,1783005000000,loss,-0.046,-23.0,500.0,500.0,2,1500.0,1474.523437545111,475
d4_w60,ORCL,1783000500000,1783008000000,loss,-0.046,-23.9440781270751,520.5234375451109,520.5234375451109,2,1520.523437545111,1450.579359418036,125
d4_w60,MU,1783005900000,1783014300000,loss,-0.046,-21.942,477.0,954.0,1,1474.523437545111,1428.6373594180359,140
d4_w60,AVGO,1783006200000,1783344600000,timeout,0.037478891400661414,17.877431198115495,477.0,477.0,2,1474.523437545111,494.8774311981155,270
d4_w60,INTC,1783010400000,1783344600000,timeout,0.02463914505476806,12.235290867904789,496.57935941803584,496.57935941803584,2,1450.579359418036,1003.6920814840562,200
d4_w60,INTC,1783015200000,1783344600000,timeout,0.039732186927955,18.080449519061347,455.058,455.058,2,1428.6373594180359,1476.8305310031176,120
d4_w60,ARM,1783344600000,1783431000000,loss,-0.046,-22.644734808714468,492.27684366770586,1476.8305310031176,0,1476.8305310031176,961.9089525266972,390
d4_w60,MU,1783344600000,1783431000000,loss,-0.046,-22.644734808714468,492.27684366770586,492.27684366770586,2,1476.8305310031176,1431.5410613856886,390
d4_w60,HPE,1783344600000,1783517400000,win,0.03959864336851338,19.4934951709749,492.27684366770586,984.5536873354117,1,1476.8305310031176,1451.0345565566636,780
d4_w60,DELL,1783517700000,1783519800000,loss,-0.046,-23.541435586579315,511.77033883868074,511.77033883868074,2,1451.0345565566636,1427.4931209700842,35
d4_w60,SNDK,1783520700000,1783523700000,loss,-0.046,-22.458529549596665,488.2289032521014,488.2289032521014,2,1427.4931209700842,1405.0345914204875,50
d4_w60,TXN,1783431600000,1783532700000,win,0.039841534638261906,18.710863932345493,469.6321088589914,469.6321088589914,2,1431.5410613856886,1423.745455352833,635
d4_w60,HPE,1783431600000,1783603800000,win,0.05761228661332996,27.05657965840679,469.6321088589914,939.2642177179828,1,1431.5410613856886,496.6886885173982,770
d4_w60,MU,1783524900000,1783603800000,win,0.09483880035239078,44.17310348163029,465.77037370250474,465.77037370250474,2,1405.0345914204875,1006.6321657015333,265
d4_w60,MU,1783533900000,1783603800000,win,0.07223723514146552,35.2765461552101,488.3429727913369,488.3429727913369,2,1423.745455352833,1530.2516846480803,115
d4_w60,INTC,1783603800000,1783690200000,loss,-0.046,-23.4638591646039,510.08389488269347,1020.1677897653869,1,1530.2516846480803,996.703930600783,390
d4_w60,MRVL,1783603800000,1783690200000,loss,-0.046,-23.4638591646039,510.08389488269347,510.08389488269347,2,1530.2516846480803,1483.3239663188724,390
d4_w60,DELL,1783603800000,1783949400000,timeout,-0.03298432566230291,-16.824773303906642,510.0838948826934,1530.2516846480803,0,1530.2516846480803,493.2591215787868,780
d4_w60,IBM,1783690200000,1783949400000,timeout,-0.019122434949400573,-9.30535997809415,486.6200357180895,973.240071436179,1,1483.3239663188724,970.5737973187821,390
d4_w60,IBM,1783691100000,1783949400000,timeout,-0.019105772927021196,-9.297251904168762,486.6200357180895,486.6200357180895,2,1483.3239663188724,1447.896581132703,375
d4_w60,IBM,1783949700000,1784035800000,loss,-0.046,-22.201080910701446,482.632193710901,1447.896581132703,0,1447.896581132703,943.0633065111006,385
d4_w60,MU,1783950600000,1784035800000,win,0.0731474722602492,35.30332500137135,482.632193710901,965.264387421802,1,1447.896581132703,1460.998825223373,370
d4_w60,QCOM,1783950600000,1784045700000,loss,-0.046,-22.201080910701446,482.632193710901,482.632193710901,2,1447.896581132703,1438.7977443126715,535
d4_w60,INTC,1784035800000,1784125500000,loss,-0.046,-22.502432524786855,489.18331575623597,489.18331575623597,2,1460.998825223373,1416.2953117878847,445
d4_w60,HPE,1784035800000,1784126400000,loss,-0.046,-22.502432524786855,489.18331575623597,978.3666315124719,1,1460.998825223373,1393.7928792630978,460
d4_w60,ARM,1784047500000,1784131500000,loss,-0.046,-21.179831188809178,460.43111280019957,460.43111280019957,2,1438.7977443126715,1372.6130480742886,350
d4_w60,ORCL,1784125500000,1784209200000,loss,-0.046,-21.467320628646657,466.6808832314491,466.6808832314491,2,1416.2953117878847,884.4648442141929,345
d4_w60,QCOM,1784126700000,1784209200000,loss,-0.046,-21.467320628646657,466.6808832314491,466.6808832314491,2,1393.7928792630978,1329.6784068169954,325
d4_w60,SNDK,1784210400000,1784216700000,loss,-0.046,-20.479823879728915,445.2135626028025,445.2135626028025,2,1329.6784068169954,1309.1985829372666,105
d4_w60,INTC,1784133900000,1784220300000,loss,-0.046,-20.205558954123955,439.25128161139037,439.25128161139037,2,1372.6130480742886,1288.9930239831424,390
d4_w60,AMD,1784220900000,1784295000000,loss,-0.046,-19.276103242234257,419.0457226572664,419.0457226572664,2,1288.9930239831424,399.76961941503214,185
d4_w60,AVGO,1784210400000,1784295000000,loss,-0.046,-20.479823879728915,445.2135626028025,890.427125205605,1,1329.6784068169954,824.5033581381058,360
d4_w60,QCOM,1784216700000,1784295000000,loss,-0.046,-19.537751981261383,424.73373872307354,424.73373872307354,2,1309.1985829372666,1229.699344879918,255
d4_w60,SNDK,1784295900000,1784296800000,win,0.04966764559074522,20.35875708155578,409.8997816266393,409.8997816266393,2,1229.699344879918,1250.0581019614738,15
d4_w60,SNDK,1784296800000,1784303700000,win,0.0505925101238185,21.76785947545371,430.2585387081951,430.2585387081951,2,1250.0581019614738,1271.8259614369274,115
d4_w60,HPE,1784295900000,1784310900000,win,0.03976540714126121,16.299831703497375,409.89978162663937,1229.699344879918,0,1229.699344879918,1288.1257931404248,250
d4_w60,AMD,1784314200000,1784554200000,timeout,0.031904932004313886,13.597869683562884,426.19961333013674,426.19961333013674,2,1288.1257931404248,439.7974830136996,70
d4_w60,DELL,1784303700000,1784554200000,timeout,0.008350573622714302,3.7746797174429294,452.0263981836488,452.0263981836488,2,1271.8259614369274,895.5985609147913,245
d4_w60,QCOM,1784295900000,1784554200000,win,0.03657306184690779,14.991290064465078,409.8997816266393,819.7995632532786,1,1229.699344879918,1320.4896326058958,375
d4_w60,ARM,1784554200000,1784643900000,win,0.03948840690862521,17.38134397698754,440.16321086863195,1320.4896326058958,0,1320.4896326058958,1337.8709765828835,445
d4_w60,AMD,1784554500000,1784659800000,win,0.04159792543522057,18.30987642504062,440.16321086863195,880.3264217372639,1,1320.4896326058958,1356.180853007924,705
d4_w60,HPE,1784662200000,1784727000000,win,0.0394590057674531,18.090892195743056,458.47308729367256,458.47308729367256,2,1356.180853007924,934.1085343350351,30
d4_w60,AVGO,1784554500000,1784727300000,timeout,0.006255214196271735,2.753315165302016,440.16321086863195,440.16321086863195,2,1320.4896326058958,1377.0250603689692,780
d4_w60,AMD,1784643900000,1784734200000,win,0.03775133794610564,17.272919115377448,457.5445548456195,457.5445548456195,2,1337.8709765828835,934.5577267226718,455
d4_w60,SNDK,1784727900000,1784742300000,win,0.03725918538690599,17.129547307470258,459.7402527616748,459.7402527616748,2,1377.0250603689692,1411.427526791817,240
d4_w60,TXN,1784727600000,1784813400000,loss,-0.046,-21.14805162703704,459.7402527616748,919.4805055233496,1,1377.0250603689692,1390.2794751647798,380
d4_w60,ORCL,1784814300000,1784900400000,loss,-0.046,-21.032024277443302,457.21791907485436,457.21791907485436,2,1390.2794751647798,1369.2474508873365,385
d4_w60,ARM,1784814000000,1784903400000,loss,-0.046,-21.032024277443302,457.21791907485436,914.4358381497087,1,1390.2794751647798,1348.215426609893,440
d4_w60,IBM,1784745600000,1784918400000,timeout,0.037864756400096906,18.0177034001118,475.843637015071,951.687274030142,1,1411.427526791817,1366.233130010005,780
d4_w60,ARM,1784904600000,1785159000000,loss,-0.046,-20.064551160680907,436.18589479741104,436.18589479741104,2,1348.215426609893,416.1213436367301,310
d4_w60,DELL,1784901600000,1785159000000,timeout,0.004779094459284266,2.084573593044257,436.18589479741104,436.18589479741104,2,1369.2474508873365,854.3918120271854,360
d4_w60,INTC,1784921100000,1785159000000,timeout,0.0005493534938776409,0.2713044528481756,493.8613404151828,493.8613404151828,2,1366.233130010005,1348.5244568952164,35
d4_w60,MRVL,1785159000000,1785161700000,loss,-0.046,-20.67737500572665,449.50815229840543,449.50815229840543,2,1348.5244568952162,878.3389295910843,45
d4_w60,HPE,1785159000000,1785163200000,loss,-0.046,-20.67737500572665,449.50815229840543,899.0163045968109,1,1348.5244568952164,1307.1697068837632,70
d4_w60,ARM,1785163800000,1785245400000,loss,-0.046,-19.726215755463226,428.8307772926788,857.6615545853576,1,1307.1697068837632,858.6127138356211,310
d4_w60,DELL,1785163800000,1785245400000,loss,-0.046,-19.726215755463226,428.8307772926788,428.8307772926788,2,1307.169706883763,1267.7172753728366,310
d4_w60,AVGO,1785159000000,1785331800000,timeout,-0.02297502225741787,-10.327459803946647,449.5081522984055,1348.5244568952164,0,1348.5244568952164,1257.3898155688898,780
d4_w60,QCOM,1785246900000,1785335100000,loss,-0.046,-18.818809830711913,409.10456153721555,409.10456153721555,2,1267.7172753728364,1238.571005738178,420
d4_w60,AMD,1785336600000,1785418200000,win,0.06257621991845186,24.42260702982447,390.2857517065036,390.2857517065036,2,1238.571005738178,1262.9936127680025,310
d4_w60,ARM,1785418200000,1785419400000,loss,-0.046,-19.076584501871093,414.7083587363281,414.7083587363281,2,1262.9936127680025,834.8124667289159,20
d4_w60,AVGO,1785246600000,1785419400000,timeout,0.018440471119603792,7.544080851925195,409.10456153721555,818.2091230744311,1,1267.7172753728366,1251.4611091180566,780
d4_w60,ORCL,1785333600000,1785419700000,win,0.04571974927435974,20.079231146986345,439.18069249445887,439.18069249445887,2,1257.3898155688898,1271.540340265043,385
d4_w60,AMD,1785419400000,1785504600000,win,0.061393518868017034,24.934376542050792,406.14020831179886,812.2804166235977,1,1251.4611091180566,431.0745848538497,370
d4_w60,DELL,1785419700000,1785504600000,win,0.04177436752028308,19.185292837534877,459.2599236414452,459.2599236414452,2,1271.540340265043,909.5198013328297,365
d4_w60,HPE,1785419400000,1785504600000,win,0.06170891932557599,25.062473349585424,406.14020831179886,406.14020831179886,2,1251.4611091180566,1340.722482994214,370
d4_w60,MRVL,1785504600000,1785505500000,loss,-0.046,-20.557744739244615,446.9074943314047,446.9074943314047,2,1340.722482994214,1320.1647382549695,15
d4_w60,HPE,1785504600000,1785506400000,loss,-0.046,-20.557744739244615,446.9074943314047,893.8149886628094,1,1340.722482994214,426.34974959216004,30
d4_w60,ARM,1785504600000,1785507000000,loss,-0.046,-20.557744739244615,446.9074943314047,1340.722482994214,0,1340.722482994214,852.6994991843201,40
d4_w60,ARM,1785506100000,1785507000000,loss,-0.046,-19.61208848123936,426.34974959216004,426.34974959216004,2,1320.1647382549695,1259.4371602952406,15
d4_w60,DELL,1785508500000,1785763800000,loss,-0.046,-19.311369791193687,419.8123867650802,839.6247735301604,1,1259.4371602952406,400.5010169738865,325
d4_w60,IBM,1785508500000,1785763800000,timeout,0.026485058490623777,11.11875561856152,419.8123867650802,419.8123867650802,2,1259.4371602952406,831.4321593575282,325
d4_w60,QCOM,1785507900000,1785763800000,timeout,-0.027309480276968105,-11.464858096387864,419.8123867650802,1259.4371602952406,0,1259.4371602952406,1239.7796880262206,335
d4_w60,MRVL,1785764700000,1785767700000,win,0.03808523908523909,15.739101943833914,413.25989600874016,826.5197920174803,1,1239.7796880262206,1255.5187899700545,50
d4_w60,MU,1785764700000,1785768600000,win,0.04445896604143163,18.373107682938144,413.25989600874016,413.25989600874016,2,1239.7796880262204,1273.8918976529926,65
d4_w60,INTC,1785764700000,1785769500000,win,0.03725642485295189,15.396586260388343,413.2598960087402,1239.7796880262206,0,1239.7796880262206,1289.2884839133808,80
d4_w60,ARM,1785768600000,1785850200000,win,0.08934893737725846,38.56595021680574,431.6330036916783,431.6330036916783,2,1273.8918976529926,470.19895390848404,310
d4_w60,AVGO,1785767700000,1785850200000,win,0.05230395077166628,22.438342470005598,428.9989979525741,428.9989979525741,2,1255.5187899700545,921.6362943310637,325
d4_w60,MU,1785771600000,1785850200000,win,0.06158473255271014,26.39869481752982,428.65648226912856,428.65648226912856,2,1289.2884839133808,1376.691471417722,260
d4_w60,ARM,1785850500000,1785866400000,win,0.0482895556338916,22.159939799910056,458.8971571392407,917.7943142784814,1,1376.691471417722,939.9542540783914,265
d4_w60,AMD,1785850500000,1785936600000,loss,-0.046,-21.10926922840507,458.8971571392406,1376.691471417722,0,1376.691471417722,1377.742141989227,385
d4_w60,INTC,1785850500000,1785937800000,win,0.03691677808401606,16.941004513495194,458.8971571392407,458.8971571392407,2,1376.691471417722,1394.6831465027221,405
d4_w60,MRVL,1785957000000,1786023000000,loss,-0.046,-21.510995043787766,467.6303270388645,467.6303270388645,2,1394.6831465027221,913.7496590339413,50
d4_w60,MU,1785937200000,1786023000000,loss,-0.046,-21.133434651549685,459.42249242499315,918.8449848499863,1,1377.742141989227,1352.0387168073846,380
d4_w60,ARM,1786023600000,1786025400000,win,0.04558375795417558,20.157328985925197,442.20419488426006,884.4083897685201,1,1352.0387168073846,1372.1960457933098,30
d4_w60,DELL,1786025400000,1786110300000,loss,-0.046,-21.26863009802852,462.36152387018524,462.36152387018524,2,1372.1960457933098,1350.9274156952813,365
d4_w60,AMD,1785954300000,1786127100000,timeout,-0.02492102962306985,-11.653829232781383,467.6303270388645,935.260654077729,1,1394.6831465027221,1339.2735864625,780
d4_w60,AMD,1786110600000,1786368600000,timeout,-0.03916101121091852,-17.273643758067923,441.09289377215674,441.09289377215674,2,1350.9274156952813,423.8192500140888,370
d4_w60,DELL,1786128000000,1786368600000,timeout,0.009676487591046007,4.4122509228291795,455.9764978060831,455.9764978060831,2,1339.2735864625,884.2079987430012,80
d4_w60,ORCL,1786023600000,1786368600000,timeout,0.016602855593113926,7.341852390332577,442.20419488426006,442.20419488426006,2,1352.0387168073846,1333.754046017594,770
d4_w60,DELL,1786369800000,1786455000000,loss,-0.046,-20.450895372269777,444.5846820058647,444.5846820058647,2,1333.7540460175942,1313.3031506453244,370
d4_w60,SNDK,1786369500000,1786541400000,win,0.08340169485315818,37.07911598504149,444.5846820058647,889.1693640117294,1,1333.754046017594,926.2484799967708,765
d4_w60,SNDK,1786455300000,1786541400000,win,0.06128406173030055,25.992641161959355,424.1337866335949,424.1337866335949,2,1313.3031506453244,1376.374907792325,385
d4_w60,AMD,1786369500000,1786542300000,timeout,0.010806425719995577,4.80437134234423,444.58468200586464,1333.754046017594,0,1333.754046017594,1381.1792791346693,780
d4_w60,DELL,1786541400000,1786563300000,win,0.036263550032194176,16.895010736158408,465.8951128932302,465.8951128932302,2,1376.374907792325,1398.0742898708277,365
d4_w60,AVGO,1786541400000,1786714200000,timeout,-0.03579818825452152,-16.67820095821341,465.8951128932302,931.7902257864604,1,1376.374907792325,1381.3960889126142,780
d4_w60,AMD,1786542300000,1786715100000,timeout,0.010087716888946613,4.533309543168457,449.38905334820885,449.38905334820885,2,1381.1792791346693,1385.9293984557828,780
d4_w60,ARM,1786628400000,1786973400000,timeout,-0.009091593122201197,-4.389331367455615,482.7901236293886,482.7901236293886,2,1398.0742898708277,478.40079226193296,770
d4_w60,DELL,1786715100000,1786973400000,timeout,-0.03680808080808084,-16.708011013900812,453.9223628913773,453.9223628913773,2,1385.9293984557828,915.6151441394095,375
d4_w60,TXN,1786714800000,1786973400000,timeout,0.01916005834505464,8.607022242260193,449.2169119350168,449.2169119350168,2,1381.3960889126142,1373.4390783166866,380
d4_w60,ARM,1786974600000,1787059800000,loss,-0.046,-21.059399200855864,457.81302610556224,915.6260522111245,1,1373.4390783166866,436.7536269047064,370
d4_w60,INTC,1786974600000,1787059800000,loss,-0.046,-21.059399200855864,457.81302610556224,457.81302610556224,2,1373.4390783166868,873.5072538094128,370
d4_w60,MRVL,1786973700000,1787059800000,loss,-0.046,-21.05939920085586,457.8130261055622,1373.4390783166866,0,1373.4390783166866,1310.2608807141191,385
d4_w60,HPE,1787060400000,1787065500000,loss,-0.046,-20.090666837616492,436.7536269047064,873.5072538094128,1,1310.2608807141191,1290.1702138765027,85
d4_w60,INTC,1787060400000,1787146500000,loss,-0.046,-20.090666837616492,436.7536269047064,436.7536269047064,2,1310.2608807141191,1270.0795470388862,385
d4_w60,ARM,1787146500000,1787148000000,loss,-0.046,-19.166496163086133,416.6629600670899,416.6629600670899,2,1270.0795470388862,1250.9130508758,25
d4_w60,IBM,1787060100000,1787232900000,timeout,0.009074511630670306,3.9633258670841975,436.7536269047064,1310.2608807141191,0,1310.2608807141191,1254.8763767428843,780
d4_w60,AMD,1787066400000,1787239200000,timeout,-0.03524455003593829,-14.685098544206706,416.6629600670899,416.6629600670899,2,1290.1702138765027,1240.1912781986775,780
d4_w60,ARM,1787149200000,1787322000000,timeout,-0.010673520016701516,-4.2426864640474555,397.49646390400375,397.49646390400375,2,1250.9130508758,1235.94859173463,780
d4_w60,AMD,1787322600000,1787578200000,timeout,-0.02037154017931663,-8.01118512778611,393.2537774399563,393.2537774399563,2,1235.94859173463,385.2425923121702,330
d4_w60,ARM,1787241300000,1787578200000,loss,-0.046,-18.490981630052627,401.9778615228832,401.9778615228832,2,1240.1912781986775,768.7294722050008,635
d4_w60,AVGO,1787232900000,1787578200000,timeout,-0.011030307693565939,-4.861243594843618,440.7169527717906,440.7169527717906,2,1254.8763767428843,1204.5851813819477,775
d4_w60,MRVL,1787579400000,1787664600000,win,0.0778809103634388,31.271396845444713,401.52839379398256,1204.5851813819477,0,1204.5851813819477,1235.8565782273924,370
d4_w60,DELL,1787579700000,1787665200000,win,0.04321423332128594,17.351741694534343,401.52839379398256,803.0567875879651,1,1204.5851813819477,851.6799261279441,375
d4_w60,DELL,1787580600000,1787665200000,win,0.0441924673752463,17.744530442975623,401.52839379398256,401.52839379398256,2,1204.5851813819477,1270.9528503649024,360
d4_w60,INTC,1787665500000,1787751000000,loss,-0.046,-19.277520373685924,419.0765298627375,838.153059725475,1,1270.9528503649024,832.5988001284788,375
d4_w60,SNDK,1787666700000,1787751000000,loss,-0.046,-19.277520373685924,419.0765298627375,419.0765298627375,2,1270.9528503649024,1232.3978096175304,355
d4_w60,DELL,1787664600000,1787773800000,win,0.039211446480216246,16.9707058273067,432.7997906394273,432.7997906394273,2,1235.8565782273924,1249.3685154448372,770
d4_w60,SNDK,1787751600000,1787837400000,win,0.03732377836610957,14.922009621159496,399.79900948905157,399.79900948905157,2,1232.3978096175304,1264.2905250659965,380
d4_w60,AVGO,1787773800000,1787923800000,win,0.04587592183864798,20.633636141237783,449.77049646673396,449.77049646673396,2,1249.3685154448372,885.1251517181828,400
d4_w60,MU,1787751600000,1787924400000,timeout,-0.02136166421913998,-8.540372195849878,399.79900948905157,799.5980189781031,1,1232.3978096175304,1276.3837890113846,780
d4_w60,AVGO,1787837700000,1788183000000,timeout,0.013823187075132864,5.732766231150199,414.72101911021105,414.72101911021105,2,1264.2905250659965,420.45378534136125,775
d4_w60,HPE,1787924400000,1788183000000,timeout,-0.008717145192598802,-3.7556197361426915,430.83138495058677,861.6627699011735,1,1276.3837890113846,847.5295505558054,380
d4_w60,MU,1787924700000,1788183000000,timeout,0.0034013915070825237,1.4654262137555272,430.83138495058677,430.83138495058677,2,1276.3837890113846,1279.8263617201478,375
d4_w60,SNDK,1788183000000,1788203400000,loss,-0.046,-19.62400421304227,426.6087872400493,853.2175744800986,1,1279.8263617201478,1260.2023575071057,340
d4_w60,ARM,1788183600000,1788269700000,loss,-0.046,-19.62400421304227,426.6087872400493,426.6087872400493,2,1279.8263617201478,813.9695660540141,385
d4_w60,HPE,1788183000000,1788270000000,loss,-0.046,-19.624004213042266,426.60878724004925,1279.8263617201478,0,1279.8263617201478,1220.954349081021,400
d4_w60,HPE,1788204600000,1788271800000,loss,-0.046,-18.721300019242324,406.98478302700704,406.98478302700704,2,1260.2023575071057,1202.2330490617787,70
d4_w60,IBM,1788270300000,1788443100000,timeout,0.004294178440356738,1.7476652808278386,406.98478302700704,813.9695660540141,1,1220.954349081021,1203.9807143426067,780
d4_w60,AMD,1788270600000,1788443400000,timeout,-0.028921894809369457,-11.770771083721149,406.98478302700704,406.98478302700704,2,1220.954349081021,803.9464602511207,780
d4_w60,IBM,1788272100000,1788444900000,timeout,0.009734005218615454,3.7793587697953943,388.2634830077647,388.2634830077647,2,1202.2330490617787,1195.9893020286809,780
d4_w60,ARM,1788444900000,1788461100000,win,0.039397380429687885,15.507928880959659,393.628426860423,393.628426860423,2,1195.9893020286809,1211.4972309096406,270
d4_w60,HPE,1788461700000,1788464700000,win,0.0403791536928575,16.520579789816914,409.13635574138266,409.13635574138266,2,1211.4972309096406,1228.0178106994576,50
d4_w60,SNDK,1788465000000,1788528600000,win,0.03883443356939776,16.530145986239795,425.65693553119957,425.65693553119957,2,1228.0178106994576,1244.5479566856973,10
d4_w60,AMD,1788443100000,1788531300000,win,0.04091106375336385,16.721679250790327,408.7324483078349,408.7324483078349,2,1203.9807143426067,867.6412090760646,420
d4_w60,AMD,1788444900000,1788531300000,win,0.03687055578707744,14.513298871936758,393.628426860423,787.256853720846,1,1195.9893020286809,1275.7829348084242,390
d4_w60,AVGO,1788547200000,1788874200000,timeout,0.02490019058898186,10.378347810565243,416.79792664549245,833.5958532909849,1,1275.7829348084242,843.9742011015502,80
d4_w60,MRVL,1788528600000,1788874200000,win,0.06378124408200514,28.203242176173305,442.18708151743937,442.18708151743937,2,1244.5479566856973,1314.3645247951629,390
d4_w60,HPE,1788874200000,1788896700000,win,0.03641599716232525,15.954631601733874,438.1215082650543,1314.3645247951629,0,1314.3645247951629,1330.3191563968967,375
d4_w60,HPE,1788876300000,1788960600000,win,0.07473866741383639,32.74461769307027,438.12150826505433,876.2430165301087,1,1314.3645247951629,1363.063774089967,355
d4_w60,QCOM,1788960900000,1789047000000,loss,-0.046,-21.65984179407373,470.8661259581246,470.8661259581246,2,1363.063774089967,1341.4039322958934,385
d4_w60,ORCL,1788897300000,1789048200000,loss,-0.046,-20.887502433872253,454.07613986678814,454.07613986678814,2,1330.3191563968967,1320.5164298620211,415
d4_w60,ORCL,1788894000000,1789064100000,loss,-0.046,-20.1535893801925,438.12150826505433,438.12150826505433,2,1314.364524795163,1300.3628404818285,735
d4_w60,SNDK,1789064700000,1789134000000,loss,-0.046,-19.226524268703646,417.96791888486183,417.96791888486183,2,1300.3628404818285,1281.136316213125,105
d4_w60,ARM,1789048800000,1789148100000,win,0.03867725610117568,16.754547870112223,433.18863743291587,433.18863743291587,2,1320.5164298620211,449.9431853030281,605
d4_w60,ARM,1789134300000,1789392600000,loss,-0.046,-18.342104152343275,398.7413946161582,398.7413946161582,2,1281.136316213125,830.342475766843,375
d4_w60,MRVL,1789047600000,1789392600000,loss,-0.046,-20.66348907154634,449.2062841640509,449.2062841640509,2,1341.4039322958934,1258.8852708593477,770
d4_w60,AMD,1789393500000,1789565400000,win,0.04905715600246353,20.585777040583523,419.62842361978255,1258.8852708593477,0,1258.8852708593477,859.8426242801486,765
d4_w60,INTC,1789393500000,1789565400000,win,0.05122828122140755,21.49684289369016,419.62842361978255,419.62842361978255,2,1258.8852708593477,1300.9678907936213,765
d4_w60,AVGO,1789393500000,1789566300000,timeout,-0.027153213419203064,-11.394260143311707,419.62842361978255,839.2568472395651,1,1258.8852708593477,1289.5736306503095,780
d4_w60,ARM,1789566300000,1789584900000,loss,-0.046,-18.778771519917658,408.2341634764708,408.2341634764708,2,1289.5736306503095,1270.794859130392,310
d4_w60,MRVL,1789565400000,1789651800000,win,0.06859331190164619,30.226996481542894,440.6697335869194,440.6697335869194,2,1300.9678907936213,1301.0218556119348,390
d4_w60,DELL,1789565400000,1789738200000,timeout,0.029160834440174595,12.850297143924003,440.6697335869194,881.3394671738388,1,1300.9678907936213,1313.872152755859,780
d4_w60,QCOM,1789586700000,1789746900000,loss,-0.046,-17.914948030001444,389.45539195655317,389.45539195655317,2,1270.794859130392,1295.9572047258573,570
d4_w60,AVGO,1789651800000,1789761300000,timeout,0.02418349484244043,11.387928642932721,470.89673006846226,470.89673006846226,2,1301.0218556119348,482.28465871139497,775
d4_w60,ORCL,1789752600000,1789761300000,timeout,0.005130898957847357,1.9063364765408888,371.54044392655175,371.54044392655175,2,1295.9572047258573,855.7314391144876,145
d4_w60,TXN,1789738200000,1789761300000,timeout,0.018188046215280147,8.248643278487853,453.5200307308434,453.5200307308434,2,1313.872152755859,1317.500113123819,385
d4_w120,ARM,1782913500000,1783000500000,win,0.041046875090221986,20.523437545110994,500.0,1000.0,1,1500.0,1520.523437545111,400
d4_w120,MU,1783000500000,1783002300000,loss,-0.046,-23.9440781270751,520.5234375451109,520.5234375451109,2,1520.523437545111,496.57935941803584,30
d4_w120,QCOM,1782913200000,1783003200000,loss,-0.046,-23.0,500.0,1500.0,0,1500.0,973.5793594180359,450
d4_w120,HPE,1782913500000,1783005000000,loss,-0.046,-23.0,500.0,500.0,2,1500.0,1450.579359418036,475
d4_w120,MRVL,1783006200000,1783010100000,loss,-0.046,-22.242216844409885,483.52645313934534,483.52645313934534,2,1450.579359418036,1428.3371425736261,65
d4_w120,MU,1783005900000,1783014300000,loss,-0.046,-22.24221684440988,483.5264531393453,1450.579359418036,0,1450.579359418036,1406.0949257292161,140
d4_w120,ARM,1783015500000,1783344600000,win,0.048448377375534875,22.34847275740243,461.2842362949354,461.2842362949354,2,1406.0949257292161,483.6327090523378,115
d4_w120,AVGO,1783006200000,1783344600000,timeout,0.037478891400661414,18.122035426556526,483.52645313934534,967.0529062786907,1,1450.579359418036,985.2811976182397,270
d4_w120,INTC,1783010400000,1783344600000,timeout,0.02463914505476806,11.36564920954882,461.28423629493545,461.28423629493545,2,1428.3371425736261,1457.931083122724,200
d4_w120,ARM,1783344600000,1783431000000,loss,-0.046,-22.354943274548436,485.9770277075747,1457.931083122724,0,1457.931083122724,949.5991121406009,390
d4_w120,MU,1783344600000,1783431000000,loss,-0.046,-22.354943274548432,485.9770277075746,485.9770277075746,2,1457.931083122724,1413.2211965736271,390
d4_w120,ORCL,1783431300000,1783434300000,loss,-0.046,-21.326615883919207,463.62208443302626,927.2441688660525,1,1413.2211965736271,1391.894580689708,50
d4_w120,DELL,1783435800000,1783448700000,win,0.039348220795673246,17.403539753396018,442.29546854910706,442.29546854910706,2,1391.894580689708,1409.298120443104,215
d4_w120,HPE,1783344600000,1783517400000,win,0.03959864336851338,19.244031005482395,485.9770277075746,971.9540554151492,1,1457.931083122724,1428.5421514485865,780
d4_w120,ARM,1783452300000,1783603800000,win,0.07583164493287442,34.8597319735899,459.6990083025031,459.6990083025031,2,1409.298120443104,999.77979898915,425
d4_w120,HPE,1783431600000,1783603800000,win,0.05761228661332996,26.71032840862497,463.62208443302626,463.62208443302626,2,1413.2211965736271,1490.1122118308012,770
d4_w120,HPE,1783517400000,1783605000000,win,0.04030492835137057,20.362898573033345,505.221058713057,505.221058713057,2,1428.5421514485865,1510.4751104038346,410
d4_w120,INTC,1783603800000,1783690200000,loss,-0.046,-22.652496521708116,492.44557655887206,492.44557655887206,2,1490.1122118308012,1487.8226138821265,390
d4_w120,AMD,1783605300000,1783949400000,timeout,-0.04336288621359185,-22.790837335486057,525.5839572860904,525.5839572860904,2,1510.4751104038346,502.7931199506043,755
d4_w120,DELL,1783603800000,1783949400000,timeout,-0.03298432566230291,-16.242985268178355,492.44557655887206,984.8911531177441,1,1490.1122118308012,978.995711241298,780
d4_w120,IBM,1783690200000,1783949400000,timeout,-0.019122434949400573,-8.983587612689204,469.7930800371639,469.7930800371639,2,1487.8226138821265,1439.8052036657725,390
d4_w120,IBM,1783949700000,1784035800000,loss,-0.046,-22.077013122875176,479.9350678885908,1439.8052036657725,0,1439.8052036657725,937.7931226543064,385
d4_w120,MU,1783950600000,1784035800000,win,0.0731474722602492,35.10603706510152,479.9350678885909,959.8701357771818,1,1439.8052036657725,1452.8342276079989,370
d4_w120,INTC,1783950900000,1784123700000,timeout,0.003159980837799564,1.51658561791598,479.9350678885909,479.9350678885909,2,1439.8052036657728,1454.3508132259149,780
d4_w120,INTC,1784035800000,1784125500000,loss,-0.046,-22.37668067354638,486.449579859704,486.449579859704,2,1452.8342276079989,1431.9741325523685,445
d4_w120,ARM,1784123700000,1784125800000,loss,-0.046,-22.146776061299317,481.4516535065069,481.4516535065069,2,1454.3508132259149,923.3777766313651,35
d4_w120,HPE,1784035800000,1784126400000,loss,-0.046,-22.37668067354638,486.449579859704,972.899159719408,1,1452.8342276079989,1387.4506758175228,460
d4_w120,SNDK,1784127000000,1784133600000,loss,-0.046,-21.2376888625214,461.68888831568256,461.68888831568256,2,1387.4506758175228,1366.2129869550013,110
d4_w120,ORCL,1784125500000,1784209200000,loss,-0.046,-21.34735336256325,464.0728991861576,464.0728991861576,2,1431.9741325523685,1344.8656335924381,345
d4_w120,INTC,1784133900000,1784220300000,loss,-0.046,-20.260755174845414,440.45119945316117,440.45119945316117,2,1366.2129869550013,1324.6048784175925,390
d4_w120,AVGO,1784210400000,1784295000000,loss,-0.046,-20.365375107885342,442.72554582359436,442.72554582359436,2,1344.8656335924381,842.5506149940247,360
d4_w120,DELL,1784127000000,1784295000000,loss,-0.046,-21.2376888625214,461.68888831568256,923.3777766313651,1,1387.4506758175228,1283.001814447186,700
d4_w120,HPE,1784295900000,1784310900000,win,0.03976540714126121,17.15502271043728,431.4056850844351,862.8113701688702,1,1283.001814447186,1300.1568371576232,250
d4_w120,IBM,1784220300000,1784554200000,timeout,-0.035509269984749674,-14.920655930890627,420.19044427831574,420.19044427831574,2,1324.6048784175925,405.2697883474251,585
d4_w120,MRVL,1784313300000,1784554200000,timeout,0.024707578545367877,11.082848920207617,448.56070779487237,448.56070779487237,2,1300.1568371576232,864.9133450625052,85
d4_w120,QCOM,1784295900000,1784554200000,win,0.03657306184690779,15.777826801700671,431.4056850844351,431.4056850844351,2,1283.001814447186,1312.096856948641,375
d4_w120,INTC,1784554500000,1784653200000,win,0.042793676830655165,18.716482955592845,437.3656189828804,437.3656189828804,2,1312.0968569486413,1330.813339904234,595
d4_w120,AMD,1784554500000,1784659800000,win,0.04159792543522057,18.193502406378947,437.36561898288033,1312.096856948641,0,1312.096856948641,1349.006842310613,705
d4_w120,HPE,1784662200000,1784727000000,win,0.0394590057674531,17.97590999831465,455.5591213892593,455.5591213892593,2,1349.006842310613,929.6171333260472,30
d4_w120,AVGO,1784554500000,1784727300000,timeout,0.006255214196271735,2.735815628822888,437.3656189828804,874.7312379657608,1,1312.096856948641,1369.7185679377503,780
d4_w120,SNDK,1784727900000,1784742300000,win,0.03725918538690599,17.020675231452348,456.8182329996386,456.8182329996386,2,1369.7185679377505,473.83890823109095,240
d4_w120,IBM,1784656200000,1784813400000,loss,-0.046,-20.979776689169768,456.0821019384732,456.0821019384732,2,1330.813339904234,908.9412334803944,520
d4_w120,TXN,1784727600000,1784813400000,loss,-0.046,-21.013638717983376,456.8182329996386,913.6364659992772,1,1369.7185679377503,1344.7458277620497,380
d4_w120,ORCL,1784814300000,1784900400000,loss,-0.046,-20.61943602568476,448.2486092540165,896.497218508033,1,1344.7458277620497,1324.126391736365,385
d4_w120,ARM,1784814000000,1784903400000,loss,-0.046,-20.619436025684763,448.24860925401657,1344.7458277620497,0,1344.7458277620497,1303.5069557106801,440
d4_w120,ARM,1784904600000,1785159000000,loss,-0.046,-19.670941968503264,427.6291732283318,427.6291732283318,2,1303.5069557106801,407.95823125982855,310
d4_w120,DELL,1784901600000,1785159000000,timeout,0.004779094459284266,2.043680212403832,427.62917322833175,427.62917322833175,2,1324.126391736365,837.6310847005641,360
d4_w120,TXN,1784814900000,1785159000000,timeout,-0.01258101410295553,-5.639422074654984,448.2486092540165,448.2486092540165,2,1344.7458277620494,1280.2402718799256,755
d4_w120,MRVL,1785159000000,1785161700000,loss,-0.046,-19.63035083549219,426.7467572933085,426.7467572933085,2,1280.2402718799256,833.8631637511248,45
d4_w120,HPE,1785159000000,1785163200000,loss,-0.046,-19.63035083549219,426.7467572933085,853.493514586617,1,1280.2402718799256,1240.9795702089411,70
d4_w120,ARM,1785163800000,1785245400000,loss,-0.046,-18.72735469705955,407.1164064578163,814.2328129156326,1,1240.9795702089411,815.1358090540652,310
d4_w120,DELL,1785163800000,1785245400000,loss,-0.046,-18.72735469705955,407.1164064578163,407.1164064578163,2,1240.9795702089411,1203.524860814822,310
d4_w120,AVGO,1785159000000,1785331800000,timeout,-0.02297502225741787,-9.804516247094664,426.7467572933085,1280.2402718799256,0,1280.2402718799256,1193.7203445677274,780
d4_w120,QCOM,1785246900000,1785335100000,loss,-0.046,-17.86589638099481,388.38905176075673,388.38905176075673,2,1203.524860814822,1175.8544481867325,420
d4_w120,AMD,1785336600000,1785418200000,win,0.06257621991845186,23.18593845592269,370.52315537976193,370.52315537976193,2,1175.8544481867325,1199.0403866426552,310
d4_w120,ARM,1785418200000,1785419400000,loss,-0.046,-18.110618316441492,393.7090938356846,393.7090938356846,2,1199.0403866426552,792.5407165654569,20
d4_w120,AVGO,1785246600000,1785419400000,timeout,0.018440471119603792,7.1620770921645365,388.38905176075673,776.7781035215135,1,1203.524860814822,1188.0918454183782,780
d4_w120,ORCL,1785333600000,1785419700000,win,0.04571974927435974,19.06249472252256,416.94224104621384,416.94224104621384,2,1193.7203445677274,1207.1543401409008,385
d4_w120,AMD,1785419400000,1785504600000,win,0.061393518868017034,23.67179389304317,385.57480218608214,771.1496043721643,1,1188.0918454183782,409.2465960791253,370
d4_w120,DELL,1785419700000,1785504600000,win,0.04177436752028308,18.213822072587107,436.0047357687364,436.0047357687364,2,1207.1543401409008,863.4651539204488,365
d4_w120,HPE,1785419400000,1785504600000,win,0.06170891932557599,23.793404362075865,385.57480218608214,385.57480218608214,2,1188.091845418378,1272.8333604686068,370
d4_w120,MRVL,1785504600000,1785505500000,loss,-0.046,-19.516778193851973,424.27778682286896,424.27778682286896,2,1272.8333604686068,1253.3165822747549,15
d4_w120,HPE,1785504600000,1785506400000,loss,-0.046,-19.516778193851973,424.27778682286896,848.5555736457379,1,1272.8333604686068,404.761008629017,30
d4_w120,ARM,1785504600000,1785507000000,loss,-0.046,-19.51677819385197,424.2777868228689,1272.8333604686068,0,1272.8333604686068,809.5220172580339,40
d4_w120,ARM,1785506100000,1785507000000,loss,-0.046,-18.619006396934783,404.761008629017,404.761008629017,2,1253.3165822747549,1195.664019490116,15
d4_w120,AMD,1785507900000,1785763800000,loss,-0.046,-18.33351496551511,398.554673163372,1195.664019490116,0,1195.664019490116,380.2211581978569,335
d4_w120,DELL,1785508500000,1785763800000,loss,-0.046,-18.333514965515114,398.55467316337206,398.55467316337206,2,1195.664019490116,760.4423163957139,325
d4_w120,QCOM,1785507900000,1785763800000,timeout,-0.027309480276968105,-10.884320986048579,398.55467316337206,797.1093463267441,1,1195.664019490116,1148.1126685730374,335
d4_w120,SNDK,1785764400000,1785767100000,win,0.03623270691921921,13.866409943549842,382.70422285767916,382.70422285767916,2,1148.1126685730374,1161.9790785165874,45
d4_w120,MRVL,1785764400000,1785767700000,win,0.03715989242991325,14.221247753864905,382.70422285767916,765.4084457153583,1,1148.1126685730374,1176.2003262704523,55
d4_w120,INTC,1785764400000,1785781500000,win,0.03946128181474951,15.101999189881576,382.7042228576791,1148.1126685730374,0,1148.1126685730374,1191.3023254603338,285
d4_w120,AMD,1785767100000,1785850200000,win,0.05828609761428139,23.114554614409776,396.570632801229,396.570632801229,2,1161.9790785165874,817.4914094631995,335
d4_w120,AVGO,1785767700000,1785850200000,win,0.05230395077166628,20.760770274886674,396.9254706115441,396.9254706115441,2,1176.2003262704523,1235.17765034963,325
d4_w120,QCOM,1785786000000,1785852000000,win,0.038596878827125376,15.35407854904623,397.80622204756065,397.80622204756065,2,1191.3023254603338,1250.5317288986764,50
d4_w120,ARM,1785850500000,1785866400000,win,0.0482895556338916,20.218147086612028,418.68571415103474,837.3714283020695,1,1235.17765034963,1270.7498759852883,265
d4_w120,INTC,1785850500000,1785937800000,win,0.03691677808401606,15.456527596261534,418.68571415103474,418.68571415103474,2,1235.17765034963,1286.20640358155,405
d4_w120,MRVL,1785957000000,1786023000000,loss,-0.046,-19.970543120375627,434.1422417472963,434.1422417472963,2,1286.20640358155,827.3319992235275,50
d4_w120,MU,1785870300000,1786023000000,loss,-0.046,-20.18957761693175,438.90386123764677,438.90386123764677,2,1270.7498759852883,1246.0462828442426,445
d4_w120,QCOM,1785852300000,1786025100000,timeout,0.0059692190420530585,2.4662443337416313,413.1603005966069,413.1603005966069,2,1250.5317288986764,832.0695360541663,780
d4_w120,ARM,1786023600000,1786025400000,win,0.04558375795417558,18.983036509101,416.4429911238178,832.8859822476356,1,1246.0462828442426,1267.495563687085,30
d4_w120,DELL,1786025400000,1786110300000,loss,-0.046,-19.574209168955147,425.52628628163365,851.0525725632673,1,1267.495563687085,1247.92135451813,365
d4_w120,SNDK,1786025400000,1786110900000,loss,-0.046,-19.574209168955147,425.52628628163365,425.52628628163365,2,1267.4955636870852,1228.347145349175,375
d4_w120,AMD,1786110600000,1786368600000,timeout,-0.03916101121091852,-15.897493842905265,405.9520771126785,405.9520771126785,2,1247.92135451813,390.0545832697733,370
d4_w120,HPE,1786111200000,1786368600000,win,0.07772920558093288,31.554332457898106,405.9520771126785,405.9520771126785,2,1228.347145349175,827.56099284035,360
d4_w120,ORCL,1786023600000,1786368600000,timeout,0.016602855593113926,6.914142844393171,416.4429911238178,416.4429911238178,2,1246.0462828442426,1250.9181268085608,770
d4_w120,DELL,1786369800000,1786455000000,loss,-0.046,-19.180744611064597,416.9727089361869,416.9727089361869,2,1250.9181268085608,1231.7373821974961,370
d4_w120,DELL,1786455900000,1786541400000,win,0.04959617512101345,19.7289599244007,397.7919643251223,397.7919643251223,2,1231.7373821974961,834.49363318571,375
d4_w120,SNDK,1786369500000,1786541400000,win,0.08340169485315818,34.7762306327906,416.9727089361869,833.9454178723738,1,1250.9181268085608,1286.2425727546877,765
d4_w120,AMD,1786369500000,1786542300000,timeout,0.010806425719995577,4.50598460638424,416.97270893618696,1250.9181268085608,0,1250.9181268085608,1290.7485573610718,780
d4_w120,DELL,1786541400000,1786563300000,win,0.036263550032194176,15.76140559903041,434.6349319092503,434.6349319092503,2,1286.2425727546877,1306.5099629601023,365
d4_w120,AVGO,1786541400000,1786714200000,timeout,-0.03579818825452152,-15.559143114478484,434.6349319092503,869.2698638185007,1,1286.2425727546877,1290.9508198456238,780
d4_w120,AMD,1786542300000,1786715100000,timeout,0.010087716888946613,4.251757735180549,421.4786935425712,421.4786935425712,2,1290.7485573610718,844.8062400725236,780
d4_w120,AVGO,1786628400000,1786715100000,loss,-0.046,-20.718231525380915,450.39633750828074,450.39633750828074,2,1306.5099629601023,1274.4843460554234,395
d4_w120,DELL,1786715100000,1786973400000,timeout,-0.03680808080808084,-15.742973649786952,427.70427863032575,855.4085572606515,1,1274.4843460554234,411.9613049805388,375
d4_w120,ORCL,1786716000000,1786973400000,loss,-0.046,-19.674396816994985,427.70427863032575,427.70427863032575,2,1274.4843460554232,819.9911867938696,360
d4_w120,TXN,1786714800000,1786973400000,timeout,0.01916005834505464,8.029516564307624,419.0757887947718,419.0757887947718,2,1290.9508198456238,1247.0964921529492,380
d4_w120,ARM,1786974600000,1787059800000,loss,-0.046,-19.122146213011884,415.6988307176497,415.6988307176497,2,1247.096492152949,812.2755152222875,370
d4_w120,MRVL,1786973700000,1787059800000,loss,-0.046,-19.122146213011888,415.69883071764974,1247.0964921529492,0,1247.0964921529492,1208.8521997269254,385
d4_w120,TXN,1786973700000,1787065500000,loss,-0.046,-19.122146213011884,415.6988307176497,831.3976614352994,1,1247.0964921529492,1189.7300535139134,480
d4_w120,INTC,1787060400000,1787146500000,loss,-0.046,-18.24252748721334,396.57668450463785,396.57668450463785,2,1208.8521997269254,1171.4875260267002,385
d4_w120,ARM,1787146500000,1787148000000,loss,-0.046,-17.40337122280153,378.3341570174245,378.3341570174245,2,1171.4875260267002,757.5074702992608,25
d4_w120,SNDK,1787066400000,1787148300000,loss,-0.046,-18.242527487213337,396.5766845046378,396.5766845046378,2,1189.7300535139134,1135.8416273166854,315
d4_w120,IBM,1787060100000,1787232900000,timeout,0.009074511630670306,3.5987397359900046,396.57668450463785,793.1533690092757,1,1208.8521997269254,1139.4403670526754,780
d4_w120,ARM,1787149200000,1787322000000,timeout,-0.010673520016701516,-3.945279582375045,369.63247140602374,739.2649428120475,1,1135.8416273166854,765.8626160642766,780
d4_w120,QCOM,1787149200000,1787322000000,timeout,-0.014618013810581138,-5.403292571852493,369.63247140602374,369.63247140602374,2,1135.8416273166854,1130.091794898448,780
d4_w120,AMD,1787322600000,1787578200000,timeout,-0.02037154017931663,-7.434760336198375,364.95818532890996,729.9163706578199,1,1130.091794898448,357.52342499271157,330
d4_w120,ARM,1787322600000,1787578200000,loss,-0.046,-16.788076525129856,364.95818532890996,364.95818532890996,2,1130.091794898448,705.6935337964916,330
d4_w120,AVGO,1787232900000,1787578200000,timeout,-0.011030307693565939,-4.414058060777411,400.1754242406279,400.1754242406279,2,1139.4403670526754,1101.454899976342,775
d4_w120,MRVL,1787579400000,1787664600000,win,0.0778809103634388,28.59410344480931,367.1516333254473,734.3032666508946,1,1101.454899976342,1130.0490034211512,370
d4_w120,DELL,1787579400000,1787665200000,win,0.0467688441766756,17.171257528209782,367.15163332544734,1101.454899976342,0,1101.454899976342,1147.220260949361,380
d4_w120,INTC,1787665500000,1787751000000,loss,-0.046,-17.678852979268225,384.3228908536571,384.3228908536571,2,1147.220260949361,1129.5414079700927,375
d4_w120,AVGO,1787579700000,1787752500000,timeout,-0.029595671776981185,-10.866099232282485,367.1516333254473,367.1516333254473,2,1101.454899976342,1118.6753087378104,780
d4_w120,DELL,1787664600000,1787773800000,win,0.039211446480216246,15.517762777140662,395.7457367702566,395.7457367702566,2,1130.0490034211512,767.5490336405621,770
d4_w120,ARM,1787751600000,1787837400000,win,0.07573557626137983,27.767997491216015,366.64403787438886,366.64403787438886,2,1129.5414079700927,1161.961069006167,380
d4_w120,MU,1787752800000,1787925600000,timeout,-0.007549025421379469,-2.6896085541390624,356.2855340931648,356.2855340931648,2,1118.6753087378104,1159.271460452028,780
d4_w120,AVGO,1787837700000,1788183000000,timeout,0.013823187075132864,5.568501820480084,402.83776745650107,805.6755349130021,1,1161.961069006167,408.40626927698116,775
d4_w120,INTC,1787837700000,1788183000000,timeout,-0.005284586826220567,-2.1288311590047297,402.83776745650107,402.83776745650107,2,1161.961069006167,809.1152055744776,775
d4_w120,MRVL,1787925600000,1788183000000,loss,-0.046,-16.265412574795185,353.59592553902576,353.59592553902576,2,1159.271460452028,1146.4457185387082,360
d4_w120,SNDK,1788183000000,1788203400000,loss,-0.046,-17.57883435092686,382.1485728462361,382.1485728462361,2,1146.4457185387082,1128.8668841877816,340
d4_w120,ARM,1788204600000,1788269700000,loss,-0.046,-16.770207970784224,364.56973849530925,364.56973849530925,2,1128.8668841877816,729.9481033707611,35
d4_w120,HPE,1788183000000,1788270000000,loss,-0.046,-17.578834350926858,382.14857284623605,1146.4457185387082,0,1146.4457185387082,1094.5178418660703,400
d4_w120,MU,1788183000000,1788355800000,timeout,-0.0018599726403609688,-0.7107858900469898,382.1485728462361,764.2971456924722,1,1146.4457185387082,1093.8070559760235,780
d4_w120,DELL,1788355800000,1788357300000,loss,-0.046,-17.5461381999847,381.43778695618914,381.43778695618914,2,1093.8070559760235,1076.2609177760387,25
d4_w120,IBM,1788270300000,1788443100000,timeout,0.004294178440356738,1.529520378298831,356.18463450991715,712.3692690198343,1,1094.5178418660703,1077.7904381543376,780
d4_w120,AMD,1788270600000,1788443400000,timeout,-0.028921894809369457,-10.30153453200953,356.18463450991715,356.18463450991715,2,1094.5178418660703,1067.488903622328,780
d4_w120,ORCL,1788357900000,1788445500000,win,0.03716120269485757,13.52265131839523,363.89164875620446,363.89164875620446,2,1076.2609177760387,1081.0115549407233,410
d4_w120,SNDK,1788443400000,1788528600000,win,0.042117302785949835,14.567663250312492,345.8830999779076,345.8830999779076,2,1067.488903622328,1095.5792181910358,370
d4_w120,MRVL,1788445500000,1788530100000,win,0.04005442437310803,15.117112539667552,377.4143000745997,377.4143000745997,2,1081.0115549407233,752.9821758424873,360
d4_w120,AMD,1788443100000,1788531300000,win,0.04091106375336385,14.634466596112475,357.714154888216,357.714154888216,2,1077.7904381543376,1125.3307973268159,420
d4_w120,AMD,1788528600000,1788874200000,win,0.0424668351042421,15.307203125211034,360.45076322822007,360.45076322822007,2,1095.5792181910358,375.75796635343113,390
d4_w120,AVGO,1788534600000,1788874200000,timeout,0.025051329524011796,9.580630890270651,382.44001704929786,764.8800340985957,1,1125.3307973268159,767.7786142929997,290
d4_w120,AVGO,1788546900000,1788874200000,timeout,0.02726290947239441,10.426427563435983,382.44001704929786,382.44001704929786,2,1125.3307973268159,1160.6450589057335,85
d4_w120,HPE,1788874200000,1788896700000,win,0.03641599716232525,14.088682390526003,386.88168630191115,773.7633726038223,1,1160.6450589057335,1174.7337412962595,375
d4_w120,HPE,1788876300000,1788960600000,win,0.07473866741383639,28.91502168102272,386.88168630191115,386.88168630191115,2,1160.6450589057335,1203.6487629772823,355
d4_w120,AVGO,1788874200000,1789047000000,timeout,-0.0334024991753693,-12.922815207665073,386.8816863019112,1160.6450589057335,0,1160.6450589057335,774.9292397866833,780
d4_w120,QCOM,1788960900000,1789047000000,loss,-0.046,-19.126648567214957,415.79670798293387,415.79670798293387,2,1203.6487629772823,1171.5992992024023,385
d4_w120,ORCL,1788897300000,1789048200000,loss,-0.046,-18.444636959852108,400.97036869243715,400.97036869243715,2,1174.7337412962595,1153.15466224255,415
d4_w120,ARM,1789048800000,1789148100000,win,0.03867725610117568,14.795045691510815,382.52573173258503,382.52573173258503,2,1153.15466224255,397.32077742409587,605
d4_w120,MRVL,1789047600000,1789392600000,loss,-0.046,-17.724465401729198,385.31446525498257,770.6289305099651,1,1171.5992992024023,764.9107772773492,770
d4_w120,MU,1789047600000,1789392600000,loss,-0.046,-17.724465401729198,385.31446525498257,385.31446525498257,2,1171.599299202402,1132.5007771306025,770
d4_w120,AMD,1789393500000,1789565400000,win,0.04905715600246353,18.51908909886905,377.5002590435342,1132.5007771306025,0,1132.5007771306025,773.5196071859374,765
d4_w120,INTC,1789393500000,1789565400000,win,0.05122828122140755,19.338689431436364,377.50025904353413,377.50025904353413,2,1132.5007771306023,1170.3585556609078,765
d4_w120,AVGO,1789393500000,1789566300000,timeout,-0.027153213419203064,-10.250345099613524,377.50025904353413,755.0005180870683,1,1132.5007771306025,1160.1082105612943,780
d4_w120,MRVL,1789565400000,1789651800000,win,0.06859331190164619,27.192388216841714,396.4291483086869,396.4291483086869,2,1170.3585556609078,820.0506848342154,390
d4_w120,MRVL,1789566300000,1789651800000,win,0.044160204755618666,16.21783139624687,367.2499139439206,367.2499139439206,2,1160.1082105612943,1203.518430174383,375
d4_w120,DELL,1789565400000,1789738200000,timeout,0.029160834440174595,11.560204761089038,396.4291483086869,792.8582966173738,1,1170.3585556609078,1215.078634935472,780
d4_w120,AVGO,1789651800000,1789761300000,timeout,0.02418349484244043,9.759119742694006,403.54464093284804,807.0892818656961,1,1203.518430174383,413.30376067554204,775
d4_w120,TXN,1789651800000,1789761300000,timeout,-0.003368968603117079,-1.3595292252589202,403.54464093284804,403.54464093284804,2,1203.518430174383,815.4888723831311,775
d4_w120,TXN,1789738200000,1789761300000,timeout,0.018188046215280147,7.420529208975333,407.9893530697759,407.9893530697759,2,1215.078634935472,1230.8987546618823,385
d4_w180,ARM,1782913500000,1783000500000,win,0.041046875090221986,20.523437545110994,500.0,1000.0,1,1500.0,1520.523437545111,400
d4_w180,QCOM,1782913200000,1783003200000,loss,-0.046,-23.0,500.0,1500.0,0,1500.0,997.5234375451109,450
d4_w180,HPE,1782913500000,1783005000000,loss,-0.046,-23.0,500.0,500.0,2,1500.0,1474.523437545111,475
d4_w180,ORCL,1783000500000,1783008000000,loss,-0.046,-23.9440781270751,520.5234375451109,520.5234375451109,2,1520.523437545111,1450.579359418036,125
d4_w180,MU,1783005900000,1783014300000,loss,-0.046,-21.942,477.0,954.0,1,1474.523437545111,1428.6373594180359,140
d4_w180,ARM,1783015500000,1783344600000,win,0.048448377375534875,22.04682171175615,455.058,455.058,2,1428.6373594180359,477.10482171175613,115
d4_w180,AVGO,1783006200000,1783344600000,timeout,0.037478891400661414,17.877431198115495,477.0,477.0,2,1474.523437545111,971.9822529098716,270
d4_w180,INTC,1783010400000,1783344600000,timeout,0.02463914505476806,12.235290867904789,496.57935941803584,496.57935941803584,2,1450.579359418036,1480.796903195812,200
d4_w180,ARM,1783344600000,1783431000000,loss,-0.046,-22.70555251566912,493.59896773193736,1480.796903195812,0,1480.796903195812,964.4923829482057,390
d4_w180,MU,1783344600000,1783431000000,loss,-0.046,-22.70555251566912,493.59896773193736,493.59896773193736,2,1480.796903195812,1435.385798164474,390
d4_w180,HPE,1783344600000,1783517400000,win,0.03959864336851338,19.54584949028333,493.59896773193736,987.1979354638747,1,1480.796903195812,1454.9316476547574,780
d4_w180,TXN,1783431600000,1783532700000,win,0.039841534638261906,18.7611163132684,470.8934152162683,470.8934152162683,2,1435.385798164474,1473.6927639680257,635
d4_w180,HPE,1783431600000,1783603800000,win,0.05761228661332996,27.129246401769443,470.8934152162683,941.7868304325366,1,1435.385798164474,1500.8220103697952,770
d4_w180,ORCL,1783533900000,1783604400000,win,0.04191616767123652,20.52444144457283,489.6545315295367,489.6545315295367,2,1473.6927639680257,1521.3464518143678,125
d4_w180,HPE,1783517400000,1783605000000,win,0.04030492835137057,20.682265092018753,513.1448172222207,513.1448172222207,2,1454.9316476547574,1542.0287169063868,410
d4_w180,AMD,1783605300000,1783949400000,timeout,-0.04336288621359185,-23.148283028126095,533.8270823142394,533.8270823142394,2,1542.0287169063868,510.6787992861133,755
d4_w180,ARM,1783603800000,1783949400000,loss,-0.046,-22.909042434429736,498.0226616180377,498.0226616180377,2,1500.8220103697952,985.7924184697213,780
d4_w180,IBM,1783604400000,1783949400000,timeout,-0.011033537368542618,-5.629078762954532,510.17897297410957,510.17897297410957,2,1521.3464518143678,1490.3423126808761,770
d4_w180,IBM,1783949700000,1784035800000,loss,-0.046,-22.851915461106767,496.7807708936254,1490.3423126808761,0,1490.3423126808761,970.709626326144,385
d4_w180,MU,1783950600000,1784035800000,win,0.0731474722602492,36.33825765836667,496.78077089362534,993.5615417872507,1,1490.3423126808761,1503.8286548781361,370
d4_w180,INTC,1783950900000,1784123700000,timeout,0.003159980837799564,1.5698177166111513,496.78077089362534,496.78077089362534,2,1490.3423126808761,1505.398472594747,780
d4_w180,MU,1784035800000,1784124600000,loss,-0.046,-23.162101331643747,503.52394199225535,503.52394199225535,2,1503.8286548781361,978.7124292708481,430
d4_w180,INTC,1784035800000,1784125500000,loss,-0.046,-23.162101331643747,503.52394199225535,1007.0478839845107,1,1503.8286548781361,1459.0742699314596,445
d4_w180,ARM,1784123700000,1784125800000,loss,-0.046,-22.924127076070878,498.3505886102365,498.3505886102365,2,1505.398472594747,1436.1501428553888,35
d4_w180,ORCL,1784125500000,1784209200000,loss,-0.046,-22.096644670388134,480.3618406606116,960.7236813212232,1,1459.0742699314596,936.1593470876121,345
d4_w180,QCOM,1784127000000,1784209500000,loss,-0.046,-21.983130950479875,477.8941510973886,477.8941510973886,2,1436.1501428553888,1392.0703672345207,325
d4_w180,SNDK,1784210400000,1784216700000,loss,-0.046,-21.02605297115404,457.0881080685661,457.0881080685661,2,1392.0703672345207,1371.0443142633667,105
d4_w180,AVGO,1784210400000,1784295000000,loss,-0.046,-21.02605297115404,457.0881080685661,914.1762161371322,1,1392.0703672345207,436.06205509741204,360
d4_w180,DELL,1784127000000,1784295000000,loss,-0.046,-21.983130950479875,477.8941510973886,955.7883021947772,1,1436.1501428553888,891.9730752443207,700
d4_w180,QCOM,1784216700000,1784295000000,loss,-0.046,-20.058854534480954,436.06205509741204,436.06205509741204,2,1371.0443142633667,1307.9762758072518,255
d4_w180,SNDK,1784295900000,1784296800000,win,0.04966764559074522,21.65470070263247,435.99209193575064,435.99209193575064,2,1307.976275807252,1329.6309765098845,15
d4_w180,SNDK,1784296800000,1784303700000,win,0.0505925101238185,23.15349998969046,457.6467926383831,457.6467926383831,2,1329.6309765098845,1352.7844764995748,115
d4_w180,HPE,1784295900000,1784310900000,win,0.03976540714126121,17.33740304619531,435.9920919357506,1307.9762758072518,0,1307.9762758072518,1370.12187954577,250
d4_w180,DELL,1784303700000,1784554200000,timeout,0.008350573622714302,4.014958241413308,480.8002926280735,480.8002926280735,2,1352.7844764995748,484.8152508694868,245
d4_w180,MRVL,1784313300000,1784554200000,timeout,0.024707578545367877,11.20067410419838,453.3294949819459,453.3294949819459,2,1370.12187954577,949.3454199556311,85
d4_w180,QCOM,1784295900000,1784554200000,win,0.03657306184690779,15.945565743128915,435.99209193575064,871.9841838715013,1,1307.9762758072518,1401.2830776345108,375
d4_w180,ARM,1784554200000,1784643900000,win,0.03948840690862521,18.444812121267407,467.0943592115036,1401.2830776345108,0,1401.2830776345108,1419.7278897557783,445
d4_w180,AMD,1784554500000,1784659800000,win,0.04159792543522057,19.43015632569226,467.0943592115036,934.1887184230072,1,1401.2830776345108,1439.1580460814705,705
d4_w180,HPE,1784662200000,1784727000000,win,0.0394590057674531,19.197773664589537,486.5245155371959,486.5245155371959,2,1439.1580460814705,991.2614605345565,30
d4_w180,AVGO,1784554500000,1784727300000,timeout,0.006255214196271735,2.921775266738247,467.0943592115036,467.0943592115036,2,1401.2830776345108,1461.2775950127984,780
d4_w180,AMD,1784643900000,1784734200000,win,0.03775133794610564,18.32975334305553,485.53917133277105,485.53917133277105,2,1419.7278897557783,503.8689246758266,455
d4_w180,SNDK,1784727900000,1784742300000,win,0.03725918538690599,18.177609408510776,487.86921184001363,487.86921184001363,2,1461.2775950127982,1009.915745924351,240
d4_w180,TXN,1784727600000,1784813400000,loss,-0.046,-22.441983744640627,487.86921184001363,975.7384236800273,1,1461.2775950127984,1475.3429740197241,380
d4_w180,ORCL,1784814300000,1784900400000,loss,-0.046,-22.62192560163577,491.78099133990804,983.5619826798161,1,1475.3429740197241,1452.7210484180882,385
d4_w180,ARM,1784814000000,1784903400000,loss,-0.046,-22.62192560163577,491.78099133990804,1475.3429740197241,0,1475.3429740197241,1430.0991228164526,440
d4_w180,ARM,1784904600000,1785159000000,loss,-0.046,-21.581317023960523,469.15906573827226,469.15906573827226,2,1430.0991228164526,447.5777487143117,310
d4_w180,DELL,1784901600000,1785159000000,timeout,0.004779094459284266,2.2421554915927597,469.15906573827226,469.15906573827226,2,1452.7210484180882,918.9789699441767,360
d4_w180,TXN,1784814900000,1785159000000,timeout,-0.01258101410295553,-6.187103587612834,491.78099133990804,491.78099133990804,2,1475.3429740197241,1404.5728576964718,755
d4_w180,MRVL,1785159000000,1785161700000,loss,-0.046,-21.53678381801257,468.19095256549065,468.19095256549065,2,1404.572857696472,914.8451213129687,45
d4_w180,HPE,1785159000000,1785163200000,loss,-0.046,-21.53678381801257,468.19095256549065,936.3819051309813,1,1404.5728576964718,1361.4992900604468,70
d4_w180,ARM,1785163800000,1785245400000,loss,-0.046,-20.54609176238399,446.6541687474781,893.3083374949562,1,1361.4992900604468,894.2990295505847,310
d4_w180,DELL,1785163800000,1785245400000,loss,-0.046,-20.54609176238399,446.6541687474781,446.6541687474781,2,1361.4992900604468,1320.4071065356788,310
d4_w180,AVGO,1785159000000,1785331800000,timeout,-0.02297502225741787,-10.75669755591382,468.1909525654906,1404.5728576964718,0,1404.5728576964718,1309.650408979765,780
d4_w180,QCOM,1785246900000,1785335100000,loss,-0.046,-19.60097154131433,426.1080769850941,426.1080769850941,2,1320.4071065356788,1290.0494374384507,420
d4_w180,AMD,1785336600000,1785418200000,win,0.06257621991845186,25.437678028663264,406.5071054437798,406.5071054437798,2,1290.0494374384507,1315.4871154671139,310
d4_w180,ARM,1785418200000,1785419400000,loss,-0.046,-19.869460039732378,431.944783472443,431.944783472443,2,1315.4871154671139,869.5095784422874,20
d4_w180,AVGO,1785246600000,1785419400000,timeout,0.018440471119603792,7.857633687473537,426.1080769850941,852.2161539701882,1,1320.4071065356788,1303.475289114855,780
d4_w180,ORCL,1785333600000,1785419700000,win,0.04571974927435974,20.913779448541387,457.43425500957676,457.43425500957676,2,1309.650408979765,1324.3890685633964,385
d4_w180,AMD,1785419400000,1785504600000,win,0.061393518868017034,25.97071809522952,423.0205170526391,846.0410341052782,1,1303.475289114855,448.9912351478686,370
d4_w180,DELL,1785419700000,1785504600000,win,0.04177436752028308,19.982686594058464,478.34803445811815,478.34803445811815,2,1324.3890685633964,947.3219562000453,365
d4_w180,HPE,1785419400000,1785504600000,win,0.06170891932557599,26.10413895986475,423.0205170526391,423.0205170526391,2,1303.475289114855,1396.446612212549,370
d4_w180,MRVL,1785504600000,1785505500000,loss,-0.046,-21.412181387259086,465.48220407084966,465.48220407084966,2,1396.446612212549,1375.03443082529,15
d4_w180,HPE,1785504600000,1785506400000,loss,-0.046,-21.412181387259086,465.48220407084966,930.9644081416993,1,1396.446612212549,444.0700226835906,30
d4_w180,ARM,1785504600000,1785507000000,loss,-0.046,-21.412181387259086,465.4822040708497,1396.446612212549,0,1396.446612212549,888.1400453671812,40
d4_w180,ARM,1785506100000,1785507000000,loss,-0.046,-20.42722104344517,444.0700226835906,444.0700226835906,2,1375.03443082529,1311.7828470073266,15
d4_w180,AMD,1785507900000,1785763800000,loss,-0.046,-20.11400365411234,437.2609490024422,1311.7828470073266,0,1311.7828470073266,417.14694534832984,335
d4_w180,DELL,1785508500000,1785763800000,loss,-0.046,-20.11400365411234,437.2609490024422,437.2609490024422,2,1311.7828470073266,834.2938906966597,325
d4_w180,QCOM,1785507900000,1785763800000,timeout,-0.027309480276968105,-11.941369262670552,437.2609490024422,874.5218980048844,1,1311.7828470073266,1259.6134704364313,335
d4_w180,SNDK,1785764400000,1785767100000,win,0.03623270691921921,15.213068568607937,419.8711568121438,419.8711568121438,2,1259.6134704364313,1274.8265390050392,45
d4_w180,MRVL,1785764400000,1785767700000,win,0.03715989242991325,15.602367021562502,419.8711568121438,839.7423136242876,1,1259.6134704364313,1290.428906026602,55
d4_w180,INTC,1785764400000,1785781500000,win,0.03946128181474951,16.568654044848888,419.87115681214374,1259.6134704364313,0,1259.6134704364313,1306.9975600714506,285
d4_w180,AMD,1785767100000,1785850200000,win,0.05828609761428139,25.3593616309765,435.0842253807517,435.0842253807517,2,1274.8265390050392,896.8833978687207,335
d4_w180,AVGO,1785767700000,1785850200000,win,0.05230395077166628,22.776985752962215,435.4735238337063,435.4735238337063,2,1290.428906026602,1355.1339074553894,325
d4_w180,QCOM,1785783900000,1785852000000,win,0.039011631405982745,17.026229032049823,436.4398108569926,436.4398108569926,2,1306.9975600714506,1372.160136487439,85
d4_w180,ARM,1785850500000,1785866400000,win,0.0482895556338916,22.18166484410803,459.3470482991984,459.3470482991984,2,1355.1339074553894,1394.3418013315472,265
d4_w180,AMD,1785850500000,1785936600000,loss,-0.046,-21.129964221763124,459.3470482991984,918.6940965983968,1,1355.1339074553894,1373.211837109784,385
d4_w180,MU,1785870300000,1786023000000,loss,-0.046,-22.150320804592095,481.5287131433064,481.5287131433064,2,1394.3418013315472,912.8444322277567,445
d4_w180,MU,1785937200000,1786023000000,loss,-0.046,-20.15798586756202,438.21708407743523,438.21708407743523,2,1373.211837109784,1330.9035304376298,380
d4_w180,QCOM,1785852300000,1786025100000,timeout,0.0059692190420530585,2.7068381202300635,453.4660398890424,453.4660398890424,2,1372.160136487439,894.8916232835662,780
d4_w180,ARM,1786023600000,1786025400000,win,0.04558375795417558,19.998449094543016,438.7187452742937,877.4374905485874,1,1330.9035304376298,1353.608817652403,30
d4_w180,DELL,1786025400000,1786110300000,loss,-0.046,-21.042471664696514,457.44503618905463,914.8900723781093,1,1353.608817652403,1332.5663459877064,365
d4_w180,SNDK,1786025400000,1786110900000,loss,-0.046,-21.042471664696514,457.44503618905463,457.44503618905463,2,1353.608817652403,1311.52387432301,375
d4_w180,AMD,1786110600000,1786368600000,timeout,-0.03916101121091852,-17.089965721811982,436.4025645243581,436.4025645243581,2,1332.5663459877064,419.3125988025461,370
d4_w180,HPE,1786111200000,1786368600000,win,0.07772920558093288,33.92122465396016,436.4025645243581,436.4025645243581,2,1311.52387432301,889.6363879808645,360
d4_w180,ORCL,1786023600000,1786368600000,timeout,0.016602855593113926,7.283983973781231,438.7187452742937,438.7187452742937,2,1330.9035304376298,1335.6391172289395,770
d4_w180,DELL,1786369800000,1786455000000,loss,-0.046,-20.479799797510406,445.2130390763132,445.2130390763132,2,1335.6391172289395,1315.1593174314291,370
d4_w180,SNDK,1786369500000,1786541400000,win,0.08340169485315818,37.13152202968986,445.2130390763132,890.4260781526264,1,1335.6391172289395,927.5576001823163,765
d4_w180,SNDK,1786455300000,1786541400000,win,0.06128406173030055,26.029378054872666,424.7332392788028,424.7332392788028,2,1315.1593174314291,1378.3202175159918,385
d4_w180,AMD,1786369500000,1786542300000,timeout,0.010806425719995577,4.811161636351667,445.2130390763132,1335.6391172289395,0,1335.6391172289395,1383.1313791523435,780
d4_w180,DELL,1786541400000,1786563300000,win,0.036263550032194176,16.91888942537341,466.5535892198393,466.5535892198393,2,1378.3202175159918,1400.050268577717,365
d4_w180,AVGO,1786541400000,1786714200000,timeout,-0.03579818825452152,-16.701773217714507,466.5535892198393,933.1071784396786,1,1378.3202175159918,449.8518160021248,780
d4_w180,AMD,1786542300000,1786715100000,timeout,0.010087716888946613,4.539716729963849,450.0242007126648,450.0242007126648,2,1383.1313791523435,904.4157334447534,780
d4_w180,AVGO,1786628400000,1786715100000,loss,-0.046,-22.239734017679787,483.47247864521273,483.47247864521273,2,1400.050268577717,1365.6484780722863,395
d4_w180,ARM,1786716600000,1786973400000,timeout,-0.017898601906073168,-8.147732817550182,455.21615935742875,455.21615935742875,2,1365.6484780722863,447.06842653987854,350
d4_w180,DELL,1786715100000,1786973400000,timeout,-0.03680808080808084,-16.75563317877244,455.21615935742875,1365.6484780722863,0,1365.6484780722863,885.5289527185349,375
d4_w180,ORCL,1786716000000,1786973400000,loss,-0.046,-20.93994333044172,455.21615935742875,910.4323187148575,1,1365.6484780722863,1319.805168745522,360
d4_w180,ARM,1786974600000,1787059800000,loss,-0.046,-20.237012587431334,439.9350562485073,439.9350562485073,2,1319.8051687455218,859.6330999095833,370
d4_w180,MRVL,1786973700000,1787059800000,loss,-0.046,-20.237012587431337,439.93505624850735,1319.805168745522,0,1319.805168745522,1279.3311435706592,385
d4_w180,TXN,1786973700000,1787065500000,loss,-0.046,-20.237012587431334,439.9350562485073,879.8701124970146,1,1319.805168745522,1259.0941309832278,480
d4_w180,INTC,1787060400000,1787146500000,loss,-0.046,-19.306110008409494,419.698043661076,419.698043661076,2,1279.3311435706592,1239.7880209748184,385
d4_w180,ARM,1787146500000,1787148000000,loss,-0.046,-18.418028948022656,400.39193365266647,400.39193365266647,2,1239.7880209748184,801.6719483657198,25
d4_w180,SNDK,1787066400000,1787148300000,loss,-0.046,-19.306110008409494,419.698043661076,419.698043661076,2,1259.0941309832278,1202.0638820183863,315
d4_w180,IBM,1787060100000,1787232900000,timeout,0.009074511630670306,3.808554778572008,419.698043661076,839.396087322152,1,1279.3311435706592,1205.8724367969583,780
d4_w180,ARM,1787149200000,1787322000000,timeout,-0.010673520016701516,-4.175298718045107,391.18291917865514,782.3658383573103,1,1202.0638820183863,810.514218900258,780
d4_w180,QCOM,1787149200000,1787322000000,timeout,-0.014618013810581138,-5.718317315017026,391.18291917865514,391.18291917865514,2,1202.0638820183863,1195.9788207638962,780
d4_w180,AMD,1787322600000,1787578200000,timeout,-0.02037154017931663,-7.868224457242215,386.2361111621241,772.4722223242482,1,1195.9788207638962,378.36788670488187,330
d4_w180,ARM,1787322600000,1787578200000,loss,-0.046,-17.766861113457708,386.2361111621241,386.2361111621241,2,1195.9788207638962,746.8371367535483,330
d4_w180,AVGO,1787232900000,1787578200000,timeout,-0.011030307693565939,-4.67140809104479,423.506598439648,423.506598439648,2,1205.8724367969583,1165.6723271021513,775
d4_w180,MRVL,1787579400000,1787664600000,win,0.0778809103634388,30.26120734006125,388.5574423673837,777.1148847347674,1,1165.6723271021513,1195.9335344422125,370
d4_w180,DELL,1787579400000,1787665200000,win,0.0467688441766756,18.172382475767783,388.55744236738377,1165.6723271021513,0,1165.6723271021513,1214.1059169179803,380
d4_w180,INTC,1787665500000,1787751000000,loss,-0.046,-18.709571942784972,406.72982484315156,406.72982484315156,2,1214.1059169179803,1195.3963449751952,375
d4_w180,AVGO,1787579700000,1787752500000,timeout,-0.029595671776981185,-11.499618530808371,388.5574423673837,388.5574423673837,2,1165.672327102151,1183.896726444387,780
d4_w180,DELL,1787664600000,1787773800000,win,0.039211446480216246,16.422485067919915,418.818649707445,418.818649707445,2,1195.9335344422125,812.2989586119402,770
d4_w180,INTC,1787751600000,1787837400000,win,0.03688887982853229,14.313632480278331,388.0202529003666,388.0202529003666,2,1195.3963449751952,1214.632843992585,380
d4_w180,MU,1787752800000,1787925600000,timeout,-0.007549025421379469,-2.8464190974723285,377.0578238365753,377.0578238365753,2,1183.896726444387,1211.7864248951128,780
d4_w180,AVGO,1787837700000,1788183000000,timeout,0.013823187075132864,5.788978096537352,418.7875100780049,837.5750201560098,1,1214.632843992585,424.57648817454225,775
d4_w180,INTC,1787837700000,1788183000000,timeout,-0.005284586826220567,-2.2131189587439377,418.7875100780049,418.7875100780049,2,1214.632843992585,841.1508792938032,775
d4_w180,MRVL,1787925600000,1788183000000,loss,-0.046,-17.213724617998736,374.211404739103,374.211404739103,2,1211.7864248951128,1198.1485594149076,360
d4_w180,SNDK,1788183000000,1788203400000,loss,-0.046,-18.371611244361915,399.3828531383025,399.3828531383025,2,1198.1485594149076,1179.7769481705454,340
d4_w180,ARM,1788204600000,1788269700000,loss,-0.046,-17.526517127121267,381.01124189394056,381.01124189394056,2,1179.7769481705454,762.8675779051218,35
d4_w180,HPE,1788183000000,1788270000000,loss,-0.046,-18.371611244361915,399.38285313830255,1198.1485594149076,0,1198.1485594149076,1143.8788197990625,400
d4_w180,MU,1788183000000,1788355800000,timeout,-0.0018599726403609688,-0.7428411798665455,399.3828531383025,798.765706276605,1,1198.1485594149076,1143.1359786191958,780
d4_w180,HPE,1788356400000,1788442200000,loss,-0.046,-18.337440550088054,398.64001195843593,398.64001195843593,2,1143.1359786191958,1124.7985380691077,380
d4_w180,IBM,1788270300000,1788443100000,timeout,0.004294178440356738,1.598499264483592,372.24798333037995,744.4959666607599,1,1143.8788197990625,1126.3970373335915,780
d4_w180,AMD,1788270600000,1788443400000,timeout,-0.028921894809369457,-10.766117016881164,372.24798333037995,372.24798333037995,2,1143.8788197990625,1115.6309203167102,780
d4_w180,ORCL,1788442500000,1788459900000,win,0.03762621948011847,14.309348020663924,380.3025714083479,380.3025714083479,2,1124.7985380691077,1129.9402683373742,290
d4_w180,HPE,1788460200000,1788464400000,win,0.038941367174577975,15.36672764595013,394.61191942901183,394.61191942901183,2,1129.9402683373742,1145.3069959833242,70
d4_w180,SNDK,1788443400000,1788528600000,win,0.042117302785949835,15.22464121515587,361.4818663134988,361.4818663134988,2,1115.6309203167102,750.5529901235182,370
d4_w180,SNDK,1788465000000,1788528600000,win,0.03883443356939776,15.921288534704178,409.97864707496194,409.97864707496194,2,1145.3069959833242,1176.4529257331844,10
d4_w180,AMD,1788443100000,1788531300000,win,0.04091106375336385,15.29445728340929,373.8464825948635,373.8464825948635,2,1126.3970373335915,1191.7473830165936,420
d4_w180,AMD,1788528600000,1788874200000,win,0.0424668351042421,17.04207773717867,401.3032215691604,802.6064431383209,1,1176.4529257331844,418.3452993063391,390
d4_w180,AVGO,1788551700000,1788874200000,timeout,0.023711638857157,9.22716943092825,389.14093987827283,389.14093987827283,2,1191.7473830165936,816.7134086155402,5
d4_w180,MRVL,1788528600000,1788874200000,win,0.06378124408200514,25.59561872579761,401.3032215691604,401.3032215691604,2,1176.4529257331842,1243.6122489104982,390
d4_w180,HPE,1788874200000,1788896700000,win,0.03641599716232525,15.095793375785876,414.5374163034994,1243.6122489104982,0,1243.6122489104982,1258.7080422862841,375
d4_w180,HPE,1788876300000,1788960600000,win,0.07473866741383639,30.98197408769828,414.5374163034994,829.0748326069988,1,1243.6122489104982,1289.6900163739824,355
d4_w180,QCOM,1788960900000,1789047000000,loss,-0.046,-20.493891957995093,445.5193903911977,445.5193903911977,2,1289.6900163739824,1269.1961244159872,385
d4_w180,ORCL,1788897300000,1789048200000,loss,-0.046,-19.763127645247124,429.6332096792853,429.6332096792853,2,1258.7080422862841,1249.4329967707401,415
d4_w180,ORCL,1788894000000,1789064100000,loss,-0.046,-19.06872114996097,414.5374163034994,414.5374163034994,2,1243.6122489104982,1230.3642756207792,735
d4_w180,SNDK,1789064700000,1789134000000,loss,-0.046,-18.191559977062767,395.4686951535384,395.4686951535384,2,1230.3642756207792,1212.1727156437164,105
d4_w180,ORCL,1789134000000,1789136400000,loss,-0.046,-17.35474821811788,377.27713517647567,377.27713517647567,2,1212.1727156437164,1194.8179674255985,40
d4_w180,ARM,1789048800000,1789148100000,win,0.03867725610117568,15.852650131040381,409.8700820340382,409.8700820340382,2,1249.4329967707401,425.7227321650786,605
d4_w180,MRVL,1789047600000,1789392600000,loss,-0.046,-19.55117292792732,425.0254984332026,425.0254984332026,2,1269.1961244159872,831.197057670354,770
d4_w180,ORCL,1789137300000,1789392600000,loss,-0.046,-16.55642980008446,359.9223869583578,359.9223869583578,2,1194.8179674255985,1174.5630148286273,325
d4_w180,AMD,1789393500000,1789565400000,win,0.04905715600246353,19.20690701772395,391.5210049428758,1174.5630148286273,0,1174.5630148286273,802.2489169034754,765
d4_w180,INTC,1789393500000,1789565400000,win,0.05122828122140755,20.056948145301735,391.5210049428757,391.5210049428757,2,1174.5630148286273,1213.826869991653,765
d4_w180,AVGO,1789393500000,1789566300000,timeout,-0.027153213419203064,-10.631053405314763,391.5210049428757,783.0420098857514,1,1174.5630148286273,1203.195816586338,780
d4_w180,MRVL,1789565400000,1789651800000,win,0.06859331190164619,28.202341339921876,411.1529325243886,411.1529325243886,2,1213.826869991653,850.508206388699,390
d4_w180,MRVL,1789566300000,1789651800000,win,0.044160204755618666,16.82017824925636,380.88995153756093,380.88995153756093,2,1203.195816586338,1248.2183361755165,375
d4_w180,DELL,1789565400000,1789738200000,timeout,0.029160834440174595,11.989562594935972,411.1529325243886,822.3058650487772,1,1213.826869991653,1260.2078987704524,780
d4_w180,AVGO,1789651800000,1789761300000,timeout,0.02418349484244043,10.121583435991182,418.5327018255639,837.0654036511278,1,1248.2183361755165,428.65428526155506,775
d4_w180,TXN,1789651800000,1789761300000,timeout,-0.003368968603117079,-1.410023531828087,418.5327018255639,418.5327018255639,2,1248.2183361755165,845.7769635552909,775
d4_w180,TXN,1789738200000,1789761300000,timeout,0.018188046215280147,7.696135256879229,423.14249511932456,423.14249511932456,2,1260.2078987704524,1276.6155939314947,385
d4_w240,ARM,1782913500000,1783000500000,win,0.041046875090221986,20.523437545110994,500.0,1000.0,1,1500.0,1520.523437545111,400
d4_w240,ARM,1783000500000,1783002300000,loss,-0.046,-23.9440781270751,520.5234375451109,520.5234375451109,2,1520.523437545111,496.57935941803584,30
d4_w240,QCOM,1782913200000,1783003200000,loss,-0.046,-23.0,500.0,1500.0,0,1500.0,973.5793594180359,450
d4_w240,HPE,1782913500000,1783005000000,loss,-0.046,-23.0,500.0,500.0,2,1500.0,1450.579359418036,475
d4_w240,MRVL,1783006200000,1783010100000,loss,-0.046,-22.242216844409885,483.52645313934534,483.52645313934534,2,1450.579359418036,1428.3371425736261,65
d4_w240,MU,1783005900000,1783014300000,loss,-0.046,-22.24221684440988,483.5264531393453,1450.579359418036,0,1450.579359418036,1406.0949257292161,140
d4_w240,ARM,1783015500000,1783344600000,win,0.048448377375534875,22.34847275740243,461.2842362949354,461.2842362949354,2,1406.0949257292161,483.6327090523378,115
d4_w240,AVGO,1783006200000,1783344600000,timeout,0.037478891400661414,18.122035426556526,483.52645313934534,967.0529062786907,1,1450.579359418036,985.2811976182397,270
d4_w240,INTC,1783010400000,1783344600000,timeout,0.02463914505476806,11.36564920954882,461.28423629493545,461.28423629493545,2,1428.3371425736261,1457.931083122724,200
d4_w240,DELL,1783344600000,1783347600000,win,0.045131846542159966,21.93304063751328,485.9770277075746,971.9540554151492,1,1457.931083122724,1479.8641237602371,50
d4_w240,DELL,1783347900000,1783358400000,loss,-0.046,-23.363863143874042,507.9100683450879,507.9100683450879,2,1479.8641237602371,1456.500260616363,175
d4_w240,ARM,1783344600000,1783431000000,loss,-0.046,-22.354943274548436,485.9770277075747,1457.931083122724,0,1457.931083122724,1434.1453173418147,390
d4_w240,DELL,1783361100000,1783517400000,win,0.06021674300493097,29.17779431261604,484.54620520121387,484.54620520121387,2,1456.500260616363,977.3460839468562,505
d4_w240,HPE,1783344600000,1783517400000,win,0.03959864336851338,19.244031005482395,485.9770277075746,485.9770277075746,2,1457.931083122724,1482.567142659913,780
d4_w240,DELL,1783517700000,1783519800000,loss,-0.046,-23.435736339218398,509.47252911344344,509.47252911344344,2,1482.567142659913,1459.1314063206946,35
d4_w240,SNDK,1783520700000,1783523700000,loss,-0.046,-22.357692467614353,486.03679277422503,486.03679277422503,2,1459.1314063206946,1436.7737138530804,50
d4_w240,AMD,1783524600000,1783603800000,win,0.07497476090516653,34.76422968221086,463.6791003066107,463.6791003066107,2,1436.7737138530804,1007.9158591022649,270
d4_w240,HPE,1783431600000,1783603800000,win,0.05761228661332996,26.71032840862497,463.62208443302626,463.62208443302626,2,1434.1453173418147,1498.2482719439163,770
d4_w240,HPE,1783517400000,1783605000000,win,0.04030492835137057,20.534253782908895,509.47252911344344,1018.9450582268869,1,1482.567142659913,1518.782525726825,410
d4_w240,AMD,1783605300000,1783949400000,timeout,-0.04336288621359185,-22.982623819166403,530.0067828963523,530.0067828963523,2,1518.782525726825,507.0241590771859,755
d4_w240,ARM,1783603800000,1783949400000,loss,-0.046,-22.74184208510087,494.38787141523636,988.7757428304727,1,1498.2482719439163,978.6701884073213,780
d4_w240,DELL,1783603800000,1783949400000,timeout,-0.03298432566230291,-16.307050554252893,494.38787141523636,494.38787141523636,2,1498.248271943916,1456.7510092683049,780
d4_w240,IBM,1783949700000,1784035800000,loss,-0.046,-22.336848808780676,485.58366975610164,1456.7510092683049,0,1456.7510092683049,948.8304907034226,385
d4_w240,MU,1783950600000,1784035800000,win,0.0731474722602492,35.51921801351445,485.5836697561016,971.1673395122032,1,1456.7510092683049,1469.9333784730386,370
d4_w240,INTC,1783950900000,1784123700000,timeout,0.003159980837799564,1.5344350915776725,485.5836697561016,485.5836697561016,2,1456.7510092683046,1471.4678135646163,780
d4_w240,INTC,1784035800000,1784125500000,loss,-0.046,-22.640043300489552,492.1748543584685,492.1748543584685,2,1469.9333784730386,1448.8277702641267,445
d4_w240,ARM,1784123700000,1784125800000,loss,-0.046,-22.407432822993247,487.11810484767926,487.11810484767926,2,1471.4678135646163,934.245483082665,35
d4_w240,HPE,1784035800000,1784126400000,loss,-0.046,-22.640043300489552,492.1748543584685,984.349708716937,1,1469.9333784730386,1403.780294140644,460
d4_w240,ORCL,1784125500000,1784209200000,loss,-0.046,-21.598601308667032,469.53481105797897,469.53481105797897,2,1448.8277702641267,915.0589512906445,345
d4_w240,QCOM,1784127000000,1784209500000,loss,-0.046,-21.48764611090129,467.12274154133246,467.12274154133246,2,1403.780294140644,1360.6940467210757,325
d4_w240,SNDK,1784210400000,1784216700000,loss,-0.046,-20.552140019134093,446.7856525898716,446.7856525898716,2,1360.6940467210757,1340.1419067019415,105
d4_w240,AVGO,1784210400000,1784295000000,loss,-0.046,-20.552140019134093,446.7856525898716,893.5713051797431,1,1360.6940467210757,426.2335125707375,360
d4_w240,DELL,1784127000000,1784295000000,loss,-0.046,-21.48764611090129,467.12274154133246,934.2454830826649,1,1403.780294140644,871.8686080011687,700
d4_w240,QCOM,1784216700000,1784295000000,loss,-0.046,-19.606741578253924,426.2335125707375,426.2335125707375,2,1340.1419067019415,1278.4953789936524,255
d4_w240,SNDK,1784295900000,1784296800000,win,0.04966764559074522,21.166618457754073,426.1651263312175,426.1651263312175,2,1278.4953789936526,1299.6619974514065,15
d4_w240,SNDK,1784296800000,1784303700000,win,0.0505925101238185,22.631635826941434,447.33174478897155,447.33174478897155,2,1299.6619974514065,1322.293633278348,115
d4_w240,HPE,1784295900000,1784310900000,win,0.03976540714126121,16.946629757967877,426.16512633121744,1278.4953789936524,0,1278.4953789936524,1339.2402630363158,250
d4_w240,DELL,1784303700000,1784554200000,timeout,0.008350573622714302,3.9244638098128846,469.96338061591297,469.96338061591297,2,1322.293633278348,473.88784442572586,245
d4_w240,MRVL,1784313300000,1784554200000,timeout,0.024707578545367877,10.948218517949439,443.1117560891853,443.1117560891853,2,1339.2402630363158,927.9478190328606,85
d4_w240,QCOM,1784295900000,1784554200000,win,0.03657306184690779,15.586163522306888,426.1651263312175,852.330252662435,1,1278.4953789936524,1369.699108886385,375
d4_w240,ARM,1784554200000,1784643900000,win,0.03948840690862521,18.02907858469564,456.566369628795,1369.699108886385,0,1369.699108886385,1387.7281874710807,445
d4_w240,AMD,1784554500000,1784659800000,win,0.04159792543522057,18.992213800047967,456.566369628795,913.13273925759,1,1369.699108886385,1406.7204012711286,705
d4_w240,HPE,1784662200000,1784727000000,win,0.0394590057674531,18.76506888628054,475.55858342884295,475.55858342884295,2,1406.7204012711286,968.9191005286141,30
d4_w240,AVGO,1784554500000,1784727300000,timeout,0.006255214196271735,2.8559204368422866,456.566369628795,456.566369628795,2,1369.699108886385,1428.3413905942514,780
d4_w240,AMD,1784643900000,1784734200000,win,0.03775133794610564,17.916613153190962,474.5954482134906,474.5954482134906,2,1387.7281874710807,492.51206136668156,455
d4_w240,SNDK,1784727900000,1784742300000,win,0.03725918538690599,17.76789843958706,476.8729711903804,476.8729711903804,2,1428.3413905942514,987.152930996649,240
d4_w240,TXN,1784727600000,1784813400000,loss,-0.046,-21.9361566747575,476.8729711903804,953.7459423807608,1,1428.3413905942514,1442.089745512272,380
d4_w240,ORCL,1784814300000,1784900400000,loss,-0.046,-22.112042764521505,480.696581837424,961.393163674848,1,1442.089745512272,1419.9777027477505,385
d4_w240,ARM,1784814000000,1784903400000,loss,-0.046,-22.112042764521505,480.696581837424,1442.089745512272,0,1442.089745512272,1397.865659983229,440
d4_w240,ARM,1784904600000,1785159000000,loss,-0.046,-21.094888797353516,458.5845390729025,458.5845390729025,2,1397.865659983229,437.48965027554897,310
d4_w240,DELL,1784901600000,1785159000000,timeout,0.004779094459284266,2.191618829796737,458.5845390729025,458.5845390729025,2,1419.9777027477505,898.2658081782482,360
d4_w240,TXN,1784814900000,1785159000000,timeout,-0.01258101410295553,-6.047650475339148,480.696581837424,480.696581837424,2,1442.089745512272,1372.914739540333,755
d4_w240,MRVL,1785159000000,1785161700000,loss,-0.046,-21.051359339618436,457.6382465134443,457.6382465134443,2,1372.914739540333,894.2251336872702,45
d4_w240,HPE,1785159000000,1785163200000,loss,-0.046,-21.051359339618436,457.6382465134443,915.2764930268886,1,1372.914739540333,1330.812020861096,70
d4_w240,ARM,1785163800000,1785245400000,loss,-0.046,-20.08299680999599,436.58688717382586,873.1737743476517,1,1330.812020861096,874.1421368772742,310
d4_w240,DELL,1785163800000,1785245400000,loss,-0.046,-20.08299680999599,436.58688717382586,436.58688717382586,2,1330.812020861096,1290.646027241104,310
d4_w240,AVGO,1785159000000,1785331800000,timeout,-0.02297502225741787,-10.514248899492069,457.6382465134443,1372.914739540333,0,1372.914739540333,1280.131778341612,780
d4_w240,QCOM,1785246900000,1785335100000,loss,-0.046,-19.159178956736174,416.5038903638299,416.5038903638299,2,1290.646027241104,1260.9725993848758,420
d4_w240,AMD,1785336600000,1785418200000,win,0.06257621991845186,24.864330044444085,397.3447114070937,397.3447114070937,2,1260.9725993848758,1285.83692942932,310
d4_w240,ARM,1785418200000,1785419400000,loss,-0.046,-19.42161590677074,422.2090414515378,422.2090414515378,2,1285.83692942932,849.9114231587193,20
d4_w240,AVGO,1785246600000,1785419400000,timeout,0.018440471119603792,7.680527961456829,416.5038903638299,833.0077807276598,1,1290.646027241104,1274.095841484006,780
d4_w240,ORCL,1785333600000,1785419700000,win,0.04571974927435974,20.442397065459318,447.1239976139522,447.1239976139522,2,1280.131778341612,1294.5382385494654,385
d4_w240,AMD,1785419400000,1785504600000,win,0.061393518868017034,25.385355749977492,413.4859219350269,826.9718438700538,1,1274.095841484006,438.87127768500443,370
d4_w240,DELL,1785419700000,1785504600000,win,0.04177436752028308,19.532290411471468,467.56639467941153,467.56639467941153,2,1294.5382385494654,925.9699627758873,365
d4_w240,HPE,1785419400000,1785504600000,win,0.06170891932557599,25.51576939894999,413.4859219350269,413.4859219350269,2,1274.095841484006,1364.9716541098642,370
d4_w240,MRVL,1785504600000,1785505500000,loss,-0.046,-20.929565363017915,454.9905513699547,454.9905513699547,2,1364.9716541098642,1344.0420887468463,15
d4_w240,HPE,1785504600000,1785506400000,loss,-0.046,-20.929565363017915,454.9905513699547,909.9811027399094,1,1364.9716541098642,434.0609860069368,30
d4_w240,ARM,1785504600000,1785507000000,loss,-0.046,-20.929565363017918,454.99055136995474,1364.9716541098642,0,1364.9716541098642,868.1219720138736,40
d4_w240,ARM,1785506100000,1785507000000,loss,-0.046,-19.966805356319092,434.0609860069368,434.0609860069368,2,1344.0420887468463,1282.2161526644913,15
d4_w240,AMD,1785507900000,1785763800000,loss,-0.046,-19.660647674188866,427.4053842214971,1282.2161526644913,0,1282.2161526644913,407.74473654730826,335
d4_w240,DELL,1785508500000,1785763800000,loss,-0.046,-19.660647674188866,427.4053842214971,427.4053842214971,2,1282.2161526644913,815.4894730946165,325
d4_w240,QCOM,1785507900000,1785763800000,timeout,-0.027309480276968105,-11.67221891066695,427.4053842214971,854.8107684429942,1,1282.2161526644913,1231.2226384054468,335
d4_w240,SNDK,1785764400000,1785767100000,win,0.03623270691921921,14.870176336550786,410.4075461351489,410.4075461351489,2,1231.2226384054466,1246.0928147419975,45
d4_w240,MRVL,1785764400000,1785767700000,win,0.03715989242991325,15.250700266806792,410.4075461351489,820.8150922702978,1,1231.2226384054468,1261.3435150088044,55
d4_w240,INTC,1785764400000,1785781500000,win,0.03946128181474951,16.195207836938923,410.40754613514895,1231.2226384054468,0,1231.2226384054468,1277.5387228457432,285
d4_w240,AMD,1785767100000,1785850200000,win,0.05828609761428139,24.78777884516476,425.2777224716997,425.2777224716997,2,1246.0928147419975,876.6682552889524,335
d4_w240,AVGO,1785767700000,1785850200000,win,0.05230395077166628,22.263607965361686,425.6582464019557,425.6582464019557,2,1261.3435150088044,1324.5901096562698,325
d4_w240,QCOM,1785783900000,1785852000000,win,0.039011631405982745,16.642469394736235,426.6027539720879,426.6027539720879,2,1277.5387228457432,1341.2325790510058,85
d4_w240,ARM,1785850500000,1785866400000,win,0.0482895556338916,21.68170518542125,448.9936778420909,448.9936778420909,2,1324.5901096562698,1362.9142842364272,265
d4_w240,AMD,1785850500000,1785936600000,loss,-0.046,-20.653709180736183,448.9936778420909,897.9873556841818,1,1324.5901096562698,1342.260575055691,385
d4_w240,MU,1785870300000,1786023000000,loss,-0.046,-21.65106761926556,470.67538302751217,470.67538302751217,2,1362.9142842364272,892.2695387750707,445
d4_w240,MU,1785937200000,1786023000000,loss,-0.046,-19.703638558422316,428.3399686613547,428.3399686613547,2,1342.260575055691,1300.9058688780033,380
d4_w240,QCOM,1785852300000,1786025100000,timeout,0.0059692190420530585,2.645827827620308,443.2452233668241,443.2452233668241,2,1341.2325790510058,874.7213739500339,780
d4_w240,ARM,1786023600000,1786025400000,win,0.04558375795417558,19.547697635901784,428.8303227555895,857.660645511179,1,1300.9058688780033,1323.0993943415253,30
d4_w240,DELL,1786025400000,1786110300000,loss,-0.046,-20.56818864647652,447.1345357929679,894.2690715859358,1,1323.0993943415253,1302.5312056950488,365
d4_w240,SNDK,1786025400000,1786110900000,loss,-0.046,-20.56818864647652,447.1345357929679,447.1345357929679,2,1323.0993943415253,1281.9630170485723,375
d4_w240,AMD,1786110600000,1786368600000,timeout,-0.03916101121091852,-16.70476950280431,426.56634714649135,426.56634714649135,2,1302.5312056950488,409.86157764368704,370
d4_w240,HPE,1786111200000,1786368600000,win,0.07772920558093288,33.15666329125721,426.56634714649135,426.56634714649135,2,1281.9630170485723,869.5845880814356,360
d4_w240,ORCL,1786023600000,1786368600000,timeout,0.016602855593113926,7.119807922659489,428.8303227555895,428.8303227555895,2,1300.9058688780033,1305.5347187596847,770
d4_w240,DELL,1786369800000,1786455000000,loss,-0.046,-20.01819902098183,435.1782395865615,435.1782395865615,2,1305.5347187596844,1285.5165197387028,370
d4_w240,SNDK,1786369200000,1786541400000,win,0.09386673493195485,40.848760463426515,435.1782395865616,1305.5347187596847,0,1305.5347187596847,911.2052396365495,770
d4_w240,SNDK,1786455300000,1786541400000,win,0.06128406173030055,25.442693553975065,415.16004056557966,415.16004056557966,2,1285.5165197387028,1351.8079737561043,385
d4_w240,AMD,1786369500000,1786542300000,timeout,0.010806425719995577,4.702721321050616,435.1782395865615,870.356479173123,1,1305.5347187596847,1356.510695077155,780
d4_w240,DELL,1786541400000,1786563300000,win,0.036263550032194176,16.620124113027032,458.31486708477144,458.31486708477144,2,1351.8079737561043,1373.1308191901821,365
d4_w240,AVGO,1786541400000,1786714200000,timeout,-0.03579818825452152,-16.406841891746655,458.31486708477144,916.6297341695429,1,1351.8079737561043,1356.7239772984353,780
d4_w240,AMD,1786542300000,1786715100000,timeout,0.010087716888946613,4.437394598473784,439.8809609076121,439.8809609076121,2,1356.510695077155,886.2263806991107,780
d4_w240,AVGO,1786628400000,1786715100000,loss,-0.046,-21.84700959509873,474.93499119779847,474.93499119779847,2,1373.1308191901821,1339.3143623018104,395
d4_w240,DELL,1786715100000,1786973400000,timeout,-0.03680808080808084,-16.515902486992008,448.7031685543928,897.4063371087856,1,1339.3143623018104,432.1872660674008,375
d4_w240,ORCL,1786716000000,1786973400000,loss,-0.046,-20.640345753502068,448.7031685543928,448.7031685543928,2,1339.3143623018104,860.2500888682915,360
d4_w240,TXN,1786714800000,1786973400000,timeout,0.01916005834505464,8.46698354584623,441.9080251930248,441.9080251930248,2,1356.7239772984353,1310.6250976071626,380
d4_w240,ARM,1786974600000,1787059800000,loss,-0.046,-20.09625149664316,436.8750325357209,1310.6250976071626,0,1310.6250976071626,1290.5288461105195,370
d4_w240,HPE,1786974900000,1787064900000,loss,-0.046,-20.09625149664316,436.87503253572083,873.7500650714417,1,1310.6250976071626,1270.432594613876,450
d4_w240,ORCL,1786975800000,1787146500000,loss,-0.046,-20.09625149664316,436.87503253572083,436.87503253572083,2,1310.6250976071624,1250.336343117233,745
d4_w240,ARM,1787146500000,1787148000000,loss,-0.046,-19.171823927797572,416.77878103907767,416.77878103907767,2,1250.336343117233,1231.1645191894354,25
d4_w240,SNDK,1787066400000,1787148300000,loss,-0.046,-19.171823927797572,416.77878103907767,416.77878103907767,2,1270.432594613876,1211.992695261638,315
d4_w240,IBM,1787060100000,1787232900000,timeout,0.009074511630670306,3.782063895955704,416.7787810390777,416.7787810390777,2,1290.5288461105195,1215.7747591575937,780
d4_w240,MU,1787148000000,1787255700000,win,0.040490780060206795,16.09941585080092,397.6069571112801,397.6069571112801,2,1231.1645191894354,1231.8741750083946,745
d4_w240,ARM,1787149200000,1787322000000,timeout,-0.010673520016701516,-4.2438658155070295,397.6069571112801,397.6069571112801,2,1211.992695261638,1227.6303091928876,780
d4_w240,AMD,1787255700000,1787578200000,timeout,-0.026923905162719468,-11.13859115084372,413.70637296208105,413.70637296208105,2,1231.8741750083946,402.56778181123735,395
d4_w240,AMD,1787322600000,1787578200000,timeout,-0.02037154017931663,-8.013412019392037,393.3630912957731,393.3630912957731,2,1227.6303091928876,787.9174610876184,330
d4_w240,AVGO,1787232900000,1787578200000,timeout,-0.011030307693565939,-4.638915523499492,420.56084493503346,420.56084493503346,2,1215.7747591575937,1203.8393904991524,775
d4_w240,MRVL,1787579400000,1787664600000,win,0.0778809103634388,31.252035887813765,401.2797968330508,1203.8393904991524,0,1203.8393904991524,1235.091426386966,370
d4_w240,DELL,1787579700000,1787665200000,win,0.04321423332128594,17.340998767461677,401.2797968330508,401.2797968330508,2,1203.8393904991524,1252.4324251544276,375
d4_w240,INTC,1787665500000,1787751000000,loss,-0.046,-19.25655659762357,418.62079560051245,418.62079560051245,2,1252.4324251544276,1233.1758685568043,375
d4_w240,AVGO,1787579700000,1787752500000,timeout,-0.029595671776981185,-11.876145157804665,401.2797968330508,802.5595936661016,1,1203.8393904991524,1221.2997233989995,780
d4_w240,DELL,1787664600000,1787773800000,win,0.039211446480216246,16.960198809724027,432.53183272086454,432.53183272086454,2,1235.091426386966,1238.2599222087235,770
d4_w240,MU,1787751600000,1787924400000,timeout,-0.02136166421913998,-8.53108477471208,399.3642390028889,399.3642390028889,2,1233.1758685568043,1229.7288374340114,780
d4_w240,MU,1787752800000,1787925600000,timeout,-0.007549025421379469,-2.939618065674429,389.4036516752461,389.4036516752461,2,1221.2997233989995,1226.7892193683372,780
d4_w240,AVGO,1787837700000,1788183000000,timeout,0.013823187075132864,6.213412440628846,449.4920315305886,449.4920315305886,2,1238.2599222087235,455.70544397121745,775
d4_w240,HPE,1787924400000,1788183000000,timeout,-0.008717145192598802,-3.4069493514883775,390.8331542281768,390.8331542281768,2,1229.7288374340114,843.1316488479059,380
d4_w240,MRVL,1787925600000,1788183000000,loss,-0.046,-17.777345546040298,386.4640336095717,386.4640336095717,2,1226.7892193683372,1211.8183369114372,360
d4_w240,SNDK,1788183000000,1788203400000,loss,-0.046,-18.5812144993087,403.9394456371457,403.9394456371457,2,1211.8183369114372,1193.2371224121284,340
d4_w240,ARM,1788204600000,1788269700000,loss,-0.046,-17.726478632340502,385.358231137837,385.358231137837,2,1193.2371224121284,771.5711981426422,35
d4_w240,HPE,1788183000000,1788270000000,loss,-0.046,-18.581214499308704,403.93944563714575,1211.8183369114372,0,1211.8183369114372,1156.9294292804793,400
d4_w240,MU,1788183000000,1788355800000,timeout,-0.0018599726403609688,-0.7513163172476679,403.9394456371457,807.8788912742914,1,1211.8183369114372,1156.1781129632318,780
d4_w240,HPE,1788356400000,1788442200000,loss,-0.046,-18.54665394871531,403.18812931989805,403.18812931989805,2,1156.1781129632318,1137.6314590145164,380
d4_w240,IBM,1788270300000,1788443100000,timeout,0.004294178440356738,1.6167366767828881,376.4949918216668,752.9899836433336,1,1156.9294292804793,1139.2481956912993,780
d4_w240,AMD,1788270600000,1788443400000,timeout,-0.028921894809369457,-10.888948549720661,376.4949918216668,376.4949918216668,2,1156.9294292804793,1128.3592471415786,780
d4_w240,ORCL,1788442500000,1788459900000,win,0.03762621948011847,14.472604573472704,384.64147537118276,384.64147537118276,2,1137.6314590145164,1142.8318517150512,290
d4_w240,HPE,1788460200000,1788464400000,win,0.038941367174577975,15.542047931668696,399.1140799446555,399.1140799446555,2,1142.8318517150512,1158.37389964672,70
d4_w240,SNDK,1788465000000,1788528600000,win,0.03883443356939776,16.102935852156815,414.6561278763242,414.6561278763242,2,1158.37389964672,1174.4768354988769,10
d4_w240,AMD,1788443100000,1788531300000,win,0.04091106375336385,15.468953030494678,378.1117284984497,378.1117284984497,2,1139.2481956912993,824.3397452574254,420
d4_w240,AMD,1788444900000,1788531300000,win,0.03687055578707744,13.480098014550938,365.60604327194613,365.60604327194613,2,1128.3592471415786,1203.4258865439224,390
d4_w240,AMD,1788528600000,1788874200000,win,0.0424668351042421,18.292974129015118,430.759063728481,430.759063728481,2,1174.4768354988769,835.3854492652168,390
d4_w240,AVGO,1788547200000,1788874200000,timeout,0.02490019058898186,9.619775574943784,386.3334114077207,772.6668228154414,1,1203.4258865439224,1231.3386362478814,80
d4_w240,HPE,1788874200000,1788896700000,win,0.03641599716232525,14.946808094488095,410.4462120826271,820.8924241652542,1,1231.3386362478814,1246.2854443423694,375
d4_w240,HPE,1788876300000,1788960600000,win,0.07473866741383639,30.67620293611242,410.4462120826271,410.4462120826271,2,1231.3386362478814,1276.961647278482,355
d4_w240,AVGO,1788874200000,1789047000000,timeout,-0.0334024991753693,-13.709929260623404,410.44621208262714,1231.3386362478814,0,1231.3386362478814,822.1293029991189,780
d4_w240,QCOM,1788960900000,1789047000000,loss,-0.046,-20.291631090862015,441.1224150187395,441.1224150187395,2,1276.961647278482,1242.9600869269964,385
d4_w240,ORCL,1788897300000,1789048200000,loss,-0.046,-19.568078928147298,425.3930201771152,425.3930201771152,2,1246.2854443423694,1223.392007998849,415
d4_w240,ARM,1789048800000,1789148100000,win,0.03867725610117568,15.696195184930906,405.8249412489679,405.8249412489679,2,1223.392007998849,1239.08820318378,605
d4_w240,MRVL,1789047600000,1789392600000,loss,-0.046,-18.804042535247266,408.7835333749406,817.5670667498812,1,1242.9600869269964,389.9794908396933,770
d4_w240,MU,1789047600000,1789392600000,loss,-0.046,-18.804042535247266,408.7835333749406,408.7835333749406,2,1242.9600869269964,779.9589816793866,770
d4_w240,ORCL,1789154400000,1789392600000,loss,-0.046,-19.389972275959344,421.5211364338988,421.5211364338988,2,1239.08820318378,1182.0901458373262,40
d4_w240,AMD,1789393500000,1789565400000,win,0.04905715600246353,19.32999356443886,394.03004861244204,1182.0901458373262,0,1182.0901458373262,807.390090789323,765
d4_w240,INTC,1789393500000,1789565400000,win,0.05122828122140755,20.185482140003074,394.0300486124421,394.0300486124421,2,1182.0901458373264,1221.6056215417682,765
d4_w240,AVGO,1789393500000,1789566300000,timeout,-0.027153213419203064,-10.699182003552599,394.0300486124421,788.0600972248842,1,1182.0901458373262,1210.9064395382156,780
d4_w240,MRVL,1789565400000,1789651800000,win,0.06859331190164619,28.383074698062405,413.78778646466304,413.78778646466304,2,1221.6056215417682,1239.289514236278,390
d4_w240,HPE,1789566300000,1789652700000,win,0.04106353793712159,15.74092158346383,383.3308666088895,383.3308666088895,2,1210.9064395382156,1255.0304358197418,390
d4_w240,DELL,1789565400000,1789738200000,timeout,0.029160834440174595,12.066397134462358,413.78778646466304,827.5755729293261,1,1221.6056215417682,1267.0968329542043,780
d4_w240,MRVL,1789652700000,1789751400000,loss,-0.046,-18.357302256848254,399.0717881923533,399.0717881923533,2,1255.0304358197418,1248.7395306973558,595
d4_w240,AVGO,1789651800000,1789761300000,timeout,0.02418349484244043,10.693236740406213,442.17086116272543,442.17086116272543,2,1239.289514236278,452.86409790313166,775
d4_w240,AVGO,1789738500000,1789761300000,timeout,-0.013205409656160344,-5.623578948216171,425.8541835991254,425.8541835991254,2,1267.0968329542043,873.0947025540409,380
d4_w240,ORCL,1789754400000,1789761300000,timeout,0.0020926919118722295,0.7967181254498251,380.7144859355051,380.7144859355051,2,1248.7395306973558,1254.6059066149958,115
d4_w300,ARM,1782913500000,1783000500000,win,0.041046875090221986,20.523437545110994,500.0,1000.0,1,1500.0,1520.523437545111,400
d4_w300,ARM,1783000500000,1783002300000,loss,-0.046,-23.9440781270751,520.5234375451109,520.5234375451109,2,1520.523437545111,496.57935941803584,30
d4_w300,QCOM,1782913200000,1783003200000,loss,-0.046,-23.0,500.0,1500.0,0,1500.0,973.5793594180359,450
d4_w300,HPE,1782913500000,1783005000000,loss,-0.046,-23.0,500.0,500.0,2,1500.0,1450.579359418036,475
d4_w300,MRVL,1783006200000,1783010100000,loss,-0.046,-22.242216844409885,483.52645313934534,483.52645313934534,2,1450.579359418036,1428.3371425736261,65
d4_w300,MU,1783005900000,1783014300000,loss,-0.046,-22.24221684440988,483.5264531393453,1450.579359418036,0,1450.579359418036,1406.0949257292161,140
d4_w300,ARM,1783015500000,1783344600000,win,0.048448377375534875,22.34847275740243,461.2842362949354,461.2842362949354,2,1406.0949257292161,483.6327090523378,115
d4_w300,AVGO,1783006200000,1783344600000,timeout,0.037478891400661414,18.122035426556526,483.52645313934534,967.0529062786907,1,1450.579359418036,985.2811976182397,270
d4_w300,INTC,1783010400000,1783344600000,timeout,0.02463914505476806,11.36564920954882,461.28423629493545,461.28423629493545,2,1428.3371425736261,1457.931083122724,200
d4_w300,DELL,1783344600000,1783347600000,win,0.045131846542159966,21.93304063751328,485.9770277075746,971.9540554151492,1,1457.931083122724,1479.8641237602371,50
d4_w300,DELL,1783347900000,1783358400000,loss,-0.046,-23.363863143874042,507.9100683450879,507.9100683450879,2,1479.8641237602371,1456.500260616363,175
d4_w300,ARM,1783344600000,1783431000000,loss,-0.046,-22.354943274548436,485.9770277075747,1457.931083122724,0,1457.931083122724,1434.1453173418147,390
d4_w300,DELL,1783361100000,1783517400000,win,0.06021674300493097,29.17779431261604,484.54620520121387,484.54620520121387,2,1456.500260616363,977.3460839468562,505
d4_w300,HPE,1783344600000,1783517400000,win,0.03959864336851338,19.244031005482395,485.9770277075746,485.9770277075746,2,1457.931083122724,1482.567142659913,780
d4_w300,DELL,1783517700000,1783519800000,loss,-0.046,-23.435736339218398,509.47252911344344,509.47252911344344,2,1482.567142659913,1459.1314063206946,35
d4_w300,SNDK,1783520700000,1783523700000,loss,-0.046,-22.357692467614353,486.03679277422503,486.03679277422503,2,1459.1314063206946,1436.7737138530804,50
d4_w300,AMD,1783524600000,1783603800000,win,0.07497476090516653,34.76422968221086,463.6791003066107,463.6791003066107,2,1436.7737138530804,1007.9158591022649,270
d4_w300,HPE,1783431600000,1783603800000,win,0.05761228661332996,26.71032840862497,463.62208443302626,463.62208443302626,2,1434.1453173418147,1498.2482719439163,770
d4_w300,HPE,1783517400000,1783605000000,win,0.04030492835137057,20.534253782908895,509.47252911344344,1018.9450582268869,1,1482.567142659913,1518.782525726825,410
d4_w300,AMD,1783605300000,1783949400000,timeout,-0.04336288621359185,-22.982623819166403,530.0067828963523,530.0067828963523,2,1518.782525726825,507.0241590771859,755
d4_w300,ARM,1783603800000,1783949400000,loss,-0.046,-22.74184208510087,494.38787141523636,988.7757428304727,1,1498.2482719439163,978.6701884073213,780
d4_w300,DELL,1783603800000,1783949400000,timeout,-0.03298432566230291,-16.307050554252893,494.38787141523636,494.38787141523636,2,1498.248271943916,1456.7510092683049,780
d4_w300,IBM,1783949700000,1784035800000,loss,-0.046,-22.336848808780676,485.58366975610164,1456.7510092683049,0,1456.7510092683049,948.8304907034226,385
d4_w300,MU,1783950600000,1784035800000,win,0.0731474722602492,35.51921801351445,485.5836697561016,971.1673395122032,1,1456.7510092683049,1469.9333784730386,370
d4_w300,INTC,1783950900000,1784123700000,timeout,0.003159980837799564,1.5344350915776725,485.5836697561016,485.5836697561016,2,1456.7510092683046,1471.4678135646163,780
d4_w300,INTC,1784035800000,1784125500000,loss,-0.046,-22.640043300489552,492.1748543584685,492.1748543584685,2,1469.9333784730386,1448.8277702641267,445
d4_w300,ARM,1784123700000,1784125800000,loss,-0.046,-22.407432822993247,487.11810484767926,487.11810484767926,2,1471.4678135646163,934.245483082665,35
d4_w300,HPE,1784035800000,1784126400000,loss,-0.046,-22.640043300489552,492.1748543584685,984.349708716937,1,1469.9333784730386,1403.780294140644,460
d4_w300,ORCL,1784125500000,1784209200000,loss,-0.046,-21.598601308667032,469.53481105797897,469.53481105797897,2,1448.8277702641267,915.0589512906445,345
d4_w300,QCOM,1784127000000,1784209500000,loss,-0.046,-21.48764611090129,467.12274154133246,467.12274154133246,2,1403.780294140644,1360.6940467210757,325
d4_w300,SNDK,1784210400000,1784216700000,loss,-0.046,-20.552140019134093,446.7856525898716,446.7856525898716,2,1360.6940467210757,1340.1419067019415,105
d4_w300,AVGO,1784210400000,1784295000000,loss,-0.046,-20.552140019134093,446.7856525898716,893.5713051797431,1,1360.6940467210757,426.2335125707375,360
d4_w300,DELL,1784127000000,1784295000000,loss,-0.046,-21.48764611090129,467.12274154133246,934.2454830826649,1,1403.780294140644,871.8686080011687,700
d4_w300,QCOM,1784216700000,1784295000000,loss,-0.046,-19.606741578253924,426.2335125707375,426.2335125707375,2,1340.1419067019415,1278.4953789936524,255
d4_w300,SNDK,1784295900000,1784296800000,win,0.04966764559074522,21.166618457754073,426.1651263312175,426.1651263312175,2,1278.4953789936526,1299.6619974514065,15
d4_w300,SNDK,1784296800000,1784303700000,win,0.0505925101238185,22.631635826941434,447.33174478897155,447.33174478897155,2,1299.6619974514065,1322.293633278348,115
d4_w300,HPE,1784295900000,1784310900000,win,0.03976540714126121,16.946629757967877,426.16512633121744,1278.4953789936524,0,1278.4953789936524,1339.2402630363158,250
d4_w300,DELL,1784303700000,1784554200000,timeout,0.008350573622714302,3.9244638098128846,469.96338061591297,469.96338061591297,2,1322.293633278348,473.88784442572586,245
d4_w300,MRVL,1784313300000,1784554200000,timeout,0.024707578545367877,10.948218517949439,443.1117560891853,443.1117560891853,2,1339.2402630363158,927.9478190328606,85
d4_w300,QCOM,1784295900000,1784554200000,win,0.03657306184690779,15.586163522306888,426.1651263312175,852.330252662435,1,1278.4953789936524,1369.699108886385,375
d4_w300,ARM,1784554200000,1784643900000,win,0.03948840690862521,18.02907858469564,456.566369628795,1369.699108886385,0,1369.699108886385,1387.7281874710807,445
d4_w300,AMD,1784554500000,1784659800000,win,0.04159792543522057,18.992213800047967,456.566369628795,913.13273925759,1,1369.699108886385,1406.7204012711286,705
d4_w300,AVGO,1784554500000,1784727300000,timeout,0.006255214196271735,2.8559204368422866,456.566369628795,456.566369628795,2,1369.699108886385,1409.576321707971,780
d4_w300,AMD,1784643900000,1784734200000,win,0.03775133794610564,17.916613153190962,474.5954482134906,474.5954482134906,2,1387.7281874710807,492.51206136668156,455
d4_w300,IBM,1784661600000,1784813400000,loss,-0.046,-21.875694837726776,475.55858342884295,475.55858342884295,2,1406.7204012711286,946.1949499577977,430
d4_w300,TXN,1784727600000,1784813400000,loss,-0.046,-21.13342534301931,459.42229006563724,459.42229006563724,2,1409.576321707971,1384.4838146804157,380
d4_w300,ORCL,1784814300000,1784900400000,loss,-0.046,-21.228751825099707,461.4946048934719,922.9892097869438,1,1384.4838146804157,1363.2550628553158,385
d4_w300,ARM,1784814000000,1784903400000,loss,-0.046,-21.228751825099707,461.4946048934719,1384.4838146804157,0,1384.4838146804157,1342.0263110302162,440
d4_w300,ARM,1784904600000,1785159000000,loss,-0.046,-20.25222924114512,440.26585306837217,440.26585306837217,2,1342.0263110302162,420.01362382722704,310
d4_w300,DELL,1784901600000,1785159000000,timeout,0.004779094459284266,2.1040720990111184,440.26585306837217,440.26585306837217,2,1363.2550628553158,862.3835489946102,360
d4_w300,TXN,1784814900000,1785159000000,timeout,-0.01258101410295553,-5.80607013260266,461.4946048934719,461.4946048934719,2,1384.4838146804157,1318.0720837554795,755
d4_w300,MRVL,1785159000000,1785161700000,loss,-0.046,-20.21043861758402,439.35736125182655,439.35736125182655,2,1318.0720837554795,858.5042838860691,45
d4_w300,HPE,1785159000000,1785163200000,loss,-0.046,-20.21043861758402,439.35736125182655,878.7147225036531,1,1318.0720837554795,1277.6512065203115,70
d4_w300,ARM,1785163800000,1785245400000,loss,-0.046,-19.280758441175156,419.1469226342425,838.293845268485,1,1277.6512065203115,839.2235254448938,310
d4_w300,DELL,1785163800000,1785245400000,loss,-0.046,-19.280758441175156,419.1469226342425,419.1469226342425,2,1277.6512065203115,1239.089689637961,310
d4_w300,AVGO,1785159000000,1785331800000,timeout,-0.02297502225741787,-10.094245153721097,439.3573612518265,1318.0720837554795,0,1318.0720837554795,1228.9954444842401,780
d4_w300,QCOM,1785246900000,1785335100000,loss,-0.046,-18.393843552881098,399.86616419306733,399.86616419306733,2,1239.089689637961,1210.601600931359,420
d4_w300,AMD,1785336600000,1785418200000,win,0.06257621991845186,23.871095829182476,381.47232064018624,381.47232064018624,2,1210.601600931359,1234.4726967605416,310
d4_w300,ARM,1785418200000,1785419400000,loss,-0.046,-18.645797157590962,405.3434164693687,405.3434164693687,2,1234.4726967605416,815.9607354098832,20
d4_w300,AVGO,1785246600000,1785419400000,timeout,0.018440471119603792,7.373720452509006,399.86616419306733,799.7323283861347,1,1239.089689637961,1223.2006200554595,780
d4_w300,ORCL,1785333600000,1785419700000,win,0.04571974927435974,19.625802040735756,429.2631160981054,429.2631160981054,2,1228.9954444842401,1242.8264220961953,385
d4_w300,AMD,1785419400000,1785504600000,win,0.061393518868017034,24.371308564616086,396.96875197867706,793.9375039573541,1,1223.2006200554595,421.34006054329313,370
d4_w300,DELL,1785419700000,1785504600000,win,0.04177436752028308,18.752050642114217,448.8889181388412,448.8889181388412,2,1242.8264220961953,888.9810293242485,365
d4_w300,HPE,1785419400000,1785504600000,win,0.06170891932557599,24.496512690626766,396.96875197867706,396.96875197867706,2,1223.2006200554595,1310.4462939935524,370
d4_w300,MRVL,1785504600000,1785505500000,loss,-0.046,-20.09350984123447,436.8154313311842,436.8154313311842,2,1310.4462939935524,1290.352784152318,15
d4_w300,HPE,1785504600000,1785506400000,loss,-0.046,-20.09350984123447,436.8154313311842,873.6308626623684,1,1310.4462939935524,416.7219214899497,30
d4_w300,ARM,1785504600000,1785507000000,loss,-0.046,-20.093509841234468,436.81543133118413,1310.4462939935524,0,1310.4462939935524,833.4438429798994,40
d4_w300,ARM,1785506100000,1785507000000,loss,-0.046,-19.169208388537687,416.7219214899497,416.7219214899497,2,1290.352784152318,1230.9965560813114,15
d4_w300,AMD,1785507900000,1785763800000,loss,-0.046,-18.875280526580106,410.3321853604371,1230.9965560813114,0,1230.9965560813114,391.456904833857,335
d4_w300,DELL,1785508500000,1785763800000,loss,-0.046,-18.87528052658011,410.33218536043717,410.33218536043717,2,1230.9965560813116,782.9138096677141,325
d4_w300,QCOM,1785507900000,1785763800000,timeout,-0.027309480276968105,-11.205958723106079,410.33218536043717,820.6643707208743,1,1230.9965560813114,1182.0400363050453,335
d4_w300,SNDK,1785764400000,1785767100000,win,0.03623270691921921,14.276170067407982,394.01334543501514,394.01334543501514,2,1182.0400363050453,1196.3162063724535,45
d4_w300,MRVL,1785764400000,1785767700000,win,0.03715989242991325,14.641493532315414,394.01334543501514,788.0266908700303,1,1182.0400363050453,1210.9576999047688,55
d4_w300,INTC,1785764400000,1785781500000,win,0.03946128181474951,15.548271662983378,394.0133454350151,1182.0400363050453,0,1182.0400363050453,1226.505971567752,285
d4_w300,AMD,1785767100000,1785850200000,win,0.05828609761428139,23.79760255546189,408.2895155024231,408.2895155024231,2,1196.3162063724535,841.6487351558835,335
d4_w300,AVGO,1785767700000,1785850200000,win,0.05230395077166628,21.374262579950468,408.65483896733053,408.65483896733053,2,1210.9576999047688,1271.6778367031643,325
d4_w300,QCOM,1785783900000,1785852000000,win,0.039011631405982745,15.977666844265357,409.56161709799846,409.56161709799846,2,1226.505971567752,1287.6555035474298,85
d4_w300,ARM,1785850500000,1785866400000,win,0.0482895556338916,20.815604574751983,431.058109802583,431.058109802583,2,1271.6778367031643,1308.4711081221817,265
d4_w300,AMD,1785850500000,1785936600000,loss,-0.046,-19.828673050918816,431.058109802583,862.116219605166,1,1271.6778367031643,1288.6424350712628,385
d4_w300,MU,1785870300000,1786023000000,loss,-0.046,-20.786190861357408,451.873714377335,451.873714377335,2,1308.4711081221817,856.6268074582414,445
d4_w300,MU,1785937200000,1786023000000,loss,-0.046,-18.91655409057655,411.22943675166414,411.22943675166414,2,1288.6424350712628,1248.9396901193288,380
d4_w300,QCOM,1785852300000,1786025100000,timeout,0.0059692190420530585,2.5401371968497846,425.5392839422638,425.5392839422638,2,1287.6555035474298,839.7796242276461,780
d4_w300,ARM,1786023600000,1786025400000,win,0.04558375795417558,18.7668424072726,411.70020308853253,823.4004061770651,1,1248.9396901193288,1270.2466697234513,30
d4_w300,DELL,1786025400000,1786110300000,loss,-0.046,-19.74656873260313,429.27323331745936,858.5464666349187,1,1270.2466697234513,1250.500100990848,365
d4_w300,SNDK,1786025400000,1786110900000,loss,-0.046,-19.74656873260313,429.27323331745936,429.27323331745936,2,1270.2466697234513,1230.753532258245,375
d4_w300,AMD,1786110600000,1786368600000,timeout,-0.03916101121091852,-16.037478302977625,409.52666458485623,409.52666458485623,2,1250.500100990848,393.48918628187863,370
d4_w300,HPE,1786111200000,1786368600000,win,0.07772920558093288,31.832182302390034,409.52666458485623,409.52666458485623,2,1230.753532258245,834.8480331691248,360
d4_w300,ORCL,1786023600000,1786368600000,timeout,0.016602855593113926,6.835399019534582,411.70020308853253,411.70020308853253,2,1248.9396901193288,1253.383635277192,770
d4_w300,DELL,1786369800000,1786455000000,loss,-0.046,-19.218549074250276,417.79454509239736,417.79454509239736,2,1253.383635277192,1234.165086202942,370
d4_w300,SNDK,1786369200000,1786541400000,win,0.09386673493195485,39.21700982020472,417.79454509239736,1253.383635277192,0,1253.383635277192,874.8061000049995,770
d4_w300,SNDK,1786455300000,1786541400000,win,0.06128406173030055,24.42635594419215,398.57599601814707,398.57599601814707,2,1234.165086202942,1297.8084519673384,385
d4_w300,AMD,1786369500000,1786542300000,timeout,0.010806425719995577,4.514865717760334,417.79454509239736,835.5890901847947,1,1253.383635277192,1302.323317685099,780
d4_w300,ARM,1786541400000,1786629600000,win,0.03626685127999996,15.957666742482616,440.0069534374706,880.0139068749412,1,1297.8084519673384,1318.2809844275816,420
d4_w300,AVGO,1786541400000,1786714200000,timeout,-0.03579818825452152,-15.751451752453056,440.0069534374706,440.0069534374706,2,1297.8084519673387,880.2201218649707,780
d4_w300,AMD,1786542300000,1786715100000,timeout,0.010087716888946613,4.260137775790721,422.3094108101577,422.3094108101577,2,1302.323317685099,1306.7896704509192,780
d4_w300,DELL,1786715100000,1786973400000,timeout,-0.03680808080808084,-15.658618601956578,425.41252513548295,850.8250502709659,1,1306.7896704509192,409.7539065335264,375
d4_w300,ORCL,1786716000000,1786973400000,loss,-0.046,-19.568976156232214,425.41252513548295,425.41252513548295,2,1306.789670450919,815.5974555127772,360
d4_w300,TXN,1786633800000,1786973400000,timeout,0.004828881430723802,2.2017990874540074,455.9646201799532,455.9646201799532,2,1318.2809844275816,1273.7638747801843,680
d4_w300,ARM,1786974300000,1787059800000,loss,-0.046,-19.531046079962827,424.58795826006144,849.1759165201229,1,1273.7638747801843,829.64487044016,375
d4_w300,MRVL,1786973700000,1787059800000,loss,-0.046,-19.531046079962827,424.58795826006144,1273.7638747801843,0,1273.7638747801843,1234.7017826202587,385
d4_w300,HPE,1786974900000,1787064900000,loss,-0.046,-19.531046079962827,424.58795826006144,424.58795826006144,2,1273.7638747801843,1215.1707365402958,450
d4_w300,INTC,1787060400000,1787146500000,loss,-0.046,-18.632617960284534,405.0569121800986,405.0569121800986,2,1234.7017826202587,1196.5381185800113,385
d4_w300,ARM,1787146500000,1787148000000,loss,-0.046,-17.775517534111447,386.4242942198141,386.4242942198141,2,1196.5381185800113,773.7056888658012,25
d4_w300,SNDK,1787066400000,1787148300000,loss,-0.046,-18.632617960284534,405.0569121800986,405.0569121800986,2,1215.1707365402958,1160.1299830856153,315
d4_w300,IBM,1787060100000,1787232900000,timeout,0.009074511630670306,3.6756936606617057,405.0569121800986,810.1138243601972,1,1234.7017826202587,1163.805676746277,780
d4_w300,ARM,1787149200000,1787322000000,timeout,-0.010673520016701516,-4.029643768191158,377.53653545275836,755.0730709055167,1,1160.1299830856153,782.2394975253276,780
d4_w300,QCOM,1787149200000,1787322000000,timeout,-0.014618013810581138,-5.518834289247377,377.53653545275836,377.53653545275836,2,1160.1299830856153,1154.2571986888386,780
d4_w300,ARM,1787322600000,1787578200000,loss,-0.046,-17.147065635505797,372.7622964240391,745.5245928480782,1,1154.2571986888386,355.6152307885333,330
d4_w300,AVGO,1787233200000,1787578200000,timeout,-0.012131024770930638,-4.958345366141292,408.7326058407603,408.7326058407603,2,1163.805676746277,759.3894912631523,770
d4_w300,QCOM,1787322600000,1787578200000,timeout,-0.017453447916569657,-6.505987325897866,372.7622964240391,372.7622964240391,2,1154.2571986888386,1125.6458003612936,330
d4_w300,MRVL,1787579400000,1787664600000,win,0.0778809103634388,29.222106559639744,375.21526678709785,1125.6458003612936,0,1125.6458003612936,1154.8679069209334,370
d4_w300,DELL,1787579700000,1787665200000,win,0.04321423332128594,16.2146400846462,375.2152667870979,375.2152667870979,2,1125.6458003612938,1171.0825470055797,375
d4_w300,INTC,1787665500000,1787751000000,loss,-0.046,-18.005775716100228,391.4299068717441,391.4299068717441,2,1171.0825470055797,1153.0767712894794,375
d4_w300,AVGO,1787579700000,1787752500000,timeout,-0.029595671776981185,-11.104747881543378,375.2152667870979,750.4305335741958,1,1125.6458003612936,1141.972023407936,780
d4_w300,DELL,1787664600000,1787773800000,win,0.039211446480216246,15.858574419584839,404.4373733467376,404.4373733467376,2,1154.8679069209334,1157.8305978275207,770
d4_w300,MU,1787751600000,1787924400000,timeout,-0.02136166421913998,-7.976960901070952,373.42413115564386,373.42413115564386,2,1153.0767712894794,1149.8536369264498,780
d4_w300,MU,1787752800000,1787925600000,timeout,-0.007549025421379469,-2.7486795634097008,364.1105189055545,364.1105189055545,2,1141.972023407936,1147.1049573630403,780
d4_w300,AVGO,1787837700000,1788183000000,timeout,0.013823187075132864,5.809829512894146,420.29594776632246,420.29594776632246,2,1157.8305978275207,426.1057772792166,775
d4_w300,HPE,1787924400000,1788183000000,timeout,-0.008717145192598802,-3.1856560433334864,365.44717025457294,365.44717025457294,2,1149.8536369264498,788.3672914904562,380
d4_w300,MRVL,1787925600000,1788183000000,loss,-0.046,-16.62264460973866,361.3618393421448,361.3618393421448,2,1147.1049573630403,1133.1064862228623,360
d4_w300,SNDK,1788183000000,1788203400000,loss,-0.046,-17.374299455417223,377.70216207428746,377.70216207428746,2,1133.1064862228623,1115.7321867674452,340
d4_w300,HPE,1788183000000,1788270000000,loss,-0.046,-17.37429945541722,377.7021620742874,1133.1064862228623,0,1133.1064862228623,1098.3578873120277,400
d4_w300,HPE,1788204600000,1788271800000,loss,-0.046,-16.57508168046803,360.32786261887026,360.32786261887026,2,1115.7321867674452,1081.7828056315598,70
d4_w300,MU,1788183000000,1788355800000,timeout,-0.0018599726403609688,-0.702515687663359,377.70216207428746,755.4043241485749,1,1133.1064862228623,1081.0802899438966,780
d4_w300,IBM,1788270300000,1788443100000,timeout,0.004294178440356738,1.547312139117777,360.3278626188702,360.3278626188702,2,1098.3578873120277,1082.6276020830142,780
d4_w300,ORCL,1788356400000,1788444600000,win,0.03842385503013324,14.48577975917114,376.9996463866241,376.9996463866241,2,1081.0802899438966,753.3606009037832,420
d4_w300,IBM,1788272100000,1788444900000,timeout,0.009734005218615454,3.3460913635679823,343.7527809384022,343.7527809384022,2,1081.7828056315598,1100.4594732057535,780
d4_w300,ARM,1788444900000,1788461100000,win,0.039397380429687885,14.549143292670376,369.29214922388275,369.29214922388275,2,1100.4594732057535,1115.0086164984239,270
d4_w300,HPE,1788461100000,1788464700000,win,0.046734462807076056,17.93861660893485,383.8412925165531,383.8412925165531,2,1115.0086164984239,1132.9472331073587,60
d4_w300,SNDK,1788465000000,1788528600000,win,0.03883443356939776,15.602895190452431,401.77990912548796,401.77990912548796,2,1132.9472331073587,1148.5501282978112,10
d4_w300,AMD,1788443100000,1788531300000,win,0.04091106375336385,14.804698345283729,361.87517475798796,361.87517475798796,2,1082.6276020830142,794.0626774192122,420
d4_w300,AMD,1788444900000,1788531300000,win,0.03687055578707744,13.616006789688894,369.29214922388275,738.5842984477655,1,1100.4594732057535,1176.9708334327838,390
d4_w300,AMD,1788528600000,1788874200000,win,0.0424668351042421,17.72492672623119,417.3828043159404,417.3828043159404,2,1148.5501282978112,814.9017456005932,390
d4_w300,AVGO,1788546900000,1788874200000,timeout,0.02726290947239441,10.354289837063495,379.7940145584217,759.5880291168434,1,1176.9708334327838,1205.0500499960785,85
d4_w300,HPE,1788874200000,1788896700000,win,0.03641599716232525,14.627699733705699,401.68334999869285,803.3666999973857,1,1205.0500499960785,1219.6777497297842,375
d4_w300,HPE,1788876300000,1788960600000,win,0.07473866741383639,30.021278301227944,401.68334999869285,401.68334999869285,2,1205.0500499960785,1249.6990280310122,355
d4_w300,AVGO,1788874200000,1789047000000,timeout,-0.0334024991753693,-13.417227767090914,401.68334999869285,1205.0500499960785,0,1205.0500499960785,804.5771719640004,780
d4_w300,QCOM,1788960900000,1789047000000,loss,-0.046,-19.858412901796356,431.7046282999208,431.7046282999208,2,1249.6990280310122,1216.423387362125,385
d4_w300,ORCL,1788897300000,1789048200000,loss,-0.046,-19.150308287690333,416.31104973239854,416.31104973239854,2,1219.6777497297842,1197.2730790744347,415
d4_w300,ARM,1789048800000,1789148100000,win,0.03867725610117568,15.361087710189796,397.1607414447082,397.1607414447082,2,1197.2730790744347,412.521829154898,605
d4_w300,MRVL,1789047600000,1789392600000,loss,-0.046,-18.40258376548371,400.0561688148632,800.1123376297264,1,1216.423387362125,794.1754142042776,770
d4_w300,MU,1789047600000,1789392600000,loss,-0.046,-18.40258376548371,400.0561688148632,400.0561688148632,2,1216.423387362125,1175.828999253657,770
d4_w300,AMD,1789393500000,1789565400000,win,0.04905715600246353,19.227608882869074,391.942999751219,1175.828999253657,0,1175.828999253657,803.1136083853071,765
d4_w300,INTC,1789393500000,1789565400000,win,0.05122828122140755,20.078566214017517,391.94299975121896,391.94299975121896,2,1175.828999253657,1215.1351743505436,765
d4_w300,AVGO,1789393500000,1789566300000,timeout,-0.027153213419203064,-10.642511920407502,391.94299975121896,783.8859995024379,1,1175.828999253657,1204.492662430136,780
d4_w300,MRVL,1789565400000,1789651800000,win,0.06859331190164619,28.232738793642934,411.5960872996623,411.5960872996623,2,1215.1351743505436,1232.725401223779,390
d4_w300,HPE,1789566300000,1789652700000,win,0.04106353793712159,15.657547047483495,381.30048783081145,381.30048783081145,2,1204.492662430136,1248.3829482712624,390
d4_w300,DELL,1789565400000,1789738200000,timeout,0.029160834440174595,12.002485357969102,411.5960872996623,823.1921745993246,1,1215.1351743505436,1260.3854336292316,780
d4_w300,MRVL,1789652700000,1789751400000,loss,-0.046,-18.26006960440157,396.95803487829494,396.95803487829494,2,1248.3829482712624,1242.12536402483,595
d4_w300,ARM,1789651800000,1789761000000,win,0.046470818106677754,20.43920537545559,439.8288260933052,439.8288260933052,2,1232.725401223779,1262.5645694002856,770
d4_w300,AVGO,1789738500000,1789761300000,timeout,-0.013205409656160344,-5.593792681708825,423.5985726576314,423.5985726576314,2,1260.3854336292316,418.0047799759226,380
d4_w300,HPE,1789761000000,1789761300000,timeout,-0.003027245128921269,-1.3933441562619875,460.2680314687608,460.2680314687608,2,1262.5645694002856,876.8794672884214,5
d4_w300,ORCL,1789754400000,1789761300000,timeout,0.0020926919118722295,0.7924981689711471,378.6979652738934,378.6979652738934,2,1242.12536402483,1256.3699307312859,115
d5_w30,ARM,1782913500000,1783000500000,win,0.041046875090221986,20.523437545110994,500.0,1000.0,1,1500.0,1520.523437545111,400
d5_w30,QCOM,1782913200000,1783003200000,loss,-0.046,-23.0,500.0,1500.0,0,1500.0,997.5234375451109,450
d5_w30,HPE,1782913500000,1783005000000,loss,-0.046,-23.0,500.0,500.0,2,1500.0,1474.523437545111,475
d5_w30,ORCL,1783000500000,1783008000000,loss,-0.046,-23.9440781270751,520.5234375451109,520.5234375451109,2,1520.523437545111,1450.579359418036,125
d5_w30,MU,1783005900000,1783014300000,loss,-0.046,-21.942,477.0,954.0,1,1474.523437545111,1428.6373594180359,140
d5_w30,AMD,1783006200000,1783344600000,timeout,0.03540450059726941,16.887946784897508,477.0,477.0,2,1474.523437545111,493.8879467848975,270
d5_w30,ARM,1783010700000,1783344600000,win,0.03860669792198724,19.171289323346038,496.57935941803584,496.57935941803584,2,1450.579359418036,1009.6385955262793,195
d5_w30,MU,1783015200000,1783344600000,timeout,0.04215472335027771,19.182844098330673,455.058,455.058,2,1428.6373594180359,1483.87943962461,120
d5_w30,ARM,1783344600000,1783431000000,loss,-0.046,-22.752818074244022,494.62647987487003,1483.87943962461,0,1483.87943962461,1461.126621550366,390
d5_w30,ARM,1783431600000,1783435200000,loss,-0.046,-21.706188442828797,471.873661800626,471.873661800626,2,1461.126621550366,944.7939532326673,60
d5_w30,ORCL,1783344600000,1783435200000,loss,-0.046,-22.752818074244022,494.62647987487003,494.62647987487003,2,1483.87943962461,1416.6676150332933,460
d5_w30,DELL,1783435800000,1783448700000,win,0.039348220795673246,18.140339084453416,461.0205675792116,922.0411351584232,1,1416.6676150332933,1434.8079541177467,215
d5_w30,HPE,1783344600000,1783517400000,win,0.03959864336851338,19.58653757718814,494.62647987487003,989.2529597497401,1,1483.87943962461,1454.394491694935,780
d5_w30,DELL,1783517700000,1783519800000,loss,-0.046,-23.65379880279467,514.2130174520581,514.2130174520581,2,1454.394491694935,1430.74069289214,35
d5_w30,ARM,1783452600000,1783603800000,win,0.07552418828475194,36.18823853355909,479.16090666366506,479.16090666366506,2,1434.8079541177467,515.3491451972242,420
d5_w30,HPE,1783435800000,1783603800000,win,0.06894966928682011,31.787215669008745,461.0205675792116,461.0205675792116,2,1416.6676150332933,1008.1569284454446,700
d5_w30,MU,1783521000000,1783603800000,win,0.061283787360855164,30.063326843608717,490.55921864926347,490.55921864926347,2,1430.74069289214,1528.7794739383169,330
d5_w30,INTC,1783603800000,1783690200000,loss,-0.046,-23.44128526705419,509.59315797943896,1019.1863159588779,1,1528.7794739383169,995.7450306918238,390
d5_w30,MRVL,1783603800000,1783690200000,loss,-0.046,-23.44128526705419,509.59315797943896,509.59315797943896,2,1528.7794739383169,1481.8969034042084,390
d5_w30,AMD,1783603800000,1783949400000,timeout,-0.027014231754392763,-13.766267670109448,509.59315797943896,1528.7794739383169,0,1528.7794739383169,495.8268903093295,780
d5_w30,IBM,1783690200000,1783949400000,timeout,-0.019122434949400573,-9.296407561471845,486.1518727123848,972.3037454247695,1,1481.8969034042084,972.6823554602424,390
d5_w30,IBM,1783691100000,1783949400000,timeout,-0.019105772927021196,-9.288307288088935,486.1518727123848,486.1518727123848,2,1481.8969034042086,1449.5459208845384,375
d5_w30,IBM,1783949700000,1784035800000,loss,-0.046,-22.226370786896258,483.1819736281795,1449.5459208845384,0,1449.5459208845384,944.1375764694626,385
d5_w30,MU,1783950600000,1784035800000,win,0.0731474722602492,35.34354001261972,483.18197362817943,966.3639472563589,1,1449.5459208845384,1462.6630901102617,370
d5_w30,QCOM,1783950600000,1784045700000,loss,-0.046,-22.226370786896254,483.18197362817943,483.18197362817943,2,1449.5459208845382,1440.4367193233657,535
d5_w30,INTC,1784035800000,1784125500000,loss,-0.046,-22.528065679087895,489.7405582410412,489.7405582410412,2,1462.6630901102617,1417.9086536442776,445
d5_w30,HPE,1784035800000,1784126400000,loss,-0.046,-22.528065679087895,489.7405582410412,979.4811164820824,1,1462.6630901102617,1395.3805879651898,460
d5_w30,ORCL,1784125500000,1784209200000,loss,-0.046,-21.491774657849852,467.2124925619533,467.2124925619533,2,1417.9086536442776,906.6763207453866,345
d5_w30,QCOM,1784126700000,1784209200000,loss,-0.046,-21.491774657849852,467.2124925619533,467.2124925619533,2,1395.3805879651898,1352.39703864949,325
d5_w30,SNDK,1784210400000,1784216700000,loss,-0.046,-20.50315302358876,445.7207179041034,445.7207179041034,2,1352.39703864949,1331.8938856259012,105
d5_w30,ORCL,1784046300000,1784219100000,timeout,-0.034738265570231845,-16.01279814758681,460.95560284128317,460.95560284128317,2,1440.4367193233657,1315.8810874783144,780
d5_w30,AVGO,1784210400000,1784295000000,loss,-0.046,-20.50315302358876,445.7207179041034,891.4414358082068,1,1352.39703864949,425.21756488051466,360
d5_w30,DELL,1784219400000,1784295000000,loss,-0.046,-20.467369015910034,444.94280469369636,444.94280469369636,2,1315.8810874783144,849.693000558301,210
d5_w30,QCOM,1784216700000,1784295000000,loss,-0.046,-19.560007984503674,425.21756488051466,425.21756488051466,2,1331.8938856259012,1255.350557454312,255
d5_w30,SNDK,1784295900000,1784296800000,win,0.04966764559074522,20.783435526595067,418.45018581810393,836.9003716362079,1,1255.350557454312,1276.133992980907,15
d5_w30,ARM,1784296200000,1784298000000,win,0.03971617835799247,16.619242213886906,418.45018581810393,418.45018581810393,2,1255.350557454312,1292.753235194794,30
d5_w30,SNDK,1784296800000,1784303700000,win,0.0505925101238185,22.221931434603142,439.233621344699,439.233621344699,2,1276.133992980907,1314.9751666293969,115
d5_w30,ARM,1784303700000,1784554200000,timeout,0.02408477558044498,11.114053429039675,461.45555277930214,461.45555277930214,2,1314.9751666293969,472.56960620834184,245
d5_w30,DELL,1784298000000,1784554200000,timeout,0.009669829209142394,4.207047063188619,435.0694280319908,435.0694280319908,2,1292.753235194794,911.8460813035213,340
d5_w30,QCOM,1784295900000,1784554200000,win,0.03657306184690779,15.304004525775575,418.450185818104,1255.350557454312,0,1255.350557454312,1345.6002716474009,375
d5_w30,ARM,1784554200000,1784643900000,win,0.03948840690862521,17.711870354389728,448.53342388246693,1345.6002716474009,0,1345.6002716474009,1363.3121420017906,445
d5_w30,INTC,1784554500000,1784653200000,win,0.042793676830655165,19.19439438937356,448.533423882467,448.533423882467,2,1345.6002716474009,933.9731125086971,595
d5_w30,AMD,1784554500000,1784659800000,win,0.04159792543522057,18.658059921867043,448.533423882467,897.066847764934,1,1345.6002716474009,1401.164596313031,705
d5_w30,HPE,1784644200000,1784727300000,win,0.03945610090169827,18.396221374351416,466.24529423685664,466.24529423685664,2,1363.3121420017906,1419.5608176873825,335
d5_w30,IBM,1784732700000,1784813400000,loss,-0.046,-22.29350971811557,484.64151561120804,484.64151561120804,2,1419.5608176873825,929.8076569311797,295
d5_w30,ORCL,1784663100000,1784813400000,loss,-0.046,-21.503143947752015,467.45965103808726,467.45965103808726,2,1401.164596313031,1375.764164021515,405
d5_w30,SNDK,1784662800000,1784822400000,win,0.04605973113264073,21.53106584217236,467.45965103808726,934.9193020761745,1,1401.164596313031,1397.2952298636874,560
d5_w30,ORCL,1784814300000,1784900400000,loss,-0.046,-20.891003798618836,454.15225649171384,454.15225649171384,2,1375.764164021515,1376.4042260650685,385
d5_w30,ARM,1784814000000,1784903400000,loss,-0.046,-20.891003798618836,454.15225649171384,908.3045129834277,1,1375.764164021515,1355.5132222664497,440
d5_w30,ARM,1784822400000,1784912400000,loss,-0.046,-22.493572976491944,488.99071688025964,488.99071688025964,2,1397.2952298636874,1333.0196492899577,450
d5_w30,AMD,1784901900000,1785159000000,timeout,-0.017666615804036494,-7.654260094104481,433.261252693095,433.261252693095,2,1376.4042260650685,425.60699259899053,355
d5_w30,AMD,1784913600000,1785159000000,timeout,-0.0307711987093413,-14.35467631240302,466.4971439037677,466.4971439037677,2,1333.0196492899577,877.7494601903552,160
d5_w30,ARM,1784904600000,1785159000000,loss,-0.046,-19.93001762388237,433.261252693095,433.261252693095,2,1355.5132222664497,1291.0806952595678,310
d5_w30,MU,1785159000000,1785161400000,loss,-0.046,-19.796570660646708,430.3602317531893,860.7204635063786,1,1291.0806952595678,840.9238928457319,40
d5_w30,MRVL,1785159000000,1785161700000,loss,-0.046,-19.796570660646708,430.3602317531893,1291.0806952595678,0,1291.0806952595678,1251.4875539382745,45
d5_w30,ARM,1785163800000,1785245400000,loss,-0.046,-18.88592841025696,410.5636610925426,821.1273221850852,1,1251.4875539382745,1232.6016255280174,310
d5_w30,QCOM,1785159000000,1785263100000,loss,-0.046,-19.796570660646708,430.3602317531893,430.3602317531893,2,1291.0806952595678,1212.805054867371,685
d5_w30,QCOM,1785246900000,1785335100000,loss,-0.046,-18.01717570338514,391.67773268228564,391.67773268228564,2,1232.6016255280174,784.2242180714431,420
d5_w30,AVGO,1785163800000,1785336600000,timeout,-0.019923114716581362,-8.179706918406358,410.5636610925426,410.5636610925426,2,1251.4875539382745,1186.6081722455792,780
d5_w30,DELL,1785263100000,1785340500000,loss,-0.046,-18.88592841025696,410.5636610925426,410.5636610925426,2,1212.805054867371,1167.7222438353224,240
d5_w30,SNDK,1785336600000,1785348000000,win,0.04234014196244363,16.42891738569737,388.0222555765184,388.0222555765184,2,1186.6081722455792,1184.1511612210197,190
d5_w30,AMD,1785348300000,1785418200000,win,0.03638656714427536,14.71658976157059,404.45117296221576,404.45117296221576,2,1184.1511612210197,419.1677627237864,115
d5_w30,ARM,1785342300000,1785418200000,win,0.15391126914032238,60.28361693113451,391.67773268228564,391.67773268228564,2,1167.7222438353224,871.1291123372065,215
d5_w30,QCOM,1785336600000,1785418200000,loss,-0.046,-17.849023756519845,388.0222555765184,776.0445111530368,1,1186.6081722455792,1241.302344157205,310
d5_w30,ARM,1785418200000,1785419400000,loss,-0.046,-19.033302610410477,413.7674480524017,1241.302344157205,0,1241.302344157205,1222.2690415467944,20
d5_w30,SNDK,1785418200000,1785419700000,win,0.04733082687198321,19.583955449030526,413.7674480524016,827.5348961048032,1,1241.302344157205,1241.852996995825,25
d5_w30,AMD,1785418500000,1785420000000,win,0.03643093516815377,15.073935074689478,413.7674480524016,413.7674480524016,2,1241.302344157205,1256.9269320705146,25
d5_w30,AMD,1785419400000,1785504600000,win,0.061393518868017034,24.234118206043465,394.7341454419912,394.7341454419912,2,1222.2690415467944,418.9682636480347,370
d5_w30,DELL,1785419700000,1785504600000,win,0.04177436752028308,18.102980795299317,433.3514035014322,433.3514035014322,2,1241.852996995825,870.4226479447661,365
d5_w30,MRVL,1785420000000,1785504600000,win,0.09150969772311734,39.24314534112366,428.8413831270911,428.8413831270911,2,1256.9269320705146,1338.507176412981,360
d5_w30,MU,1785504600000,1785505500000,loss,-0.046,-20.52377670499904,446.16905880432694,892.3381176086539,1,1338.507176412981,1317.9833997079818,15
d5_w30,DELL,1785504900000,1785506700000,loss,-0.046,-20.52377670499904,446.16905880432694,446.16905880432694,2,1338.5071764129807,425.6452820993279,30
d5_w30,ARM,1785504600000,1785507000000,loss,-0.046,-20.52377670499904,446.169058804327,1338.507176412981,0,1338.507176412981,851.2905641986559,40
d5_w30,ARM,1785506100000,1785507000000,loss,-0.046,-19.579682976569085,425.6452820993279,425.6452820993279,2,1317.9833997079818,1257.356163321415,15
d5_w30,DELL,1785508500000,1785763800000,loss,-0.046,-19.27946117092836,419.1187211071383,838.2374422142766,1,1257.356163321415,399.83925993620994,325
d5_w30,IBM,1785508800000,1785763800000,timeout,0.020149857950890977,8.44518269486793,419.1187211071383,419.1187211071383,2,1257.356163321415,827.4031637382162,320
d5_w30,QCOM,1785507900000,1785763800000,timeout,-0.027309480276968105,-11.445914447783489,419.1187211071383,1257.356163321415,0,1257.356163321415,1235.0759703975712,335
d5_w30,MRVL,1785764400000,1785767700000,win,0.03715989242991325,15.298430067581489,411.6919901325237,1235.0759703975712,0,1235.0759703975712,1250.3744004651526,55
d5_w30,MU,1785764700000,1785768600000,win,0.04445896604143163,18.30340020883128,411.69199013252376,411.69199013252376,2,1235.0759703975714,1268.677800673984,65
d5_w30,INTC,1785764700000,1785769500000,win,0.03725642485295189,15.338171692934583,411.69199013252376,823.3839802650475,1,1235.0759703975712,1284.0159723669185,80
d5_w30,ARM,1785768600000,1785850200000,win,0.08934893737725846,38.41963120411954,429.99539034135506,429.99539034135506,2,1268.677800673984,468.4150215454746,310
d5_w30,ARM,1785771600000,1785850200000,win,0.09500726422256833,40.57096741555743,427.0301618254583,427.0301618254583,2,1284.0159723669185,936.0161507864904,260
d5_w30,DELL,1785768000000,1785850200000,win,0.0762022799926183,32.53764355425416,426.9904202001052,426.9904202001052,2,1250.3744004651526,1395.5442145408497,320
d5_w30,ARM,1785850500000,1785866400000,win,0.0482895556338916,22.46340332920864,465.18140484694993,930.3628096938999,1,1395.5442145408497,487.64480817615856,265
d5_w30,AMD,1785850500000,1785936600000,loss,-0.046,-21.398344622959694,465.1814048469499,1395.5442145408497,0,1395.5442145408497,931.4278684001488,385
d5_w30,INTC,1785850500000,1785937800000,win,0.03691677808401606,17.172998691545683,465.18140484694993,465.18140484694993,2,1395.5442145408497,1413.7822719386445,405
d5_w30,DELL,1786023600000,1786111800000,loss,-0.046,-21.67799483639255,471.26075731288154,942.5215146257631,1,1413.7822719386445,1392.1042771022521,420
d5_w30,AMD,1785954300000,1786127100000,timeout,-0.02492102962306985,-11.74430329318465,471.2607573128815,1413.7822719386445,0,1413.7822719386445,1380.3599738090672,780
d5_w30,DELL,1786112400000,1786131300000,win,0.055118246849564574,24.780213681488277,449.582762476489,449.582762476489,2,1392.1042771022521,1405.1401874905557,315
d5_w30,AMD,1786132200000,1786368600000,timeout,-0.027727593555666112,-13.152943800764529,474.3629761579773,474.3629761579773,2,1405.1401874905557,461.21003235721275,10
d5_w30,ORCL,1786023600000,1786368600000,timeout,0.016602855593113926,7.8242743003672794,471.26075731288154,471.26075731288154,2,1413.7822719386445,940.2950639704616,770
d5_w30,SNDK,1786128900000,1786368600000,timeout,-0.021455026924335423,-9.858937893167736,459.5164540196968,459.5164540196968,2,1380.3599738090672,1389.9525800969907,65
d5_w30,MU,1786369800000,1786541400000,win,0.038487303648276246,17.83184233563263,463.31752669899686,926.6350533979937,1,1389.9525800969907,944.4668957336264,760
d5_w30,SNDK,1786369800000,1786541400000,win,0.08254335329554063,38.243782294331375,463.31752669899686,463.31752669899686,2,1389.9525800969905,1446.0282047269548,760
d5_w30,AMD,1786369500000,1786542300000,timeout,0.010806425719995577,5.006806437044777,463.3175266989969,1389.9525800969907,0,1389.9525800969907,1451.0350111639996,780
d5_w30,DELL,1786541700000,1786627800000,win,0.10416933364529202,51.18415824814274,491.3553390139789,491.3553390139789,2,1446.0282047269548,1502.219169412142,385
d5_w30,MU,1786542300000,1786634400000,win,0.04175913506405294,19.556819081210488,468.3243331360417,468.3243331360417,2,1451.0350111639996,1521.7759884933525,485
d5_w30,MRVL,1786541400000,1786714200000,timeout,-0.022371593880619704,-10.99240209549495,491.3553390139789,982.7106780279578,1,1446.0282047269548,1510.7835863978578,780
d5_w30,HPE,1786647900000,1786973400000,loss,-0.046,-22.4425330019936,487.8811522172522,487.8811522172522,2,1521.7759884933525,465.4386192152586,445
d5_w30,MRVL,1786628100000,1786973400000,win,0.04910750576569534,26.64276148991709,542.5394972621216,542.5394972621216,2,1502.219169412142,1034.6208779672972,775
d5_w30,TXN,1786714800000,1786973400000,timeout,0.01916005834505464,9.203781898159953,480.36293691848397,480.36293691848397,2,1510.7835863978578,1524.1875967839412,380
d5_w30,ARM,1786974300000,1787059800000,loss,-0.046,-23.37087648402043,508.0625322613137,1524.1875967839412,0,1524.1875967839412,992.754188038607,375
d5_w30,INTC,1786974300000,1787059800000,loss,-0.046,-23.37087648402043,508.0625322613138,1016.1250645226276,1,1524.1875967839412,1477.4458438159004,375
d5_w30,DELL,1787061600000,1787064900000,loss,-0.046,-22.295816165755493,484.6916557772933,484.6916557772933,2,1477.4458438159004,947.0874953888311,55
d5_w30,HPE,1786974900000,1787064900000,loss,-0.046,-23.37087648402043,508.0625322613138,508.0625322613138,2,1524.1875967839414,1431.7791511661244,450
d5_w30,AVGO,1787067000000,1787146500000,loss,-0.046,-21.783012393943118,473.5437476944156,473.5437476944156,2,1431.7791511661244,925.3044829948881,275
d5_w30,INTC,1787060400000,1787146500000,loss,-0.046,-22.295816165755493,484.6916557772933,969.3833115545866,1,1477.4458438159004,1387.7003226064257,385
d5_w30,AMD,1787066400000,1787239200000,timeout,-0.03524455003593829,-16.689836309821565,473.5437476944156,947.0874953888311,1,1431.7791511661244,1371.0104862966043,780
d5_w30,ARM,1787149200000,1787322000000,timeout,-0.010673520016701516,-4.87863425036132,457.0782874560051,914.1565749120102,1,1387.7003226064257,909.0535645902378,780
d5_w30,TXN,1787149200000,1787322000000,timeout,-0.028813295767192597,-13.169931885231753,457.0782874560051,457.0782874560051,2,1387.7003226064257,1352.9619201610112,780
d5_w30,ARM,1787322600000,1787578200000,loss,-0.046,-20.610484201857595,448.05400438820857,448.05400438820857,2,1352.9619201610112,427.44352018635095,330
d5_w30,AVGO,1787322300000,1787578200000,timeout,-0.018309341768704017,-8.20357389718012,448.05400438820857,896.1080087764171,1,1352.9619201610112,867.2939506773794,335
d5_w30,SNDK,1787239800000,1787578200000,loss,-0.046,-21.015279923691324,456.853911384594,456.853911384594,2,1371.0104862966043,1303.132582138282,660
d5_w30,MRVL,1787579400000,1787664600000,win,0.0778809103634388,33.829717273729365,434.3775273794273,868.7550547588546,1,1303.132582138282,902.584772032584,370
d5_w30,MRVL,1787580600000,1787664600000,win,0.06796632907398514,29.52304596821415,434.3775273794273,434.3775273794273,2,1303.132582138282,1366.4853453802255,350
d5_w30,DELL,1787579400000,1787665200000,win,0.0467688441766756,20.31533489185808,434.37752737942736,1303.132582138282,0,1303.132582138282,1386.8006802720834,380
d5_w30,SNDK,1787664600000,1787667600000,loss,-0.046,-21.438479814018354,466.053909000399,466.053909000399,2,1366.4853453802255,1365.3622004580652,50
d5_w30,SNDK,1787666700000,1787751000000,loss,-0.046,-20.91587166447913,454.69286227128543,454.69286227128543,2,1386.8006802720834,1344.446328793586,355
d5_w30,HPE,1787664600000,1787837400000,timeout,0.011418671806747055,5.321716631127114,466.053909000399,932.107818000798,1,1366.4853453802255,1349.7680454247131,780
d5_w30,MU,1787668200000,1787841000000,timeout,-0.0038743062109158847,-1.7225763187658263,444.61542918638065,444.61542918638065,2,1365.3622004580652,1348.0454691059472,780
d5_w30,MU,1787751600000,1787924400000,timeout,-0.02136166421913998,-9.266198419331634,433.7769906068063,433.7769906068063,2,1344.446328793586,1338.7792706866155,780
d5_w30,AVGO,1787837700000,1788183000000,timeout,0.013823187075132864,6.51591345576238,471.37562563152613,471.37562563152613,2,1349.7680454247131,477.8915390872885,775
d5_w30,MU,1787846100000,1788183000000,timeout,0.022334459684234316,9.891772566807264,442.8928528676148,442.8928528676148,2,1348.0454691059472,930.6761645217106,635
d5_w30,MU,1787924400000,1788183000000,timeout,0.012986893113488667,5.513076283661134,424.51079218747464,424.51079218747464,2,1338.7792706866155,1360.7000329928464,380
d5_w30,SNDK,1788183000000,1788203400000,loss,-0.046,-20.864067172556975,453.5666776642821,907.1333553285642,1,1360.7000329928464,1339.8359658202894,340
d5_w30,SNDK,1788204900000,1788206100000,win,0.04673812521004384,20.22370878787508,432.7026104917251,432.7026104917251,2,1339.8359658202894,906.4929969438823,20
d5_w30,HPE,1788183000000,1788270000000,loss,-0.046,-20.86406717255698,453.56667766428217,1360.7000329928464,0,1360.7000329928464,1339.1956074356076,400
d5_w30,AMD,1788183600000,1788356400000,timeout,-0.02799595302889634,-12.698031403361808,453.5666776642821,453.5666776642821,2,1360.7000329928464,1326.497576032246,780
d5_w30,AMD,1788270600000,1788443400000,timeout,-0.028921894809369457,-12.807033373490363,442.81446488566274,885.6289297713255,1,1339.1956074356076,870.8760777730927,780
d5_w30,ARM,1788270600000,1788443400000,timeout,-0.010356616912645994,-4.58605977619914,442.81446488566274,442.81446488566274,2,1339.1956074356076,1309.1044828825563,780
d5_w30,ORCL,1788356400000,1788444600000,win,0.03842385503013324,16.939872951260696,440.8686462609203,440.8686462609203,2,1326.497576032246,1326.044355833817,420
d5_w30,ARM,1788444900000,1788461100000,win,0.039397380429687885,17.56978258719492,445.9632187614995,445.9632187614995,2,1326.044355833817,1343.6141384210118,270
d5_w30,HPE,1788443700000,1788462900000,win,0.04177288256302548,18.13435682010289,434.117918310818,868.235836621636,1,1309.1044828825563,898.2154938924205,320
d5_w30,HPE,1788461100000,1788464700000,win,0.046734462807076056,21.662965811382897,463.5330013486944,463.5330013486944,2,1343.6141384210118,1383.4114610524978,60
d5_w30,AMD,1788444900000,1788531300000,win,0.03687055578707744,16.442911736330487,445.9632187614995,891.926437522999,1,1326.044355833817,1399.8543727888282,390
d5_w30,HPE,1788549900000,1788874200000,timeout,0.024896948514735902,11.591150967838525,465.5651258216646,931.1302516433292,1,1399.8543727888282,477.1562767895031,35
d5_w30,HPE,1788550800000,1788874200000,timeout,0.019246552311610328,8.960523548588112,465.5651258216646,465.5651258216646,2,1399.8543727888284,951.6819261597558,20
d5_w30,MRVL,1788528600000,1788874200000,win,0.06378124408200514,29.895807577904424,468.7241211454991,937.4482422909982,1,1383.4114610524978,1450.3018548831594,390
d5_w30,HPE,1788874200000,1788896700000,win,0.03641599716232525,17.604729410646726,483.4339516277198,1450.3018548831594,0,1450.3018548831594,1467.9065842938062,375
d5_w30,ORCL,1788961200000,1789047000000,loss,-0.046,-22.642870551319987,492.2363163330432,984.4726326660864,1,1467.9065842938062,1445.2637137424863,380
d5_w30,ORCL,1788894000000,1789064100000,loss,-0.046,-22.23796177487511,483.4339516277198,966.8679032554396,1,1450.3018548831594,930.7894356345679,735
d5_w30,ORCL,1788964500000,1789064700000,loss,-0.046,-22.642870551319987,492.2363163330432,492.2363163330432,2,1467.9065842938062,1400.3828814162912,620
d5_w30,SNDK,1789064700000,1789134000000,loss,-0.046,-21.408157019595063,465.39471781728395,930.7894356345679,1,1400.3828814162912,1378.9747243966958,105
d5_w30,ORCL,1789134000000,1789136400000,loss,-0.046,-20.423381796693686,443.98656079768887,443.98656079768887,2,1378.9747243966958,1358.5513426000023,40
d5_w30,ARM,1789047600000,1789392600000,loss,-0.046,-21.601298505959267,469.5934457817232,469.5934457817232,2,1445.2637137424863,447.9921472757639,770
d5_w30,ARM,1789065000000,1789392600000,loss,-0.046,-21.408157019595063,465.39471781728395,465.39471781728395,2,1400.382881416291,891.9787080734528,480
d5_w30,ORCL,1789137000000,1789392600000,loss,-0.046,-19.48390623404578,423.5631790009952,423.5631790009952,2,1358.5513426000023,1296.057980840402,330
d5_w30,AMD,1789393500000,1789565400000,win,0.04905715600246353,21.193639518108494,432.0193269468007,1296.057980840402,0,1296.057980840402,885.2322934117099,765
d5_w30,INTC,1789393500000,1789565400000,win,0.05122828122140755,22.131607573913918,432.0193269468007,432.0193269468007,2,1296.057980840402,1339.3832279324245,765
d5_w30,AVGO,1789393500000,1789566300000,timeout,-0.027153213419203064,-11.730712985806944,432.0193269468007,864.0386538936013,1,1296.057980840402,1327.6525149466174,780
d5_w30,MRVL,1789565400000,1789651800000,win,0.06859331190164619,31.119547534300654,453.6819504928119,907.3639009856238,1,1339.3832279324245,938.4834485199244,390
d5_w30,MRVL,1789566300000,1789651800000,win,0.044160204755618666,18.560031248972653,420.28861396099376,420.28861396099376,2,1327.6525149466174,1377.3320937298909,375
d5_w30,SNDK,1789565400000,1789652100000,win,0.03658632012662611,16.598553076402155,453.6819504928119,453.6819504928119,2,1339.3832279324245,1393.930646806293,395
d5_w30,HPE,1789652100000,1789654500000,win,0.037536105528570125,17.652498610003118,470.28050356921403,470.28050356921403,2,1393.930646806293,1411.5831454162962,40
d5_w30,AVGO,1789651800000,1789761300000,timeout,0.02418349484244043,11.168544237596631,461.8250716185395,923.650143237079,1,1377.3320937298909,472.9936158561361,775
d5_w30,AVGO,1789657800000,1789761300000,timeout,0.01496505214891331,7.301942822787817,487.93300217921717,487.93300217921717,2,1411.5831454162962,968.2285608581411,675
d5_w30,ORCL,1789651800000,1789761300000,timeout,-0.013387267145176346,-6.182575608097586,461.8250716185395,461.8250716185395,2,1377.3320937298909,1423.871056868583,775
d5_w60,ARM,1782913500000,1783000500000,win,0.041046875090221986,20.523437545110994,500.0,1000.0,1,1500.0,1520.523437545111,400
d5_w60,QCOM,1782913200000,1783003200000,loss,-0.046,-23.0,500.0,1500.0,0,1500.0,997.5234375451109,450
d5_w60,HPE,1782913500000,1783005000000,loss,-0.046,-23.0,500.0,500.0,2,1500.0,1474.523437545111,475
d5_w60,ORCL,1783000500000,1783008000000,loss,-0.046,-23.9440781270751,520.5234375451109,520.5234375451109,2,1520.523437545111,973.5793594180359,125
d5_w60,MRVL,1783006200000,1783010100000,loss,-0.046,-21.942,477.0,477.0,2,1474.523437545111,1428.6373594180359,65
d5_w60,MU,1783005900000,1783014300000,loss,-0.046,-21.942,477.0,954.0,1,1474.523437545111,1406.6953594180359,140
d5_w60,ARM,1783010700000,1783344600000,win,0.03860669792198724,18.369788033164856,475.81867970901794,475.81867970901794,2,1428.6373594180359,494.1884677421828,195
d5_w60,INTC,1783010400000,1783344600000,timeout,0.02463914505476806,11.723765469118717,475.81867970901794,951.6373594180359,1,1428.6373594180359,981.7309129203195,200
d5_w60,INTC,1783015200000,1783344600000,timeout,0.039732186927955,18.080449519061347,455.058,455.058,2,1406.6953594180359,1454.869362439381,120
d5_w60,ARM,1783344600000,1783431000000,loss,-0.046,-22.307996890737176,484.9564541464603,1454.869362439381,0,1454.869362439381,947.6049114021835,390
d5_w60,MU,1783344600000,1783431000000,loss,-0.046,-22.307996890737172,484.95645414646026,484.95645414646026,2,1454.869362439381,1410.2533686579065,390
d5_w60,HPE,1783344600000,1783517400000,win,0.03959864336851338,19.20361767700449,484.95645414646026,969.9129082929205,1,1454.869362439381,1429.456986334911,780
d5_w60,DELL,1783517700000,1783519800000,loss,-0.046,-23.191363303879378,504.16007182346476,504.16007182346476,2,1429.456986334911,1406.2656230310317,35
d5_w60,SNDK,1783520700000,1783523700000,loss,-0.046,-22.124560591900927,480.9687085195854,480.9687085195854,2,1406.2656230310317,1384.1410624391308,50
d5_w60,HPE,1783431600000,1783603800000,win,0.05761228661332996,26.65423552063166,462.64845725572314,925.2969145114463,1,1410.2533686579065,951.951150032078,770
d5_w60,MU,1783524900000,1783603800000,win,0.09483880035239078,43.51622853817653,458.84414792768445,458.84414792768445,2,1384.1410624391308,1454.311526497939,265
d5_w60,QCOM,1783431600000,1783604400000,timeout,0.023634241654239448,10.934345439742831,462.64845725572314,462.64845725572314,2,1410.2533686579065,1465.2458719376818,780
d5_w60,ARM,1783604400000,1783690200000,loss,-0.046,-21.784808923991434,473.582802695466,473.582802695466,2,1465.2458719376818,451.7979937714746,380
d5_w60,INTC,1783603800000,1783690200000,loss,-0.046,-22.808250592570964,495.8315346211079,991.6630692422158,1,1454.311526497939,924.8212778000114,390
d5_w60,MRVL,1783603800000,1783690200000,loss,-0.046,-22.808250592570964,495.8315346211079,495.8315346211079,2,1454.311526497939,1397.8445618285484,390
d5_w60,AMD,1783691400000,1783949400000,timeout,-0.03844070501580709,-17.911376819733782,465.9481872761828,465.9481872761828,2,1397.8445618285484,448.036810456449,370
d5_w60,IBM,1783690200000,1783949400000,timeout,-0.019122434949400573,-8.910063900979921,465.9481872761828,1397.8445618285484,0,1397.8445618285484,905.074933831652,390
d5_w60,IBM,1783691100000,1783949400000,timeout,-0.019105772927021196,-8.902300261855896,465.9481872761828,931.8963745523656,1,1397.8445618285484,1362.1208208459789,375
d5_w60,IBM,1783949700000,1784035800000,loss,-0.046,-20.88585258630501,454.04027361532627,1362.1208208459789,0,1362.1208208459789,887.1946946443476,385
d5_w60,MU,1783950600000,1784035800000,win,0.0731474722602492,33.21189831931304,454.0402736153263,908.0805472306527,1,1362.1208208459789,1374.4468665789868,370
d5_w60,QCOM,1783950600000,1784045700000,loss,-0.046,-20.88585258630501,454.0402736153263,454.0402736153263,2,1362.1208208459789,1353.5610139926819,535
d5_w60,MU,1784046300000,1784124300000,loss,-0.046,-19.92510336733498,433.1544210290213,433.1544210290213,2,1353.5610139926819,873.4326141435166,250
d5_w60,INTC,1784035800000,1784125500000,loss,-0.046,-21.169351638164194,460.2032964818303,460.2032964818303,2,1374.4468665789868,1312.4665589871827,445
d5_w60,HPE,1784035800000,1784126400000,loss,-0.046,-21.169351638164194,460.2032964818303,920.4065929636606,1,1374.4468665789868,1291.2972073490184,460
d5_w60,ORCL,1784125500000,1784209200000,loss,-0.046,-19.602055037623103,426.1316312526762,852.2632625053524,1,1312.4665589871827,839.1123642632242,345
d5_w60,QCOM,1784126700000,1784209200000,loss,-0.046,-19.898808250215872,432.5827880481711,865.1655760963422,1,1291.2972073490184,1251.7963440611793,325
d5_w60,SNDK,1784210400000,1784216700000,loss,-0.046,-18.841911788299193,409.60677800650416,409.60677800650416,2,1251.7963440611793,1232.9544322728802,105
d5_w60,AVGO,1784210400000,1784295000000,loss,-0.046,-18.841911788299193,409.60677800650416,819.2135560130083,1,1251.7963440611793,390.764866218205,360
d5_w60,DELL,1784127000000,1784295000000,loss,-0.046,-19.898808250215872,432.5827880481711,432.5827880481711,2,1291.2972073490184,803.4488460161602,700
d5_w60,QCOM,1784216700000,1784295000000,loss,-0.046,-17.975183846037428,390.764866218205,390.764866218205,2,1232.9544322728802,1176.2385283883277,255
d5_w60,SNDK,1784295900000,1784296800000,win,0.04966764559074522,19.473666119390394,392.07950946277595,392.07950946277595,2,1176.2385283883277,1195.7121945077183,15
d5_w60,SNDK,1784296800000,1784303700000,win,0.0505925101238185,20.821508202130403,411.5531755821663,411.5531755821663,2,1195.7121945077183,1216.5337027098485,115
d5_w60,HPE,1784295900000,1784310900000,win,0.03976540714126121,15.591201325533259,392.0795094627759,1176.2385283883277,0,1176.2385283883277,1232.1249040353819,250
d5_w60,AMD,1784314200000,1784554200000,timeout,0.031904932004313886,13.006706307851314,407.6707107883091,407.6707107883091,2,1232.1249040353819,420.6774170961604,70
d5_w60,DELL,1784303700000,1784554200000,timeout,0.008350573622714302,3.6105766295385857,432.37468378429674,432.37468378429674,2,1216.5337027098485,856.6626775099958,245
d5_w60,QCOM,1784295900000,1784554200000,win,0.03657306184690779,14.339548148487372,392.07950946277595,784.1590189255519,1,1176.2385283883277,1263.0817351212593,375
d5_w60,ARM,1784554200000,1784643900000,win,0.03948840690862521,16.625695171773554,421.02724504041976,1263.0817351212593,0,1263.0817351212593,1279.7074302930328,445
d5_w60,AMD,1784554500000,1784659800000,win,0.04159792543522057,17.51385994538772,421.02724504041976,842.0544900808395,1,1263.0817351212593,1297.2212902384204,705
d5_w60,AVGO,1784554500000,1784727300000,timeout,0.006255214196271735,2.633615600194012,421.02724504041976,421.02724504041976,2,1263.0817351212593,1299.8549058386145,780
d5_w60,AMD,1784643900000,1784734200000,win,0.03775133794610564,16.521984049057277,437.6529402121933,437.6529402121933,2,1279.7074302930328,892.716029247058,455
d5_w60,IBM,1784732700000,1784813400000,loss,-0.046,-19.488399589468234,423.66086064061375,423.66086064061375,2,1299.8549058386145,1296.8884902982036,295
d5_w60,ORCL,1784662500000,1784818200000,loss,-0.046,-20.172890829347143,438.54110498580746,438.54110498580746,2,1297.2212902384204,1276.7155994688565,495
d5_w60,ORCL,1784814300000,1784900400000,loss,-0.046,-19.74198986218511,429.17369265619806,429.17369265619806,2,1296.8884902982036,1256.9736096066713,385
d5_w60,ARM,1784814000000,1784903400000,loss,-0.046,-19.74198986218511,429.17369265619806,858.3473853123961,1,1296.8884902982036,1237.2316197444861,440
d5_w60,ARM,1784822100000,1784914800000,loss,-0.046,-19.244937851197175,418.36821415646034,418.36821415646034,2,1276.7155994688565,1217.9866818932892,495
d5_w60,AMD,1784901900000,1785159000000,timeout,-0.017666615804036494,-7.2332725912542815,409.43170279401295,409.43170279401295,2,1256.9736096066713,402.1984302027587,355
d5_w60,AMD,1784919000000,1785159000000,timeout,-0.012983659382231444,-5.182080671067784,399.1232763052632,399.1232763052632,2,1217.9866818932892,796.1396258369541,70
d5_w60,ARM,1784904600000,1785159000000,loss,-0.046,-18.833858328524595,409.43170279401295,409.43170279401295,2,1237.2316197444861,1186.7374703024423,310
d5_w60,MU,1785159000000,1785161400000,loss,-0.046,-18.196641211304115,395.57915676748075,395.57915676748075,2,1186.7374703024423,772.9616723236575,40
d5_w60,MRVL,1785159000000,1785161700000,loss,-0.046,-18.196641211304115,395.57915676748075,791.1583135349615,1,1186.7374703024423,1150.344187879834,45
d5_w60,ARM,1785163800000,1785245400000,loss,-0.046,-17.359595715584128,377.38251555617666,754.7650311123533,1,1150.344187879834,1132.98459216425,310
d5_w60,AVGO,1785159000000,1785331800000,timeout,-0.02297502225741787,-9.088439931303462,395.57915676748075,1186.7374703024423,0,1186.7374703024423,1123.8961522329464,780
d5_w60,QCOM,1785246900000,1785335100000,loss,-0.046,-16.561054312667256,360.0229198405925,360.0229198405925,2,1132.98459216425,729.9525823641026,420
d5_w60,AVGO,1785163800000,1785336600000,timeout,-0.019923114716581362,-7.518635149457758,377.38251555617666,377.38251555617666,2,1150.3441878798342,1099.8164627708215,780
d5_w60,AMD,1785336600000,1785418200000,win,0.06257621991845186,22.31861437555001,356.66287296732213,713.3257459346443,1,1099.8164627708215,1122.1350771463717,310
d5_w60,ARM,1785418200000,1785419400000,loss,-0.046,-17.433148417772117,378.98148734287213,378.98148734287213,2,1122.1350771463717,1104.7019287285993,20
d5_w60,ORCL,1785333600000,1785419700000,win,0.04571974927435974,17.670258670617592,386.4907168361773,386.4907168361773,2,1123.8961522329464,1122.3721873992172,385
d5_w60,AMD,1785419400000,1785504600000,win,0.061393518868017034,22.196724767498342,361.5483389251,361.5483389251,2,1104.7019287285993,383.7450636925983,370
d5_w60,AVGO,1785336600000,1785504600000,win,0.04944341637654671,17.63463093417869,356.66287296732213,356.66287296732213,2,1099.8164627708215,758.0425675940992,700
d5_w60,DELL,1785419700000,1785504600000,win,0.04177436752028308,16.88356912817698,404.1609755067949,404.1609755067949,2,1122.3721873992172,1179.087112229071,365
d5_w60,MRVL,1785504600000,1785505500000,loss,-0.046,-18.079335720845755,393.0290374096903,393.0290374096903,2,1179.087112229071,1161.007776508225,15
d5_w60,HPE,1785504600000,1785506400000,loss,-0.046,-18.079335720845755,393.0290374096903,786.0580748193806,1,1179.087112229071,374.9497016888446,30
d5_w60,ARM,1785504600000,1785507000000,loss,-0.046,-18.079335720845755,393.0290374096903,1179.087112229071,0,1179.087112229071,749.8994033776892,40
d5_w60,ARM,1785506100000,1785507000000,loss,-0.046,-17.24768627768685,374.9497016888446,374.9497016888446,2,1161.007776508225,1107.601418788847,15
d5_w60,ARM,1785509700000,1785763800000,loss,-0.046,-16.983221754762322,369.20047292961567,369.20047292961567,2,1107.601418788847,352.21725117485335,305
d5_w60,DELL,1785508500000,1785763800000,loss,-0.046,-16.983221754762322,369.20047292961567,738.4009458592313,1,1107.601418788847,704.4345023497067,325
d5_w60,QCOM,1785507900000,1785763800000,timeout,-0.027309480276968105,-10.082673033718637,369.20047292961567,1107.601418788847,0,1107.601418788847,1063.5523022456036,335
d5_w60,MRVL,1785764400000,1785767700000,win,0.03715989242991325,13.173829715011072,354.51743408186786,1063.5523022456036,0,1063.5523022456036,1076.7261319606148,55
d5_w60,MU,1785764700000,1785768600000,win,0.04445896604143163,15.761478562941242,354.5174340818679,354.5174340818679,2,1063.5523022456036,1092.487610523556,65
d5_w60,INTC,1785764700000,1785769500000,win,0.03725642485295189,13.208052141932438,354.5174340818679,709.0348681637358,1,1063.5523022456036,1105.6956626654885,80
d5_w60,ARM,1785768600000,1785850200000,win,0.08934893737725846,33.08402737802041,370.27891264480917,370.27891264480917,2,1092.487610523556,771.0542038197085,310
d5_w60,MU,1785771600000,1785850200000,win,0.06158473255271014,22.646275721908044,367.7254862238004,367.7254862238004,2,1105.6956626654885,1161.425965765417,260
d5_w60,ARM,1785850500000,1785866400000,win,0.0482895556338916,19.164548024630044,396.867350984269,396.867350984269,2,1161.425965765417,416.0318990088991,265
d5_w60,TXN,1785767700000,1785873300000,win,0.041530865586723704,15.270536454160748,367.69126379687896,367.69126379687896,2,1076.7261319606148,798.9936992599387,710
d5_w60,AMD,1785850500000,1785936600000,loss,-0.046,-18.255898145276376,396.867350984269,793.734701968538,1,1161.425965765417,1177.6051520989313,385
d5_w60,DELL,1786023600000,1786111800000,loss,-0.046,-18.05661233218361,392.53505069964376,785.0701013992875,1,1177.6051520989313,1159.5485397667476,420
d5_w60,AMD,1785954300000,1786127100000,timeout,-0.02492102962306985,-9.782377626579047,392.53505069964376,1177.6051520989313,0,1177.6051520989313,1149.7661621401687,780
d5_w60,DELL,1786112700000,1786131300000,win,0.046258946152396126,17.322977915673732,374.47843836746017,374.47843836746017,2,1159.5485397667476,1167.0891400558423,310
d5_w60,DELL,1786128000000,1786368600000,timeout,0.009676487591046007,3.7037014914312,382.7526730730647,382.7526730730647,2,1149.7661621401687,386.45637456449595,80
d5_w60,DELL,1786132200000,1786368600000,timeout,-0.004167243915841995,-1.6327320682241666,391.8014162831339,391.8014162831339,2,1167.0891400558423,776.6250587794057,10
d5_w60,ORCL,1786023600000,1786368600000,timeout,0.016602855593113926,6.517202762001839,392.53505069964376,392.53505069964376,2,1177.6051520989313,1175.6773122410514,770
d5_w60,DELL,1786369800000,1786455000000,loss,-0.046,-18.027052121029453,391.89243741368375,391.89243741368375,2,1175.6773122410514,1157.6502601200218,370
d5_w60,SNDK,1786369500000,1786541400000,win,0.08340169485315818,32.684493480436444,391.89243741368375,783.7848748273675,1,1175.6773122410514,816.469368307804,765
d5_w60,SNDK,1786455300000,1786541400000,win,0.06128406173030055,22.911989351097628,373.8653852926543,373.8653852926543,2,1157.6502601200218,1213.246742951556,385
d5_w60,AMD,1786369500000,1786542300000,timeout,0.010806425719995577,4.23495651513899,391.8924374136838,1175.6773122410514,0,1175.6773122410514,1217.4816994666949,780
d5_w60,DELL,1786541400000,1786563300000,win,0.036263550032194176,14.892611476515365,410.6771527689361,821.3543055378722,1,1213.246742951556,1232.3743109432103,365
d5_w60,INTC,1786541400000,1786632600000,win,0.037063579128359565,15.221165147860871,410.6771527689361,410.6771527689361,2,1213.246742951556,851.4680821622484,470
d5_w60,MU,1786542300000,1786634400000,win,0.04175913506405294,16.541937345645017,396.1273939288228,396.1273939288228,2,1217.4816994666949,1264.137413436716,485
d5_w60,HPE,1786647900000,1786973400000,loss,-0.046,-19.287055931399088,419.2838245956324,838.5676491912648,1,1264.137413436716,399.9967686642333,445
d5_w60,MRVL,1786628100000,1786973400000,win,0.04910750576569534,20.898669651389113,425.56976424545144,425.56976424545144,2,1232.3743109432103,846.4652025610739,775
d5_w60,TXN,1786714800000,1786973400000,timeout,0.01916005834505464,8.033502542389972,419.2838245956324,419.2838245956324,2,1264.137413436716,1273.7825296990961,380
d5_w60,ARM,1786974300000,1787059800000,loss,-0.046,-19.531332122052806,424.5941765663654,1273.7825296990961,0,1273.7825296990961,829.6570210106779,375
d5_w60,INTC,1786974300000,1787059800000,loss,-0.046,-19.531332122052806,424.5941765663654,849.1883531327308,1,1273.7825296990961,1234.7198654549904,375
d5_w60,HPE,1786974900000,1787064900000,loss,-0.046,-19.531332122052806,424.5941765663654,424.5941765663654,2,1273.7825296990961,810.1256888886251,450
d5_w60,HPE,1787060400000,1787065500000,loss,-0.046,-18.632890844438375,405.06284444431253,810.1256888886251,1,1234.7198654549904,1196.5556424884992,85
d5_w60,INTC,1787060400000,1787146500000,loss,-0.046,-18.632890844438375,405.06284444431253,405.06284444431253,2,1234.7198654549904,1177.9227516440608,385
d5_w60,ARM,1787146500000,1787148000000,loss,-0.046,-17.77577786559421,386.4299535998742,386.4299535998742,2,1177.9227516440608,764.4005747563733,25
d5_w60,SNDK,1787066400000,1787148300000,loss,-0.046,-18.204334355016293,395.7463990220933,395.7463990220933,2,1196.5556424884992,1141.9426394234504,315
d5_w60,AMD,1787066400000,1787239200000,timeout,-0.03524455003593829,-13.947903761876567,395.7463990220933,791.4927980441867,1,1196.5556424884992,1127.994735661574,780
d5_w60,ARM,1787149200000,1787322000000,timeout,-0.010673520016701516,-3.9822702541556505,373.0981202006785,746.196240401357,1,1141.9426394234504,750.9143452067397,780
d5_w60,HPE,1787149800000,1787322600000,timeout,0.0059908116185774015,2.2351605533676127,373.0981202006785,373.0981202006785,2,1141.9426394234504,1126.2476259607856,780
d5_w60,AMD,1787322600000,1787578200000,timeout,-0.02037154017931663,-7.582787688761989,372.2245653502845,744.449130700569,1,1126.2476259607856,364.6417776615225,330
d5_w60,ARM,1787241300000,1787578200000,loss,-0.046,-17.56273078196997,381.7984952602168,381.7984952602168,2,1127.994735661574,728.8775421397693,635
d5_w60,HPE,1787324700000,1787578200000,timeout,-0.009354459666187637,-3.4819596833334603,372.2245653502845,372.2245653502845,2,1126.2476259607856,1097.62014780672,295
d5_w60,MRVL,1787579400000,1787664600000,win,0.0778809103634388,28.494552114813207,365.87338260224004,1097.62014780672,0,1097.62014780672,1126.1146999215332,370
d5_w60,DELL,1787579700000,1787665200000,win,0.04321423332128594,15.810937721821318,365.87338260224,731.74676520448,1,1097.62014780672,776.0522550411146,375
d5_w60,DELL,1787580600000,1787665200000,win,0.0441924673752463,16.168847524120498,365.87338260224,365.87338260224,2,1097.62014780672,1158.0944851674749,360
d5_w60,INTC,1787665500000,1787751000000,loss,-0.046,-17.5657106603597,381.8632752252109,763.7265504504218,1,1158.0944851674749,758.6654992819044,375
d5_w60,SNDK,1787666700000,1787751000000,loss,-0.046,-17.5657106603597,381.8632752252109,381.8632752252109,2,1158.0944851674749,1122.9630638467556,355
d5_w60,DELL,1787664600000,1787773800000,win,0.039211446480216246,15.463737165671148,394.36793471705323,394.36793471705323,2,1126.1146999215332,1138.4268010124267,770
d5_w60,SNDK,1787751600000,1787837400000,win,0.03732377836610957,13.596961559131994,364.29756456485114,364.29756456485114,2,1122.9630638467556,1152.0237625715586,380
d5_w60,AVGO,1787773800000,1787923800000,win,0.04587592183864798,18.801405746294286,409.8316718827244,409.8316718827244,2,1138.4268010124267,806.5276037530018,400
d5_w60,MU,1787751600000,1787924400000,timeout,-0.02136166421913998,-7.782002250084817,364.29756456485114,728.5951291297023,1,1122.9630638467556,1163.0431660677682,780
d5_w60,AVGO,1787837700000,1788183000000,timeout,0.013823187075132864,5.223706729280503,377.89452612398316,377.89452612398316,2,1152.0237625715586,383.11823285326363,775
d5_w60,MU,1787924400000,1788183000000,timeout,0.012986893113488667,5.098320732575467,392.57431997189246,785.1486399437849,1,1163.0431660677682,780.7908735577315,380
d5_w60,SNDK,1787924700000,1788183000000,timeout,0.01674879557571219,6.5751470334834545,392.57431997189246,392.57431997189246,2,1163.0431660677682,1179.9403405631074,375
d5_w60,SNDK,1788183000000,1788203400000,loss,-0.046,-18.092418555300977,393.3134468543691,786.6268937087382,1,1179.9403405631074,1161.8479220078063,340
d5_w60,HPE,1788183000000,1788270000000,loss,-0.046,-18.09241855530098,393.31344685436915,1179.9403405631074,0,1179.9403405631074,1143.7555034525053,400
d5_w60,HPE,1788204600000,1788271800000,loss,-0.046,-17.260167301757132,375.2210282990681,375.2210282990681,2,1161.8479220078063,1126.4953361507482,70
d5_w60,AMD,1788183600000,1788356400000,timeout,-0.02799595302889634,-11.011184783768234,393.3134468543691,393.3134468543691,2,1179.9403405631074,1115.48415136698,780
d5_w60,AMD,1788270600000,1788443400000,timeout,-0.028921894809369457,-10.85210311072909,375.22102829906817,375.22102829906817,2,1143.7555034525053,1104.632048256251,780
d5_w60,ORCL,1788356400000,1788444600000,win,0.03842385503013324,14.689526695492775,382.3022620706009,382.3022620706009,2,1115.48415136698,1119.3215749517437,420
d5_w60,MRVL,1788272400000,1788445200000,timeout,0.007667807211338534,2.744774871332132,357.960860997311,357.960860997311,2,1126.4953361507482,1122.0663498230758,780
d5_w60,HPE,1788445200000,1788460200000,win,0.037365872633098325,13.478080847908462,360.7056358686431,360.7056358686431,2,1122.0663498230758,1135.5444306709842,250
d5_w60,HPE,1788443700000,1788462900000,win,0.04177288256302548,15.220740321508304,364.36892518833906,364.36892518833906,2,1104.632048256251,1150.7651709924926,320
d5_w60,AMD,1788444900000,1788531300000,win,0.03687055578707744,14.637307894711917,396.99178876609363,396.99178876609363,2,1119.3215749517437,1165.4024788872046,390
d5_w60,AVGO,1788460200000,1788874200000,timeout,0.027095830264016747,10.138818475710607,374.1837167165516,374.1837167165516,2,1135.5444306709842,384.3225351922622,480
d5_w60,AVGO,1788545700000,1788874200000,timeout,0.03000807315810495,12.352196046602106,411.62909666080554,411.62909666080554,2,1165.4024788872046,808.3038278996698,105
d5_w60,MRVL,1788528600000,1788874200000,win,0.06378124408200514,24.210701106890262,379.58966550984735,379.58966550984735,2,1150.7651709924926,1212.1041945164075,390
d5_w60,HPE,1788874200000,1788896700000,win,0.03641599716232525,14.713327635984008,404.03473150546915,1212.1041945164075,0,1212.1041945164075,1226.8175221523916,375
d5_w60,QCOM,1788960900000,1789047000000,loss,-0.046,-18.924004184879212,411.39139532346115,411.39139532346115,2,1226.8175221523916,1207.8935179675123,385
d5_w60,ORCL,1788897300000,1789048200000,loss,-0.046,-18.924004184879212,411.39139532346115,822.7827906469223,1,1226.8175221523916,1188.969513782633,415
d5_w60,ORCL,1788894000000,1789064100000,loss,-0.046,-18.585597649251582,404.03473150546915,808.0694630109383,1,1212.1041945164075,1170.3839161333815,735
d5_w60,SNDK,1789064700000,1789134000000,loss,-0.046,-17.73066015738601,385.4491338562176,385.4491338562176,2,1170.3839161333815,1152.6532559759955,105
d5_w60,ARM,1789047600000,1789392600000,loss,-0.046,-18.053499992374768,392.46739113858195,392.46739113858195,2,1207.8935179675123,374.41389114620716,770
d5_w60,ARM,1789134300000,1789392600000,loss,-0.046,-16.915049790146252,367.7184736988316,367.7184736988316,2,1152.6532559759955,725.2173150548925,375
d5_w60,MRVL,1789048800000,1789392600000,loss,-0.046,-18.053499992374768,392.46739113858195,392.46739113858195,2,1188.969513782633,1099.6312062010998,750
d5_w60,AMD,1789393500000,1789565400000,win,0.04905715600246353,17.981593209261497,366.5437354003666,1099.6312062010998,0,1099.6312062010998,751.0690640099947,765
d5_w60,INTC,1789393500000,1789565400000,win,0.05122828122140755,18.777405557035177,366.5437354003666,366.5437354003666,2,1099.6312062010998,1136.3902049673966,765
d5_w60,AVGO,1789393500000,1789566300000,timeout,-0.027153213419203064,-9.952840274798051,366.5437354003666,733.0874708007332,1,1099.6312062010998,1126.4373646925983,780
d5_w60,ARM,1789566300000,1789584900000,loss,-0.046,-16.40318117577615,356.5908951255685,356.5908951255685,2,1126.4373646925983,1110.0341835168224,310
d5_w60,INTC,1789586400000,1789651800000,win,0.04761639054387224,16.19851104566041,340.1877139497924,340.1877139497924,2,1110.0341835168224,741.3094597789677,40
d5_w60,MRVL,1789565400000,1789651800000,win,0.06859331190164619,26.403159501696226,384.92323478351494,769.8464695670299,1,1136.3902049673966,1152.6358540641788,390
d5_w60,SNDK,1789565400000,1789652100000,win,0.03658632012662611,14.082924691966141,384.92323478351494,384.92323478351494,2,1136.3902049673966,1166.718778756145,395
d5_w60,HPE,1789652100000,1789654500000,win,0.037536105528570125,14.692804127544065,391.4312345579065,782.862469115813,1,1166.718778756145,1181.411582883689,40
d5_w60,IBM,1789652100000,1789740000000,loss,-0.046,-18.0058367896637,391.4312345579065,391.4312345579065,2,1166.718778756145,1163.4057460940255,415
d5_w60,AVGO,1789651800000,1789761300000,timeout,0.02418349484244043,9.282987084425185,383.856309640332,767.712619280664,1,1152.6358540641788,393.1392967247572,775
d5_w60,IBM,1789746000000,1789761300000,timeout,-0.01302778660225234,-4.864906393985865,373.4253977682428,373.4253977682428,2,1163.4057460940255,761.6997880990141,255
d5_w60,ORCL,1789654500000,1789761300000,timeout,-0.022555632973377697,-9.16038475825487,406.1240386854506,406.1240386854506,2,1181.411582883689,1158.6634420262099,730
d5_w120,ARM,1782913500000,1783000500000,win,0.041046875090221986,20.523437545110994,500.0,1000.0,1,1500.0,1520.523437545111,400
d5_w120,MU,1783000500000,1783002300000,loss,-0.046,-23.9440781270751,520.5234375451109,520.5234375451109,2,1520.523437545111,496.57935941803584,30
d5_w120,QCOM,1782913200000,1783003200000,loss,-0.046,-23.0,500.0,1500.0,0,1500.0,973.5793594180359,450
d5_w120,HPE,1782913500000,1783005000000,loss,-0.046,-23.0,500.0,500.0,2,1500.0,1450.579359418036,475
d5_w120,MRVL,1783006200000,1783010100000,loss,-0.046,-22.242216844409885,483.52645313934534,967.0529062786907,1,1450.579359418036,1428.3371425736261,65
d5_w120,MU,1783005900000,1783014300000,loss,-0.046,-22.24221684440988,483.5264531393453,1450.579359418036,0,1450.579359418036,1406.0949257292161,140
d5_w120,ARM,1783015500000,1783344600000,win,0.048448377375534875,22.34847275740243,461.2842362949354,461.2842362949354,2,1406.0949257292161,483.6327090523378,115
d5_w120,INTC,1783010400000,1783344600000,timeout,0.02463914505476806,11.36564920954882,461.28423629493545,461.28423629493545,2,1428.3371425736261,956.282594556822,200
d5_w120,QCOM,1783006200000,1783344600000,timeout,0.03377760459900193,16.33236534729864,483.52645313934534,483.52645313934534,2,1450.579359418036,1456.1414130434662,270
d5_w120,ARM,1783344600000,1783431000000,loss,-0.046,-22.327501666666482,485.3804710144887,1456.1414130434662,0,1456.1414130434662,948.433440362311,390
d5_w120,MU,1783344600000,1783431000000,loss,-0.046,-22.327501666666482,485.38047101448876,485.38047101448876,2,1456.1414130434664,1411.486409710133,390
d5_w120,HPE,1783344600000,1783517400000,win,0.03959864336851338,19.220408169743788,485.38047101448876,970.7609420289775,1,1456.1414130434662,1430.706817879877,780
d5_w120,DELL,1783517700000,1783519800000,loss,-0.046,-23.211640442474696,504.60087918423255,504.60087918423255,2,1430.706817879877,1407.4951774374024,35
d5_w120,SNDK,1783520700000,1783523700000,loss,-0.046,-22.143904982120862,481.3892387417579,481.3892387417579,2,1407.4951774374024,1385.3512724552816,50
d5_w120,AMD,1783524600000,1783603800000,win,0.07497476090516653,34.43180909544218,459.245333759637,459.245333759637,2,1385.3512724552816,956.7301122029014,270
d5_w120,HPE,1783431600000,1783603800000,win,0.05761228661332996,26.677540387220226,463.0529693478222,926.1059386956445,1,1411.486409710133,1446.4606219379439,770
d5_w120,QCOM,1783431600000,1783604400000,timeout,0.023634241654239448,10.943905776279562,463.0529693478222,463.0529693478222,2,1411.486409710133,1457.4045277142234,780
d5_w120,ARM,1783604400000,1783690200000,loss,-0.046,-21.80385625570868,473.9968751241018,473.9968751241018,2,1457.4045277142234,452.1930188683931,380
d5_w120,INTC,1783603800000,1783690200000,loss,-0.046,-22.6183760095728,491.7038262950608,983.4076525901216,1,1446.4606219379439,921.2784691538811,390
d5_w120,MRVL,1783603800000,1783690200000,loss,-0.046,-22.6183760095728,491.7038262950608,491.7038262950608,2,1446.4606219379439,1390.363919439369,390
d5_w120,AMD,1783691400000,1783949400000,timeout,-0.03844070501580709,-17.815523097263384,463.454639813123,463.454639813123,2,1390.363919439369,445.6391167158596,370
d5_w120,IBM,1783690200000,1783949400000,timeout,-0.019122434949400573,-8.862381201824318,463.45463981312304,1390.363919439369,0,1390.363919439369,900.2313753271583,390
d5_w120,IBM,1783691100000,1783949400000,timeout,-0.019105772927021196,-8.854659110243924,463.454639813123,926.909279626246,1,1390.363919439369,1354.831356030037,375
d5_w120,IBM,1783949700000,1784035800000,loss,-0.046,-20.774080792460566,451.61045201001235,1354.831356030037,0,1354.831356030037,882.4468232275642,385
d5_w120,MU,1783950600000,1784035800000,win,0.0731474722602492,33.034163010840984,451.6104520100124,903.2209040200248,1,1354.831356030037,1367.0914382484175,370
d5_w120,QCOM,1783950600000,1784045700000,loss,-0.046,-20.77408079246057,451.6104520100124,451.6104520100124,2,1354.831356030037,1346.317357455957,535
d5_w120,MU,1784046300000,1784124300000,loss,-0.046,-19.818473076007386,430.83637121755186,430.83637121755186,2,1346.317357455957,868.7583912607471,250
d5_w120,INTC,1784035800000,1784125500000,loss,-0.046,-21.05606268348332,457.7404931192026,457.7404931192026,2,1367.0914382484175,1305.4428216964664,445
d5_w120,HPE,1784035800000,1784126400000,loss,-0.046,-21.05606268348332,457.7404931192026,915.4809862384052,1,1367.0914382484175,1284.386759012983,460
d5_w120,SNDK,1784127000000,1784133600000,loss,-0.046,-19.792318678660074,430.26779736217554,430.26779736217554,2,1284.386759012983,1264.5944403343228,110
d5_w120,ORCL,1784125500000,1784209200000,loss,-0.046,-19.497153557277066,423.8511642886319,847.7023285772638,1,1305.4428216964664,1245.0972867770458,345
d5_w120,INTC,1784133900000,1784220300000,loss,-0.046,-18.881872019441712,410.47547868351546,410.47547868351546,2,1264.5944403343228,1226.215414757604,390
d5_w120,AVGO,1784210400000,1784295000000,loss,-0.046,-18.600284493642324,404.35401073135483,404.35401073135483,2,1245.0972867770458,777.3473329017863,360
d5_w120,DELL,1784127000000,1784295000000,loss,-0.046,-19.792318678660074,430.26779736217554,860.5355947243511,1,1284.386759012983,1187.8228115853017,700
d5_w120,HPE,1784295900000,1784310900000,win,0.03976540714126121,15.831189255727665,398.114602460614,796.229204921228,1,1187.8228115853017,1203.6540008410293,250
d5_w120,IBM,1784220300000,1784554200000,timeout,-0.035509269984749674,-13.905203103336465,391.5936066640738,391.5936066640738,2,1226.215414757604,377.6884035607373,585
d5_w120,MRVL,1784313300000,1784554200000,timeout,0.024707578545367877,10.227598162356003,413.94579171634166,413.94579171634166,2,1203.6540008410293,801.861793439435,85
d5_w120,QCOM,1784295900000,1784554200000,win,0.03657306184690779,14.560269977949144,398.114602460614,398.114602460614,2,1187.8228115853017,1214.5366658779983,375
d5_w120,INTC,1784554500000,1784653200000,win,0.042793676830655165,17.32482985952149,404.84555529266606,404.84555529266606,2,1214.536665877998,1231.8614957375198,595
d5_w120,AMD,1784554500000,1784659800000,win,0.04159792543522057,16.840735221844792,404.8455552926661,1214.5366658779983,0,1214.5366658779983,1248.7022309593644,705
d5_w120,AVGO,1784554500000,1784727300000,timeout,0.006255214196271735,2.5323956647641985,404.84555529266606,809.6911105853321,1,1214.5366658779983,1251.2346266241289,780
d5_w120,IBM,1784732700000,1784813400000,loss,-0.046,-18.73938574404179,407.37795095743024,407.37795095743024,2,1251.2346266241289,810.808950365576,295
d5_w120,SNDK,1784662500000,1784814000000,win,0.03896646727730469,16.43162504062169,421.6862905145109,421.6862905145109,2,1248.7022309593644,1248.9268659207087,425
d5_w120,ORCL,1784656200000,1784818200000,loss,-0.046,-19.41983771700063,422.1703851521876,422.1703851521876,2,1231.8614957375198,1229.5070282037082,600
d5_w120,ORCL,1784814300000,1784900400000,loss,-0.046,-19.015399057675985,413.37824038426055,413.37824038426055,2,1248.9268659207087,1210.4916291460322,385
d5_w120,ARM,1784814000000,1784903400000,loss,-0.046,-19.015399057675985,413.37824038426055,826.7564807685211,1,1248.9268659207087,1191.476230088356,440
d5_w120,AMD,1784901900000,1785159000000,timeout,-0.017666615804036494,-6.967056805104974,394.36284132658454,394.36284132658454,2,1210.4916291460322,387.3957845214796,355
d5_w120,ARM,1784904600000,1785159000000,loss,-0.046,-18.140690701022887,394.36284132658454,394.36284132658454,2,1191.476230088356,763.6179351470413,310
d5_w120,TXN,1784819700000,1785159000000,timeout,-0.01945544346211591,-7.835690504961512,402.75054743518695,402.75054743518695,2,1229.5070282037082,1158.5327920772668,675
d5_w120,MRVL,1785159000000,1785161700000,loss,-0.046,-17.76416947851809,386.17759735908896,772.3551947181779,1,1158.5327920772668,1140.7686225987488,45
d5_w120,ARM,1785163800000,1785245400000,loss,-0.046,-16.94701768250626,368.41342788057085,368.41342788057085,2,1140.7686225987488,1123.8216049162424,310
d5_w120,QCOM,1785159000000,1785263100000,loss,-0.046,-17.76416947851809,386.17759735908896,386.17759735908896,2,1158.532792077267,1106.0574354377243,685
d5_w120,AVGO,1785159000000,1785331800000,timeout,-0.02297502225741787,-8.872438894641224,386.1775973590889,1158.5327920772668,0,1158.5327920772668,1097.1849965430831,780
d5_w120,MU,1785263700000,1785335100000,loss,-0.046,-16.94701768250626,368.41342788057085,368.41342788057085,2,1106.0574354377243,728.7715686625122,140
d5_w120,QCOM,1785246900000,1785335100000,loss,-0.046,-16.16745486911097,351.4664101980646,351.4664101980646,2,1123.8216049162424,1064.070523991466,420
d5_w120,SNDK,1785336600000,1785348000000,win,0.04234014196244363,14.538871535651719,343.3826827635091,343.3826827635091,2,1064.070523991466,1078.6093955271176,190
d5_w120,AMD,1785336600000,1785418200000,win,0.06257621991845186,21.487590272797334,343.3826827635091,686.7653655270182,1,1064.070523991466,742.175431500754,310
d5_w120,AMD,1785348300000,1785418200000,win,0.03638656714427536,13.023536667889813,357.9215542991608,357.9215542991608,2,1078.6093955271176,1113.1205224678047,115
d5_w120,ARM,1785418200000,1785419400000,loss,-0.046,-16.92375337207721,367.9076820016785,735.815364003357,1,1113.1205224678047,1096.1967690957274,20
d5_w120,ORCL,1785333600000,1785419700000,win,0.04571974927435974,17.250297244917117,377.3051584644477,377.3051584644477,2,1097.1849965430831,745.5393843389661,385
d5_w120,SNDK,1785418200000,1785419700000,win,0.04733082687198321,17.413374801694097,367.9076820016785,367.9076820016785,2,1113.1205224678047,1130.8604411423387,25
d5_w120,AMD,1785419400000,1785504600000,win,0.061393518868017034,21.54813844469217,350.9839286296013,350.9839286296013,2,1096.1967690957274,372.5320670742934,370
d5_w120,DELL,1785419700000,1785504600000,win,0.04177436752028308,16.28942402707187,389.93825625636873,779.8765125127375,1,1130.8604411423387,778.759747357734,365
d5_w120,INTC,1785419700000,1785504600000,win,0.05824696896616444,22.712721510884986,389.93825625636873,389.93825625636873,2,1130.8604411423387,1191.4107251249875,365
d5_w120,MRVL,1785504600000,1785505500000,loss,-0.046,-18.26829778524981,397.13690837499587,397.13690837499587,2,1191.4107251249875,1173.1424273397379,15
d5_w120,HPE,1785504600000,1785506400000,loss,-0.046,-18.26829778524981,397.13690837499587,794.2738167499917,1,1191.4107251249875,378.8686105897461,30
d5_w120,ARM,1785504600000,1785507000000,loss,-0.046,-18.268297785249807,397.1369083749958,1191.4107251249875,0,1191.4107251249875,757.737221179492,40
d5_w120,ARM,1785506100000,1785507000000,loss,-0.046,-17.42795608712832,378.8686105897461,378.8686105897461,2,1173.1424273397379,1119.17787568211,15
d5_w120,AMD,1785507900000,1785763800000,loss,-0.046,-17.160727427125686,373.0592918940367,1119.17787568211,0,1119.17787568211,355.898564466911,335
d5_w120,DELL,1785508500000,1785763800000,loss,-0.046,-17.160727427125686,373.0592918940366,373.0592918940366,2,1119.17787568211,711.7971289338219,325
d5_w120,QCOM,1785507900000,1785763800000,timeout,-0.027309480276968105,-10.18805537411988,373.0592918940366,746.1185837880732,1,1119.17787568211,1074.6683654537387,335
d5_w120,SNDK,1785764400000,1785767100000,win,0.03623270691921921,12.979381306947227,358.2227884845796,358.2227884845796,2,1074.6683654537387,1087.647746760686,45
d5_w120,MRVL,1785764400000,1785767700000,win,0.03715989242991325,13.311520286030545,358.2227884845796,716.4455769691592,1,1074.6683654537387,1100.9592670467166,55
d5_w120,INTC,1785764400000,1785781500000,win,0.03946128181474951,14.1359304088554,358.22278848457955,1074.6683654537387,0,1074.6683654537387,1115.095197455572,285
d5_w120,AMD,1785767100000,1785850200000,win,0.05828609761428139,21.635925903101988,371.20216979152684,371.20216979152684,2,1087.647746760686,765.1968145880637,335
d5_w120,QCOM,1785767700000,1785850200000,win,0.049318185141007394,18.323397826185158,371.53430877061015,371.53430877061015,2,1100.9592670467166,1155.0545211848591,325
d5_w120,QCOM,1785786000000,1785852000000,win,0.038596878827125376,14.37188435335355,372.35871889343497,372.35871889343497,2,1115.095197455572,1169.4264055382127,50
d5_w120,ARM,1785850500000,1785866400000,win,0.0482895556338916,18.89801624458257,391.34790114571206,782.6958022914241,1,1155.0545211848591,410.2459173902946,265
d5_w120,INTC,1785850500000,1785937800000,win,0.03691677808401606,14.447303620241707,391.34790114571206,391.34790114571206,2,1155.0545211848591,816.0411221562483,405
d5_w120,MU,1785852600000,1785937800000,win,0.038993588175596734,15.080013877905365,386.7306032467885,386.7306032467885,2,1169.4264055382127,1217.8517392809422,370
d5_w120,SNDK,1786023600000,1786028700000,win,0.043020623822865874,17.46424718254278,405.9505797603141,405.9505797603141,2,1217.8517392809422,1235.3159864634852,85
d5_w120,DELL,1786023600000,1786111800000,loss,-0.046,-18.673726668974446,405.95057976031404,1217.8517392809422,0,1217.8517392809422,1216.6422597945107,420
d5_w120,DELL,1786112700000,1786131300000,win,0.046258946152396126,17.915019093221705,387.2768530913396,387.2768530913396,2,1216.6422597945107,1234.5572788877323,310
d5_w120,AMD,1786029000000,1786368600000,loss,-0.046,-19.477082039371417,423.4148269428569,423.4148269428569,2,1235.3159864634852,403.9377449034855,680
d5_w120,DELL,1786132200000,1786368600000,timeout,-0.004167243915841995,-1.6885333641097404,405.1918721845613,405.1918721845613,2,1234.5572788877323,807.4410837239371,10
d5_w120,ORCL,1786023600000,1786368600000,timeout,0.016602855593113926,6.739938853701371,405.9505797603141,811.9011595206282,1,1217.8517392809422,1220.1316023379527,770
d5_w120,DELL,1786369800000,1786455000000,loss,-0.046,-18.70868456918194,406.71053411265086,406.71053411265086,2,1220.1316023379527,1201.4229177687707,370
d5_w120,DELL,1786455900000,1786541400000,win,0.04959617512101345,19.243407677234995,388.0018495434689,388.0018495434689,2,1201.4229177687707,813.9557913333548,375
d5_w120,SNDK,1786369500000,1786541400000,win,0.08340169485315818,33.920347859628286,406.71053411265086,813.4210682253017,1,1220.1316023379527,1254.586673305634,765
d5_w120,AMD,1786369500000,1786542300000,timeout,0.010806425719995577,4.395087176428089,406.7105341126509,1220.1316023379527,0,1220.1316023379527,1258.9817604820619,780
d5_w120,DELL,1786541400000,1786563300000,win,0.036263550032194176,15.373499397364185,423.93806959649146,847.8761391929829,1,1254.586673305634,1274.355259879426,365
d5_w120,INTC,1786541400000,1786632600000,win,0.037063579128359565,15.712662188013566,423.93806959649146,423.93806959649146,2,1254.586673305634,878.9623007783607,470
d5_w120,MU,1786542300000,1786634400000,win,0.04175913506405294,17.167415165002048,411.105621289079,411.105621289079,2,1258.9817604820619,1307.2353372324417,485
d5_w120,ARM,1786715100000,1786973400000,timeout,-0.013791444139223502,-5.984961083383412,433.961884119293,433.961884119293,2,1307.2353372324417,427.9769230359096,375
d5_w120,HPE,1786647900000,1786973400000,loss,-0.046,-19.962246669487477,433.961884119293,867.923768238586,1,1307.2353372324417,841.976560485715,445
d5_w120,MRVL,1786628100000,1786973400000,win,0.04910750576569534,21.573495407302435,439.31156899385564,439.31156899385564,2,1274.355259879426,1302.8616248868732,775
d5_w120,ARM,1786974300000,1787059800000,loss,-0.046,-19.977211581598723,434.2872082956244,1302.8616248868732,0,1302.8616248868732,848.59720500965,375
d5_w120,INTC,1786974300000,1787059800000,loss,-0.046,-19.977211581598723,434.2872082956244,868.5744165912488,1,1302.8616248868732,1262.9072017236758,375
d5_w120,HPE,1786974900000,1787064900000,loss,-0.046,-19.977211581598723,434.2872082956244,434.2872082956244,2,1302.8616248868732,1242.929990142077,450
d5_w120,INTC,1787060400000,1787146500000,loss,-0.046,-19.05825984884518,414.30999671402566,414.30999671402566,2,1262.9072017236756,1223.8717302932318,385
d5_w120,ARM,1787146500000,1787148000000,loss,-0.046,-18.1815798957983,395.2517368651805,395.2517368651805,2,1223.8717302932318,791.3801536834078,25
d5_w120,SNDK,1787066400000,1787148300000,loss,-0.046,-19.05825984884518,414.30999671402566,414.30999671402566,2,1242.929990142077,1186.6318905485882,315
d5_w120,IBM,1787060100000,1787232900000,timeout,0.009074511630670306,3.7596608838844023,414.30999671402566,828.6199934280513,1,1262.9072017236758,1190.3915514324726,780
d5_w120,ARM,1787149200000,1787322000000,timeout,-0.010673520016701516,-4.121696596590014,386.1609469172813,772.3218938345626,1,1186.6318905485882,800.1089079186013,780
d5_w120,HPE,1787149800000,1787322600000,timeout,0.0059908116185774015,2.3134174874329,386.1609469172813,386.1609469172813,2,1186.6318905485882,1188.5832723233154,780
d5_w120,AMD,1787322600000,1787578200000,timeout,-0.02037154017931663,-7.848274530544546,385.2568073627027,770.5136147254054,1,1188.5832723233154,377.4085328321582,330
d5_w120,ARM,1787322600000,1787578200000,loss,-0.046,-17.721813138684325,385.2568073627027,385.2568073627027,2,1188.5832723233157,744.9435270561765,330
d5_w120,AVGO,1787232900000,1787578200000,timeout,-0.011030307693565939,-4.611436960648705,418.06965759791007,418.06965759791007,2,1190.3915514324726,1158.401747693438,775
d5_w120,MRVL,1787579400000,1787664600000,win,0.0778809103634388,30.072460892321168,386.1339158978127,772.2678317956254,1,1158.401747693438,1188.4742085857592,370
d5_w120,DELL,1787579400000,1787665200000,win,0.0467688441766756,18.05903694395436,386.13391589781264,1158.401747693438,0,1158.401747693438,1206.5332455297134,380
d5_w120,INTC,1787665500000,1787751000000,loss,-0.046,-18.592875830721283,404.192952841767,404.192952841767,2,1206.5332455297134,1187.9403696989923,375
d5_w120,AVGO,1787579700000,1787752500000,timeout,-0.029595671776981185,-11.427892636872121,386.1339158978127,386.1339158978127,2,1158.4017476934382,1176.51247706212,780
d5_w120,DELL,1787664600000,1787773800000,win,0.039211446480216246,16.32005406823105,416.20637679013385,416.20637679013385,2,1188.4742085857592,1192.8325311303513,770
d5_w120,MU,1787751600000,1787924400000,timeout,-0.02136166421913998,-8.237059367984477,385.60007701104576,385.60007701104576,2,1187.9403696989923,1184.5954717623667,780
d5_w120,MU,1787752800000,1787925600000,timeout,-0.007549025421379469,-2.828665295140847,374.7060232609406,374.7060232609406,2,1176.51247706212,1181.766806467226,780
d5_w120,AVGO,1787837700000,1788183000000,timeout,0.013823187075132864,5.978893768694698,432.5264308583649,432.5264308583649,2,1192.8325311303513,438.5053246270596,775
d5_w120,MRVL,1787925600000,1788183000000,loss,-0.046,-17.106358466426787,371.8773579657997,371.8773579657997,2,1181.766806467226,793.2763241264325,360
d5_w120,MU,1787924400000,1788183000000,timeout,0.012986893113488667,4.900773175113975,377.36301764306126,377.36301764306126,2,1184.5954717623667,1175.5401149446077,380
d5_w120,SNDK,1788183000000,1788203400000,loss,-0.046,-18.02494842915065,391.8467049815359,1175.5401149446077,0,1175.5401149446077,1157.5151665154572,340
d5_w120,ARM,1788183900000,1788269700000,loss,-0.046,-18.02494842915065,391.84670498153594,391.84670498153594,2,1175.540114944608,765.6684615339212,380
d5_w120,ARM,1788204600000,1788269700000,loss,-0.046,-17.19580080140972,373.82175655238524,373.82175655238524,2,1157.5151665154572,1122.2944172848968,35
d5_w120,AMD,1788183600000,1788356400000,timeout,-0.02799595302889634,-10.970121947190881,391.84670498153594,783.6934099630719,1,1175.5401149446077,1111.324295337706,780
d5_w120,ARM,1788356400000,1788442200000,loss,-0.046,-17.52032281957987,380.87658303434506,380.87658303434506,2,1111.324295337706,1093.803972518126,380
d5_w120,AMD,1788270600000,1788443400000,timeout,-0.028921894809369457,-10.562965949491183,365.2238561516804,730.4477123033608,1,1122.2944172848968,718.0171504169545,780
d5_w120,ARM,1788270600000,1788443400000,timeout,-0.010356616912645994,-3.782483565522281,365.2238561516804,365.2238561516804,2,1122.2944172848968,1079.4585230031125,780
d5_w120,ORCL,1788442500000,1788459900000,win,0.03762621948011847,13.671722396315793,363.3562602147652,363.3562602147652,2,1093.803972518126,1093.1302453994283,290
d5_w120,HPE,1788443700000,1788462900000,win,0.04177288256302548,14.956827863287222,358.0511313941737,716.1022627883474,1,1079.4585230031125,1108.0870732627156,320
d5_w120,AMD,1788444900000,1788531300000,win,0.03687055578707744,13.201544214695074,358.0511313941737,358.0511313941737,2,1079.4585230031125,1121.2886174774105,390
d5_w120,AVGO,1788460200000,1788874200000,timeout,0.027095830264016747,10.215886221614507,377.027982611081,377.027982611081,2,1093.1302453994283,387.24386883269545,480
d5_w120,AVGO,1788545700000,1788874200000,timeout,0.03000807315810495,11.140577449813138,371.25267560886874,371.25267560886874,2,1121.2886174774105,769.6371218913773,105
d5_w120,MRVL,1788528600000,1788874200000,win,0.06378124408200514,23.790911693930745,373.0079592574609,373.0079592574609,2,1108.0870732627156,1166.4359928427689,390
d5_w120,HPE,1788874200000,1788896700000,win,0.03641599716232525,14.15897660179877,388.8119976142563,1166.4359928427689,0,1166.4359928427689,1180.5949694445676,375
d5_w120,QCOM,1788960900000,1789047000000,loss,-0.046,-18.211008352097156,395.8914859151556,395.8914859151556,2,1180.5949694445676,1162.3839610924704,385
d5_w120,ORCL,1788897300000,1789048200000,loss,-0.046,-18.211008352097156,395.8914859151556,791.7829718303112,1,1180.5949694445676,1144.1729527403731,415
d5_w120,ORCL,1788894000000,1789064100000,loss,-0.046,-17.885351890255787,388.81199761425626,777.6239952285125,1,1166.4359928427689,1126.2876008501173,735
d5_w120,SNDK,1789064700000,1789134000000,loss,-0.046,-17.062625703304022,370.9266457240005,370.9266457240005,2,1126.2876008501173,1109.2249751468134,105
d5_w120,ARM,1789047600000,1789392600000,loss,-0.046,-17.373301967900687,377.68047756305845,377.68047756305845,2,1162.3839610924704,360.3071755951578,770
d5_w120,ARM,1789134300000,1789392600000,loss,-0.046,-16.277744920952035,353.86402002069644,353.86402002069644,2,1109.2249751468134,697.8934506949022,375
d5_w120,MRVL,1789048800000,1789392600000,loss,-0.046,-17.373301967900687,377.68047756305845,377.68047756305845,2,1144.1729527403731,1058.20062629006,750
d5_w120,AMD,1789393500000,1789565400000,win,0.04905715600246353,17.304104401938694,352.7335420966867,1058.20062629006,0,1058.20062629006,722.771188595312,765
d5_w120,INTC,1789393500000,1789565400000,win,0.05122828122140755,18.06993309075226,352.7335420966866,352.7335420966866,2,1058.20062629006,1093.5746637827508,765
d5_w120,AVGO,1789393500000,1789566300000,timeout,-0.027153213419203064,-9.57784914866278,352.7335420966866,705.4670841933732,1,1058.20062629006,1083.996814634088,780
d5_w120,MRVL,1789565400000,1789651800000,win,0.06859331190164619,25.40837306468881,370.4205608430321,740.8411216860642,1,1093.5746637827508,766.249494750753,390
d5_w120,MRVL,1789566300000,1789651800000,win,0.044160204755618666,15.15382566364094,343.15569294802384,343.15569294802384,2,1083.996814634088,1124.5590133624178,375
d5_w120,SNDK,1789565400000,1789652100000,win,0.03658632012662611,13.552325220487557,370.4205608430321,370.4205608430321,2,1093.5746637827508,1138.1113385829053,395
d5_w120,ARM,1789652100000,1789761000000,win,0.04781262785409291,18.358752707417082,383.97288606351964,383.97288606351964,2,1138.1113385829053,402.3316387709367,765
d5_w120,AVGO,1789651800000,1789761300000,timeout,0.02418349484244043,9.118851688494287,377.06922625969287,754.1384525193857,1,1124.5590133624178,788.5197167191238,775
d5_w120,TXN,1789651800000,1789761300000,timeout,-0.003368968603117079,-1.2703343844705552,377.06922625969287,377.06922625969287,2,1124.5590133624178,1164.3186085943462,775
d5_w180,ARM,1782913500000,1783000500000,win,0.041046875090221986,20.523437545110994,500.0,1000.0,1,1500.0,1520.523437545111,400
d5_w180,QCOM,1782913200000,1783003200000,loss,-0.046,-23.0,500.0,1500.0,0,1500.0,997.5234375451109,450
d5_w180,HPE,1782913500000,1783005000000,loss,-0.046,-23.0,500.0,500.0,2,1500.0,1474.523437545111,475
d5_w180,ORCL,1783000500000,1783008000000,loss,-0.046,-23.9440781270751,520.5234375451109,520.5234375451109,2,1520.523437545111,973.5793594180359,125
d5_w180,MRVL,1783006200000,1783010100000,loss,-0.046,-21.942,477.0,477.0,2,1474.523437545111,1428.6373594180359,65
d5_w180,MU,1783005900000,1783014300000,loss,-0.046,-21.942,477.0,954.0,1,1474.523437545111,1406.6953594180359,140
d5_w180,ARM,1783015500000,1783344600000,win,0.048448377375534875,22.04682171175615,455.058,455.058,2,1406.6953594180359,477.10482171175613,115
d5_w180,INTC,1783010400000,1783344600000,timeout,0.02463914505476806,11.723765469118717,475.81867970901794,951.6373594180359,1,1428.6373594180359,964.6472668898928,200
d5_w180,MU,1783010700000,1783344600000,timeout,0.02570174714334584,12.229371391961841,475.81867970901794,475.81867970901794,2,1428.6373594180359,1452.6953179908726,195
d5_w180,ARM,1783344600000,1783431000000,loss,-0.046,-22.274661542526715,484.2317726636242,1452.6953179908726,0,1452.6953179908726,946.1888837847216,390
d5_w180,MU,1783344600000,1783431000000,loss,-0.046,-22.27466154252671,484.23177266362416,484.23177266362416,2,1452.6953179908724,1408.145994905819,390
d5_w180,HPE,1783344600000,1783517400000,win,0.03959864336851338,19.1749212734099,484.23177266362416,968.4635453272483,1,1452.6953179908726,1427.320916179229,780
d5_w180,DELL,1783517700000,1783519800000,loss,-0.046,-23.156707921103568,503.40669393703405,503.40669393703405,2,1427.320916179229,1404.1642082581254,35
d5_w180,SNDK,1783520700000,1783523700000,loss,-0.046,-22.0914993567328,480.24998601593046,480.24998601593046,2,1404.1642082581254,1382.0727089013926,50
d5_w180,TXN,1783431600000,1783532700000,win,0.039841534638261906,18.40508024412261,461.95711112109745,461.95711112109745,2,1408.145994905819,1400.477789145515,635
d5_w180,AMD,1783524600000,1783603800000,win,0.07497476090516653,34.35032299394627,458.15848665919765,458.15848665919765,2,1382.0727089013926,954.4659207742413,270
d5_w180,SNDK,1783533900000,1783603800000,win,0.07993923654623236,38.39978684341086,480.36219136522004,480.36219136522004,2,1400.477789145515,1473.2278989828724,115
d5_w180,QCOM,1783431600000,1783604400000,timeout,0.023634241654239448,10.918005998130363,461.95711112109745,923.9142222421949,1,1408.145994905819,1484.1459049810028,780
d5_w180,INTC,1783603800000,1783690200000,loss,-0.046,-23.259228120820822,505.63539393088746,505.63539393088746,2,1473.2278989828724,1460.886676860182,390
d5_w180,ARM,1783603800000,1783949400000,loss,-0.046,-23.259228120820822,505.63539393088746,1011.2707878617749,1,1473.2278989828724,482.37616581006665,780
d5_w180,IBM,1783604400000,1783949400000,timeout,-0.011033537368542618,-5.217485275388967,472.8751171192278,472.8751171192278,2,1484.1459049810028,950.0337976539055,770
d5_w180,IBM,1783690200000,1783949400000,timeout,-0.019122434949400573,-9.224206851844265,482.37616581006665,482.37616581006665,2,1460.886676860182,1423.185756612128,390
d5_w180,IBM,1783949700000,1784035800000,loss,-0.046,-21.822181601385964,474.39525220404266,1423.185756612128,0,1423.185756612128,926.9683228066993,385
d5_w180,MU,1783950600000,1784035800000,win,0.0731474722602492,34.70081355098913,474.39525220404266,948.7905044080853,1,1423.185756612128,1436.064388561731,370
d5_w180,QCOM,1783950600000,1784045700000,loss,-0.046,-21.822181601385964,474.39525220404266,474.39525220404266,2,1423.185756612128,1414.2422069603451,535
d5_w180,MU,1784046300000,1784124300000,loss,-0.046,-20.81836124772221,452.5730706026567,452.5730706026567,2,1414.2422069603451,431.75470935493445,250
d5_w180,MU,1784035800000,1784124600000,loss,-0.046,-22.118390136226832,480.8345681788442,480.8345681788442,2,1436.064388561731,890.4708873975518,430
d5_w180,INTC,1784035800000,1784125500000,loss,-0.046,-22.118390136226832,480.8345681788442,961.6691363576884,1,1436.064388561731,1349.1870654401691,445
d5_w180,ORCL,1784125500000,1784209200000,loss,-0.046,-20.687535003415924,449.7290218133897,1349.1870654401691,0,1349.1870654401691,878.7705086233635,345
d5_w180,QCOM,1784127000000,1784209500000,loss,-0.046,-20.687535003415928,449.72902181338975,449.72902181338975,2,1349.1870654401691,1307.8119954333374,325
d5_w180,SNDK,1784210400000,1784216700000,loss,-0.046,-19.735908393258793,429.0414868099738,429.0414868099738,2,1307.8119954333374,1288.0760870400786,105
d5_w180,AVGO,1784210400000,1784295000000,loss,-0.046,-19.735908393258793,429.0414868099738,858.0829736199476,1,1307.8119954333374,409.305578416715,360
d5_w180,DELL,1784127000000,1784295000000,loss,-0.046,-20.687535003415928,449.72902181338975,899.4580436267795,1,1349.1870654401691,838.3470652266888,700
d5_w180,QCOM,1784216700000,1784295000000,loss,-0.046,-18.82805660716889,409.305578416715,409.305578416715,2,1288.0760870400786,1228.8245870362348,255
d5_w180,SNDK,1784295900000,1784296800000,win,0.04966764559074522,20.344274694036518,409.6081956787449,409.6081956787449,2,1228.8245870362348,1249.1688617302711,15
d5_w180,SNDK,1784296800000,1784303700000,win,0.0505925101238185,21.752374710095715,429.9524703727814,429.9524703727814,2,1249.1688617302711,1270.921236440367,115
d5_w180,HPE,1784295900000,1784310900000,win,0.03976540714126121,16.288236669562682,409.60819567874495,1228.8245870362348,0,1228.8245870362348,1287.2094731099296,250
d5_w180,DELL,1784303700000,1784554200000,timeout,0.008350573622714302,3.7719945646013238,451.7048450828771,451.7048450828771,2,1270.921236440367,455.4768396474784,245
d5_w180,MRVL,1784313300000,1784554200000,timeout,0.024707578545367877,10.522869554437767,425.89643234830766,425.89643234830766,2,1287.2094731099296,891.8961415502239,85
d5_w180,QCOM,1784295900000,1784554200000,win,0.03657306184690779,14.980625873559045,409.6081956787449,819.2163913574898,1,1228.8245870362348,1316.484963102528,375
d5_w180,ARM,1784554200000,1784643900000,win,0.03948840690862521,17.32863130402636,438.828321034176,1316.484963102528,0,1316.484963102528,1333.8135944065543,445
d5_w180,AMD,1784554500000,1784659800000,win,0.04159792543522057,18.254347777242685,438.82832103417593,877.6566420683519,1,1316.484963102528,1352.067942183797,705
d5_w180,AVGO,1784554500000,1784727300000,timeout,0.006255214196271735,2.744965143459068,438.82832103417593,438.82832103417593,2,1316.4849631025277,1354.812907327256,780
d5_w180,AMD,1784643900000,1784734200000,win,0.03775133794610564,17.22053526418508,456.15695233820236,456.15695233820236,2,1333.8135944065543,473.3774876023874,455
d5_w180,IBM,1784732700000,1784813400000,loss,-0.046,-20.31237116417121,441.573286177635,441.573286177635,2,1354.812907327256,894.6384026158513,295
d5_w180,ORCL,1784663100000,1784813400000,loss,-0.046,-21.025802765325256,457.0826688114186,457.0826688114186,2,1352.067942183797,1330.6952686619445,405
d5_w180,ORCL,1784814300000,1784900400000,loss,-0.046,-20.403994119483148,443.56508955398147,887.1301791079629,1,1330.6952686619445,1310.2912745424612,385
d5_w180,ARM,1784814000000,1784903400000,loss,-0.046,-20.40399411948315,443.5650895539815,1330.6952686619445,0,1330.6952686619445,1289.8872804229782,440
d5_w180,AMD,1784901900000,1785159000000,timeout,-0.017666615804036494,-7.475824496256503,423.1610954344983,423.1610954344983,2,1310.2912745424612,415.6852709382418,355
d5_w180,ARM,1784904600000,1785159000000,loss,-0.046,-19.465410389986925,423.16109543449835,423.16109543449835,2,1289.8872804229782,819.3809559827532,310
d5_w180,TXN,1784814900000,1785159000000,timeout,-0.01258101410295553,-5.580498647257373,443.56508955398147,443.56508955398147,2,1330.6952686619443,1257.3655468894774,755
d5_w180,MRVL,1785159000000,1785161700000,loss,-0.046,-19.279605052305318,419.1218489631591,838.2436979263182,1,1257.3655468894774,1238.085941837172,45
d5_w180,ARM,1785163800000,1785245400000,loss,-0.046,-18.392743219899273,399.84224391085377,399.84224391085377,2,1238.085941837172,1219.6931986172726,310
d5_w180,QCOM,1785159000000,1785263100000,loss,-0.046,-19.279605052305318,419.1218489631591,419.1218489631591,2,1257.3655468894772,1200.4135935649674,685
d5_w180,AVGO,1785159000000,1785331800000,timeout,-0.02297502225741787,-9.629333808498712,419.12184896315915,1257.3655468894774,0,1257.3655468894774,790.942015845615,780
d5_w180,SNDK,1785263700000,1785333000000,loss,-0.046,-18.392743219899273,399.84224391085377,399.84224391085377,2,1200.4135935649674,1172.3915165365693,105
d5_w180,QCOM,1785246900000,1785335100000,loss,-0.046,-17.546677031783908,381.4495006909545,381.4495006909545,2,1219.6931986172726,1154.8448395047853,420
d5_w180,AMD,1785336600000,1785418200000,win,0.06257621991845186,22.771663122241865,363.90282365917056,363.90282365917056,2,1154.8448395047853,1177.6165026270273,310
d5_w180,ARM,1785418200000,1785419400000,loss,-0.046,-17.787026391944973,386.67448678141244,386.67448678141244,2,1177.6165026270273,1159.8294762350824,20
d5_w180,ORCL,1785333600000,1785419700000,win,0.04571974927435974,18.08083532750909,395.4710079228074,790.9420158456148,1,1172.3915165365693,1177.9103115625915,385
d5_w180,AMD,1785419400000,1785504600000,win,0.061393518868017034,22.64729925959566,368.8874603894675,368.8874603894675,2,1159.8294762350824,391.5347596490632,370
d5_w180,DELL,1785419700000,1785504600000,win,0.04177436752028308,17.275866688629222,413.5518432503165,413.5518432503165,2,1177.9103115625915,822.3624695880088,365
d5_w180,HPE,1785333900000,1785504600000,win,0.07336004248617023,29.011769943265715,395.4710079228074,395.4710079228074,2,1172.3915165365693,1246.845247454082,745
d5_w180,MRVL,1785504600000,1785505500000,loss,-0.046,-19.118293794295923,415.61508248469397,415.61508248469397,2,1246.8452474540818,1227.726953659786,15
d5_w180,HPE,1785504600000,1785506400000,loss,-0.046,-19.118293794295923,415.61508248469397,831.2301649693879,1,1246.845247454082,396.49678869039803,30
d5_w180,ARM,1785504600000,1785507000000,loss,-0.046,-19.118293794295926,415.615082484694,1246.845247454082,0,1246.845247454082,792.9935773807962,40
d5_w180,ARM,1785506100000,1785507000000,loss,-0.046,-18.23885227975831,396.49678869039803,396.49678869039803,2,1227.726953659786,1171.251513791436,15
d5_w180,AMD,1785507900000,1785763800000,loss,-0.046,-17.95918987813535,390.417171263812,1171.251513791436,0,1171.251513791436,372.45798138567665,335
d5_w180,DELL,1785508500000,1785763800000,loss,-0.046,-17.959189878135355,390.41717126381207,390.41717126381207,2,1171.251513791436,744.9159627713533,325
d5_w180,QCOM,1785507900000,1785763800000,timeout,-0.027309480276968105,-10.662090038418755,390.41717126381207,780.8343425276241,1,1171.251513791436,1124.6710439967467,335
d5_w180,SNDK,1785764400000,1785767100000,win,0.03623270691921921,13.583292105888805,374.89034799891556,374.89034799891556,2,1124.6710439967467,1138.2543361026355,45
d5_w180,MRVL,1785764400000,1785767700000,win,0.03715989242991325,13.930885004652447,374.89034799891556,749.7806959978311,1,1124.6710439967467,1152.185221107288,55
d5_w180,INTC,1785764400000,1785781500000,win,0.03946128181474951,14.793653672014722,374.89034799891556,1124.6710439967467,0,1124.6710439967467,1166.9788747793027,285
d5_w180,AMD,1785767100000,1785850200000,win,0.05828609761428139,22.642612507723847,388.47364010480436,388.47364010480436,2,1138.2543361026355,800.8002542834586,335
d5_w180,QCOM,1785767700000,1785850200000,win,0.049318185141007394,19.17595755602474,388.821233003568,388.821233003568,2,1152.185221107288,1208.7974448430512,325
d5_w180,QCOM,1785783900000,1785852000000,win,0.039011631405982745,15.202208637994696,389.6840016709303,389.6840016709303,2,1166.9788747793027,1223.999653481046,85
d5_w180,ARM,1785850500000,1785866400000,win,0.0482895556338916,19.777312092264317,409.55672158606046,409.55672158606046,2,1208.7974448430514,429.3340336783248,265
d5_w180,AMD,1785850500000,1785936600000,loss,-0.046,-18.839609192958783,409.55672158606046,819.1134431721209,1,1208.7974448430512,820.0511460714265,385
d5_w180,MU,1785852600000,1785937800000,win,0.038993588175596734,15.78796614276427,404.886210308925,404.886210308925,2,1223.999653481046,1240.7253225231157,370
d5_w180,SNDK,1786023600000,1786028700000,win,0.043020623822865874,17.792259122590295,413.5751075077052,413.5751075077052,2,1240.7253225231157,1258.5175816457058,85
d5_w180,DELL,1786023600000,1786111800000,loss,-0.046,-19.024454945354442,413.57510750770524,1240.7253225231157,0,1240.7253225231157,1239.4931267003515,420
d5_w180,DELL,1786112700000,1786131300000,win,0.046258946152396126,18.25149739127454,394.5506525623508,394.5506525623508,2,1239.4931267003515,1257.744624091626,310
d5_w180,AMD,1786029000000,1786368600000,loss,-0.046,-19.84289886499359,431.36736663029546,431.36736663029546,2,1258.5175816457058,411.5244677653019,680
d5_w180,DELL,1786132200000,1786368600000,timeout,-0.004167243915841995,-1.7202472478407402,412.80214995362536,412.80214995362536,2,1257.744624091626,822.6063704710866,10
d5_w180,ORCL,1786023600000,1786368600000,timeout,0.016602855593113926,6.866527786856996,413.5751075077052,827.1502150154104,1,1240.7253225231157,1243.048005765649,770
d5_w180,DELL,1786369800000,1786455000000,loss,-0.046,-19.060069421739946,414.34933525521626,414.34933525521626,2,1243.0480057656487,1223.9879363439088,370
d5_w180,SNDK,1786369500000,1786541400000,win,0.08340169485315818,34.55743682156449,414.34933525521626,828.6986705104325,1,1243.048005765649,863.2561073319971,765
d5_w180,SNDK,1786455300000,1786541400000,win,0.06128406173030055,24.224931768663946,395.2892658334763,395.2892658334763,2,1223.9879363439088,1282.7703049341374,385
d5_w180,AMD,1786369500000,1786542300000,timeout,0.010806425719995577,4.47763531356504,414.3493352552163,1243.048005765649,0,1243.048005765649,1287.2479402477024,780
d5_w180,DELL,1786541400000,1786563300000,win,0.036263550032194176,15.746013641479067,434.2104848394605,868.420969678921,1,1282.7703049341374,1302.9939538891813,365
d5_w180,MU,1786542300000,1786634400000,win,0.04175913506405294,17.489852032449864,418.82697056878135,418.82697056878135,2,1287.2479402477024,1320.4838059216313,485
d5_w180,MRVL,1786541400000,1786714200000,timeout,-0.022371593880619704,-9.71398062553539,434.2104848394605,434.2104848394605,2,1282.7703049341371,1310.7698252960959,780
d5_w180,ARM,1786715100000,1786973400000,timeout,-0.013791444139223502,-5.854419825162002,424.4965042139251,424.4965042139251,2,1310.7698252960959,418.6420843887631,375
d5_w180,HPE,1786647900000,1786973400000,loss,-0.046,-20.070573839656635,436.3168226012312,436.3168226012312,2,1320.4838059216313,834.8883331503378,445
d5_w180,MRVL,1786628100000,1786973400000,win,0.04910750576569534,22.09624134346483,449.95649848093956,449.95649848093956,2,1302.9939538891813,1306.9410729747422,775
d5_w180,ARM,1786974300000,1787059800000,loss,-0.046,-20.039763118946045,435.647024324914,871.294048649828,1,1306.9410729747422,415.607261205968,375
d5_w180,INTC,1786974300000,1787059800000,loss,-0.046,-20.039763118946045,435.647024324914,435.647024324914,2,1306.941072974742,831.214522411936,375
d5_w180,MRVL,1786973700000,1787059800000,loss,-0.046,-20.03976311894605,435.64702432491407,1306.9410729747422,0,1306.9410729747422,1246.821783617904,385
d5_w180,DELL,1787061600000,1787064900000,loss,-0.046,-19.11793401547453,415.60726120596803,415.60726120596803,2,1246.8217836179042,1227.7038496024295,55
d5_w180,INTC,1787060400000,1787146500000,loss,-0.046,-19.11793401547453,415.60726120596803,831.2145224119361,1,1246.821783617904,1208.585915586955,385
d5_w180,ARM,1787146500000,1787148000000,loss,-0.046,-18.2385090507627,396.4893271904935,396.4893271904935,2,1208.585915586955,793.8580793456988,25
d5_w180,SNDK,1787066400000,1787148300000,loss,-0.046,-18.2385090507627,396.4893271904935,396.4893271904935,2,1227.7038496024295,1172.1088974854297,315
d5_w180,IBM,1787060100000,1787232900000,timeout,0.009074511630670306,3.7714329256045884,415.607261205968,1246.821783617904,0,1246.821783617904,1175.8803304110343,780
d5_w180,ARM,1787149200000,1787322000000,timeout,-0.010673520016701516,-4.037267678748142,378.2508181397308,756.5016362794616,1,1172.1088974854297,793.5922445925553,780
d5_w180,HPE,1787149800000,1787322600000,timeout,0.0059908116185774015,2.266029396047907,378.2508181397308,378.2508181397308,2,1172.1088974854297,1174.109092128334,780
d5_w180,AMD,1787322600000,1787578200000,timeout,-0.02037154017931663,-7.687510313671328,377.36519899838066,754.7303979967613,1,1174.109092128334,369.6776886847093,330
d5_w180,ARM,1787322600000,1787578200000,loss,-0.046,-17.35879915392551,377.36519899838066,377.36519899838066,2,1174.109092128334,729.6840885291645,330
d5_w180,AVGO,1787232900000,1787578200000,timeout,-0.011030307693565939,-4.625876036397122,419.37869413157256,419.37869413157256,2,1175.8803304110343,1144.4369066243398,775
d5_w180,MRVL,1787579400000,1787664600000,win,0.0778809103634388,29.709929380473802,381.47896887478,762.95793774956,1,1144.4369066243398,1174.1468360048138,370
d5_w180,DELL,1787579400000,1787665200000,win,0.0467688441766756,17.841330451983463,381.4789688747799,1144.4369066243398,0,1144.4369066243398,1191.9881664567972,380
d5_w180,INTC,1787665500000,1787751000000,loss,-0.046,-18.368733769031117,399.3202993267634,399.3202993267634,2,1191.9881664567972,1173.619432687766,375
d5_w180,AVGO,1787579700000,1787752500000,timeout,-0.029595671776981185,-11.29012635263921,381.47896887478,381.47896887478,2,1144.4369066243398,1162.3293063351268,780
d5_w180,DELL,1787664600000,1787773800000,win,0.039211446480216246,16.123311477194967,411.1888982552538,411.1888982552538,2,1174.1468360048138,1178.452617812322,770
d5_w180,MU,1787751600000,1787924400000,timeout,-0.02136166421913998,-8.137759427199969,380.9515655577323,380.9515655577323,2,1173.619432687766,1170.3148583851219,780
d5_w180,MU,1787752800000,1787925600000,timeout,-0.007549025421379469,-2.7945649829106816,370.18884252214076,370.18884252214076,2,1162.3293063351268,1167.5202934022113,780
d5_w180,AVGO,1787837700000,1788183000000,timeout,0.013823187075132864,5.906816614620049,427.31220973244876,427.31220973244876,2,1178.452617812322,433.2190263470688,775
d5_w180,MRVL,1787925600000,1788183000000,loss,-0.046,-16.900136766804582,367.3942775392301,367.3942775392301,2,1167.5202934022113,783.7131671194942,360
d5_w180,MU,1787924400000,1788183000000,timeout,0.012986893113488667,4.841693051450109,372.8138061305323,372.8138061305323,2,1170.3148583851219,1161.3686663014767,380
d5_w180,SNDK,1788183000000,1788203400000,loss,-0.046,-17.807652883289308,387.1228887671589,774.2457775343178,1,1161.3686663014767,1143.5610134181875,340
d5_w180,ARM,1788204600000,1788269700000,loss,-0.046,-16.988500850658003,369.3152358838696,369.3152358838696,2,1143.5610134181875,739.4496238003705,35
d5_w180,HPE,1788183000000,1788270000000,loss,-0.046,-17.807652883289308,387.1228887671589,1161.3686663014767,0,1161.3686663014767,1108.76485968424,400
d5_w180,AMD,1788183600000,1788356400000,timeout,-0.02799595302889634,-10.837874210336043,387.1228887671589,387.1228887671589,2,1161.3686663014767,1097.926985473904,780
d5_w180,HPE,1788356400000,1788442200000,loss,-0.046,-17.30911066961385,376.28501455682283,376.28501455682283,2,1097.926985473904,1080.6178748042903,380
d5_w180,AMD,1788270600000,1788443400000,timeout,-0.028921894809369457,-10.435626586444938,360.82098545854063,721.6419709170813,1,1108.76485968424,709.3612627593047,780
d5_w180,ARM,1788270600000,1788443400000,timeout,-0.010356616912645994,-3.736884720437516,360.82098545854063,360.82098545854063,2,1108.7648596842403,1066.4453634974077,780
d5_w180,ORCL,1788442500000,1788459900000,win,0.03762621948011847,13.506906147734037,358.975903887209,358.975903887209,2,1080.6178748042903,1079.9522696451418,290
d5_w180,HPE,1788443700000,1788462900000,win,0.04177288256302548,14.776519326611965,353.7347298050994,707.4694596101988,1,1066.4453634974077,1094.7287889717536,320
d5_w180,AMD,1788444900000,1788531300000,win,0.03687055578707744,13.042396089105681,353.7347298050994,353.7347298050994,2,1066.445363497408,1107.7711850608594,390
d5_w180,AVGO,1788460200000,1788874200000,timeout,0.027095830264016747,10.09273099697081,372.482810034943,372.482810034943,2,1079.9522696451418,382.5755410319138,480
d5_w180,AVGO,1788545700000,1788874200000,timeout,0.03000807315810495,11.006274826552776,366.7771258942051,366.7771258942051,2,1107.7711850608594,760.3589417526716,105
d5_w180,MRVL,1788528600000,1788874200000,win,0.06378124408200514,23.504105927834285,368.51124913171134,368.51124913171134,2,1094.7287889717536,1152.3742968122172,390
d5_w180,HPE,1788874200000,1788896700000,win,0.03641599716232525,13.98828637421675,384.12476560407237,1152.3742968122172,0,1152.3742968122172,1166.362583186434,375
d5_w180,QCOM,1788960900000,1789047000000,loss,-0.046,-17.991469804394317,391.1189087911808,391.1189087911808,2,1166.362583186434,1148.3711133820398,385
d5_w180,ORCL,1788897300000,1789048200000,loss,-0.046,-17.991469804394317,391.1189087911808,782.2378175823616,1,1166.362583186434,1130.3796435776453,415
d5_w180,ORCL,1788894000000,1789064100000,loss,-0.046,-17.66973921778733,384.1247656040724,768.2495312081448,1,1152.3742968122172,1112.709904359858,735
d5_w180,SNDK,1789064700000,1789134000000,loss,-0.046,-16.856931213769116,366.4550263862851,366.4550263862851,2,1112.709904359858,1095.852973146089,105
d5_w180,ORCL,1789134000000,1789136400000,loss,-0.046,-16.081512377935734,349.59809517251597,349.59809517251597,2,1095.852973146089,1079.7714607681532,40
d5_w180,ARM,1789047600000,1789392600000,loss,-0.046,-17.163862193392177,373.12743898678644,373.12743898678644,2,1148.3711133820398,355.9635767933943,770
d5_w180,MRVL,1789048800000,1789392600000,loss,-0.046,-17.163862193392177,373.12743898678644,373.12743898678644,2,1130.3796435776453,711.9271535867884,750
d5_w180,ORCL,1789137300000,1789392600000,loss,-0.046,-15.34176280855069,333.51658279458024,333.51658279458024,2,1079.7714607681532,1030.101973572818,325
d5_w180,AMD,1789393500000,1789565400000,win,0.04905715600246353,16.844624405335765,343.36732452427265,1030.101973572818,0,1030.101973572818,703.5792734538811,765
d5_w180,INTC,1789393500000,1789565400000,win,0.05122828122140755,17.590117862971752,343.3673245242727,343.3673245242727,2,1030.1019735728182,1064.5367158411254,765
d5_w180,AVGO,1789393500000,1789566300000,timeout,-0.027153213419203064,-9.323526243988335,343.3673245242727,686.7346490485454,1,1030.101973572818,1055.2131895971372,780
d5_w180,MRVL,1789565400000,1789651800000,win,0.06859331190164619,24.73369849625861,360.5846956584264,721.1693913168529,1,1064.5367158411254,745.9030898131115,390
d5_w180,MRVL,1789566300000,1789651800000,win,0.044160204755618666,14.751442529401936,334.04379828028436,334.04379828028436,2,1055.2131895971372,1094.6983306227978,375
d5_w180,SNDK,1789565400000,1789652100000,win,0.03658632012662611,13.192467108121237,360.5846956584264,360.5846956584264,2,1064.5367158411254,1107.890797730919,395
d5_w180,HPE,1789652100000,1789654500000,win,0.037536105528570125,14.030139025774666,373.7771627665477,373.7771627665477,2,1107.890797730919,1121.9209367566937,40
d5_w180,AVGO,1789651800000,1789761300000,timeout,0.02418349484244043,8.876716652463037,367.0568174821857,734.1136349643714,1,1094.6983306227978,375.9335341346487,775
d5_w180,ORCL,1789654500000,1789761300000,timeout,-0.022555632973377697,-8.747239163623542,387.80730179232233,387.80730179232233,2,1121.9209367566937,754.9935967633475,730
d5_w180,TXN,1789651800000,1789761300000,timeout,-0.003368968603117079,-1.2366028936575597,367.0568174821857,367.0568174821857,2,1094.6983306227978,1120.8138113518755,775
d5_w240,ARM,1782913500000,1783000500000,win,0.041046875090221986,20.523437545110994,500.0,1000.0,1,1500.0,1520.523437545111,400
d5_w240,QCOM,1782913200000,1783003200000,loss,-0.046,-23.0,500.0,1500.0,0,1500.0,997.5234375451109,450
d5_w240,HPE,1782913500000,1783005000000,loss,-0.046,-23.0,500.0,500.0,2,1500.0,1474.523437545111,475
d5_w240,ORCL,1783000500000,1783008000000,loss,-0.046,-23.9440781270751,520.5234375451109,520.5234375451109,2,1520.523437545111,973.5793594180359,125
d5_w240,MRVL,1783006200000,1783010100000,loss,-0.046,-21.942,477.0,477.0,2,1474.523437545111,1428.6373594180359,65
d5_w240,MU,1783005900000,1783014300000,loss,-0.046,-21.942,477.0,954.0,1,1474.523437545111,1406.6953594180359,140
d5_w240,ARM,1783015500000,1783344600000,win,0.048448377375534875,22.04682171175615,455.058,455.058,2,1406.6953594180359,477.10482171175613,115
d5_w240,INTC,1783010400000,1783344600000,timeout,0.02463914505476806,11.723765469118717,475.81867970901794,951.6373594180359,1,1428.6373594180359,964.6472668898928,200
d5_w240,MU,1783010700000,1783344600000,timeout,0.02570174714334584,12.229371391961841,475.81867970901794,475.81867970901794,2,1428.6373594180359,1452.6953179908726,195
d5_w240,DELL,1783344600000,1783347600000,win,0.045131846542159966,21.854274054692777,484.23177266362416,968.4635453272483,1,1452.6953179908726,1474.5495920455653,50
d5_w240,SNDK,1783348500000,1783358100000,loss,-0.046,-23.279958149042578,506.08604671831694,506.08604671831694,2,1474.5495920455653,1451.2696338965227,160
d5_w240,ARM,1783344600000,1783431000000,loss,-0.046,-22.274661542526715,484.2317726636242,1452.6953179908726,0,1452.6953179908726,946.1888837847216,390
d5_w240,SNDK,1783361100000,1783431000000,loss,-0.046,-22.20908007418662,482.8060885692744,482.8060885692744,2,1451.2696338965227,1406.7858922798096,115
d5_w240,HPE,1783344600000,1783517400000,win,0.03959864336851338,19.1749212734099,484.23177266362416,484.23177266362416,2,1452.6953179908724,1425.9608135532194,780
d5_w240,DELL,1783517700000,1783519800000,loss,-0.046,-23.156707921103568,503.40669393703405,503.40669393703405,2,1425.9608135532194,1402.8041056321158,35
d5_w240,SNDK,1783520700000,1783523700000,loss,-0.046,-22.0914993567328,480.24998601593046,480.24998601593046,2,1402.8041056321158,1380.712606275383,50
d5_w240,AMD,1783524600000,1783603800000,win,0.07497476090516653,34.35032299394627,458.15848665919765,458.15848665919765,2,1380.712606275383,953.7858694612366,270
d5_w240,HPE,1783431600000,1783603800000,win,0.05761228661332996,26.57522617781798,461.27705980809264,922.5541196161853,1,1406.7858922798096,1441.6381554471473,770
d5_w240,QCOM,1783431600000,1783604400000,timeout,0.023634241654239448,10.901933501061524,461.27705980809264,461.27705980809264,2,1406.7858922798096,1452.540088948209,780
d5_w240,INTC,1783603800000,1783690200000,loss,-0.046,-22.548305199698255,490.1805478195273,490.1805478195273,2,1441.6381554471473,1429.9917837485104,390
d5_w240,ARM,1783603800000,1783949400000,loss,-0.046,-22.548305199698255,490.1805478195273,980.3610956390546,1,1441.6381554471473,467.63224261982907,780
d5_w240,IBM,1783604400000,1783949400000,timeout,-0.011033537368542618,-5.209804567317387,472.1789933091542,472.1789933091542,2,1452.540088948209,934.6014313616658,770
d5_w240,IBM,1783690200000,1783949400000,timeout,-0.019122434949400573,-8.942267139739988,467.63224261982907,467.63224261982907,2,1429.9917837485104,1393.2914068417551,390
d5_w240,IBM,1783949700000,1784035800000,loss,-0.046,-21.36380157157358,464.4304689472517,1393.2914068417551,0,1393.2914068417551,907.4971363229299,385
d5_w240,MU,1783950600000,1784035800000,win,0.0731474722602492,33.97191484413362,464.4304689472517,928.8609378945034,1,1393.2914068417551,1405.8995201143152,370
d5_w240,QCOM,1783950600000,1784045700000,loss,-0.046,-21.36380157157358,464.4304689472517,464.4304689472517,2,1393.2914068417551,1384.5357185427417,535
d5_w240,MU,1784046300000,1784124300000,loss,-0.046,-20.381066699281195,443.06666737567815,443.06666737567815,2,1384.5357185427417,893.4201262599288,250
d5_w240,INTC,1784035800000,1784125500000,loss,-0.046,-21.65378817684246,470.73452558353176,470.73452558353176,2,1405.8995201143152,1342.500863666618,445
d5_w240,HPE,1784035800000,1784126400000,loss,-0.046,-21.65378817684246,470.73452558353176,941.4690511670635,1,1405.8995201143152,1320.8470754897758,460
d5_w240,ORCL,1784125500000,1784209200000,loss,-0.046,-20.050625775910987,435.88316904154317,871.7663380830863,1,1342.500863666618,858.3144964897484,345
d5_w240,QCOM,1784127000000,1784209500000,loss,-0.046,-20.354169848309347,442.48195322411624,442.48195322411624,2,1320.8470754897758,1280.4422798655553,325
d5_w240,SNDK,1784210400000,1784216700000,loss,-0.046,-19.2730875127531,418.98016332071956,418.98016332071956,2,1280.4422798655553,1261.1691923528024,105
d5_w240,AVGO,1784210400000,1784295000000,loss,-0.046,-19.2730875127531,418.98016332071956,837.9603266414391,1,1280.4422798655553,399.7070758079665,360
d5_w240,DELL,1784127000000,1784295000000,loss,-0.046,-20.354169848309347,442.48195322411624,884.9639064482325,1,1320.8470754897758,821.8348591837735,700
d5_w240,QCOM,1784216700000,1784295000000,loss,-0.046,-18.38652548716646,399.7070758079665,399.7070758079665,2,1261.1691923528024,1203.1554095045735,255
d5_w240,SNDK,1784295900000,1784296800000,win,0.04966764559074522,19.919298823287033,401.0518031681912,401.0518031681912,2,1203.1554095045735,1223.0747083278607,15
d5_w240,SNDK,1784296800000,1784303700000,win,0.0505925101238185,21.29798473933889,420.97110199147824,420.97110199147824,2,1223.0747083278607,1244.3726930671996,115
d5_w240,HPE,1784295900000,1784310900000,win,0.03976540714126121,15.947988237720072,401.05180316819116,1203.1554095045735,0,1203.1554095045735,1260.3206813049196,250
d5_w240,DELL,1784303700000,1784554200000,timeout,0.008350573622714302,3.6932005697963057,442.26908673081715,442.26908673081715,2,1244.3726930671996,445.96228730061347,245
d5_w240,MRVL,1784313300000,1784554200000,timeout,0.024707578545367877,10.303055099563572,416.99979140591125,416.99979140591125,2,1260.3206813049196,873.2651338060883,85
d5_w240,QCOM,1784295900000,1784554200000,win,0.03657306184690779,14.667692401084148,401.0518031681912,802.1036063363824,1,1203.1554095045735,1288.9846293753637,375
d5_w240,ARM,1784554200000,1784643900000,win,0.03948840690862521,16.966649847912606,429.6615431251212,1288.9846293753637,0,1288.9846293753637,1305.9512792232763,445
d5_w240,AMD,1784554500000,1784659800000,win,0.04159792543522057,17.8730288333006,429.6615431251213,859.3230862502426,1,1288.9846293753637,1323.8243080565771,705
d5_w240,AVGO,1784554500000,1784727300000,timeout,0.006255214196271735,2.687624984148279,429.6615431251213,429.6615431251213,2,1288.984629375364,1326.5119330407254,780
d5_w240,AMD,1784643900000,1784734200000,win,0.03775133794610564,16.860811849183484,446.62819297303383,446.62819297303383,2,1305.9512792232763,463.48900482221734,455
d5_w240,IBM,1784732700000,1784813400000,loss,-0.046,-19.8880617330264,432.34916810926956,432.34916810926956,2,1326.5119330407254,875.9501111984606,295
d5_w240,ORCL,1784663100000,1784813400000,loss,-0.046,-20.586590310087406,447.5345719584219,447.5345719584219,2,1323.8243080565771,1302.8980928467952,405
d5_w240,ORCL,1784814300000,1784900400000,loss,-0.046,-19.977770756984192,434.29936428226506,868.5987285645301,1,1302.8980928467952,1282.920322089811,385
d5_w240,ARM,1784814000000,1784903400000,loss,-0.046,-19.977770756984192,434.29936428226506,1302.8980928467952,0,1302.8980928467952,1262.9425513328267,440
d5_w240,AMD,1784901900000,1785159000000,timeout,-0.017666615804036494,-7.319660412127312,414.3215935252809,414.3215935252809,2,1282.920322089811,407.0019331131536,355
d5_w240,ARM,1784904600000,1785159000000,loss,-0.046,-19.058793302162922,414.3215935252809,414.3215935252809,2,1262.9425513328267,802.2647333362715,310
d5_w240,TXN,1784814900000,1785159000000,timeout,-0.01258101410295553,-5.463926426939798,434.29936428226506,434.29936428226506,2,1302.8980928467952,1231.1001711915967,755
d5_w240,INTC,1785159300000,1785160800000,loss,-0.046,-18.876869291604486,410.36672373053227,410.36672373053227,2,1231.100171191597,801.85657816946,25
d5_w240,MRVL,1785159000000,1785161700000,loss,-0.046,-18.876869291604486,410.36672373053227,820.7334474610645,1,1231.1001711915967,1193.3464326083879,45
d5_w240,ARM,1785163800000,1785245400000,loss,-0.046,-18.008533304190678,391.4898544389278,782.9797088778556,1,1193.3464326083879,1175.3378993041972,310
d5_w240,AVGO,1785159000000,1785331800000,timeout,-0.02297502225741787,-9.428184611412627,410.3667237305322,1231.1001711915967,0,1231.1001711915967,1165.9097146927845,780
d5_w240,QCOM,1785246900000,1785335100000,loss,-0.046,-17.18014077219791,373.48132113473713,373.48132113473713,2,1175.3378993041972,757.2397194816588,420
d5_w240,AVGO,1785163800000,1785336600000,timeout,-0.019923114716581362,-7.799697280364498,391.4898544389278,391.4898544389278,2,1193.3464326083879,1140.9298766402221,780
d5_w240,MRVL,1785336600000,1785351600000,win,0.037217257916733366,13.770224232335684,369.99566876055127,369.99566876055127,2,1140.9298766402221,784.7044321120065,250
d5_w240,AMD,1785336600000,1785418200000,win,0.06257621991845186,23.152930337234924,369.99566876055127,739.9913375211025,1,1140.9298766402221,1177.8530312097928,310
d5_w240,ARM,1785418200000,1785419400000,loss,-0.046,-17.86903331808548,388.45724604533655,776.9144920906731,1,1177.8530312097928,1159.983997891707,20
d5_w240,ORCL,1785333600000,1785419700000,win,0.04571974927435974,18.330809482954223,400.9385391191196,400.9385391191196,2,1165.9097146927845,789.8575613293249,385
d5_w240,SNDK,1785418200000,1785419700000,win,0.04733082687198321,18.38600265973921,388.45724604533655,388.45724604533655,2,1177.8530312097928,1196.7008100344005,25
d5_w240,AMD,1785419400000,1785504600000,win,0.061393518868017034,22.7517144303352,370.58821272725106,370.58821272725106,2,1159.983997891707,393.33992715758626,370
d5_w240,DELL,1785419700000,1785504600000,win,0.04177436752028308,17.255165626522242,413.0562986535748,826.1125973071496,1,1196.7008100344005,823.6513914376833,365
d5_w240,INTC,1785419700000,1785504600000,win,0.05824696896616444,24.059277408953523,413.0562986535748,413.0562986535748,2,1196.7008100344005,1260.7669675002114,365
d5_w240,MRVL,1785504600000,1785505500000,loss,-0.046,-19.331760168336576,420.2556558334038,420.2556558334038,2,1260.7669675002114,1241.4352073318748,15
d5_w240,HPE,1785504600000,1785506400000,loss,-0.046,-19.331760168336576,420.2556558334038,840.5113116668076,1,1260.7669675002114,400.9238956650672,30
d5_w240,ARM,1785504600000,1785507000000,loss,-0.046,-19.331760168336576,420.2556558334038,1260.7669675002114,0,1260.7669675002114,801.8477913301344,40
d5_w240,ARM,1785506100000,1785507000000,loss,-0.046,-18.44249920059309,400.9238956650672,400.9238956650672,2,1241.4352073318748,1184.3291877946085,15
d5_w240,AMD,1785507900000,1785763800000,loss,-0.046,-18.159714212850663,394.7763959315362,1184.3291877946085,0,1184.3291877946085,376.6166817186855,335
d5_w240,DELL,1785508500000,1785763800000,loss,-0.046,-18.159714212850663,394.7763959315362,394.7763959315362,2,1184.3291877946085,753.233363437371,325
d5_w240,QCOM,1785507900000,1785763800000,timeout,-0.027309480276968105,-10.78113819850484,394.7763959315362,789.5527918630723,1,1184.3291877946085,1137.2286211704024,335
d5_w240,SNDK,1785764400000,1785767100000,win,0.03623270691921921,13.734957110338323,379.07620705680085,379.07620705680085,2,1137.2286211704027,1150.9635782807409,45
d5_w240,MRVL,1785764400000,1785767700000,win,0.03715989242991325,14.086431076970243,379.07620705680085,758.1524141136017,1,1137.2286211704024,1165.0500093577111,55
d5_w240,INTC,1785764400000,1785781500000,win,0.03946128181474951,14.958833035934754,379.0762070568008,1137.2286211704024,0,1137.2286211704024,1180.0088423936459,285
d5_w240,AMD,1785767100000,1785850200000,win,0.05828609761428139,22.895429858625388,392.81116416713917,392.81116416713917,2,1150.9635782807409,809.7416341185001,335
d5_w240,QCOM,1785767700000,1785850200000,win,0.049318185141007394,19.390067778008216,393.1626381337711,393.1626381337711,2,1165.0500093577111,1222.2943400302793,325
d5_w240,QCOM,1785783900000,1785852000000,win,0.039011631405982745,15.371949745139432,394.0350400927355,394.0350400927355,2,1180.0088423936459,1237.6662897754188,85
d5_w240,ARM,1785850500000,1785866400000,win,0.0482895556338916,19.998136771811065,414.1296499687719,414.1296499687719,2,1222.2943400302793,434.12778674058296,265
d5_w240,AMD,1785850500000,1785936600000,loss,-0.046,-19.049963898563508,414.1296499687719,828.2592999375438,1,1222.2943400302793,829.2074728107913,385
d5_w240,MU,1785852600000,1785937800000,win,0.038993588175596734,15.964247557948813,409.40698983787496,409.40698983787496,2,1237.6662897754188,1254.578710206615,370
d5_w240,SNDK,1786023600000,1786028700000,win,0.043020623822865874,17.990919582658346,418.19290340220493,418.19290340220493,2,1254.5787102066147,1272.5696297892732,85
d5_w240,DELL,1786023600000,1786111800000,loss,-0.046,-19.23687355650143,418.192903402205,1254.578710206615,0,1254.578710206615,1253.3327562327718,420
d5_w240,DELL,1786112700000,1786131300000,win,0.046258946152396126,18.45528550180614,398.95602984570354,398.95602984570354,2,1253.3327562327718,1271.7880417345777,310
d5_w240,AMD,1786029000000,1786368600000,loss,-0.046,-20.064455857303713,436.1838229848633,436.1838229848633,2,1272.5696297892732,416.1193671275596,680
d5_w240,DELL,1786132200000,1786368600000,timeout,-0.004167243915841995,-1.7394547642855143,417.4113153475097,417.4113153475097,2,1271.7880417345777,831.7912277107838,10
d5_w240,ORCL,1786023600000,1786368600000,timeout,0.016602855593113926,6.9431963852518495,418.19290340220493,836.3858068044099,1,1254.578710206615,1256.9273274982406,770
d5_w240,DELL,1786369800000,1786455000000,loss,-0.046,-19.272885688306356,418.9757758327469,418.9757758327469,2,1256.9273274982406,1237.6544418099343,370
d5_w240,SNDK,1786369200000,1786541400000,win,0.09386673493195485,39.327888093002585,418.9757758327469,1256.9273274982406,0,1256.9273274982406,877.2794397584963,770
d5_w240,SNDK,1786455300000,1786541400000,win,0.06128406173030055,24.495416593391433,399.7028901444405,399.7028901444405,2,1237.6544418099343,1301.477746496328,385
d5_w240,AMD,1786369500000,1786542300000,timeout,0.010806425719995577,4.527630600014097,418.9757758327469,837.9515516654938,1,1256.9273274982406,1306.0053770963423,780
d5_w240,DELL,1786541400000,1786563300000,win,0.036263550032194176,16.001327183334368,441.2509853317907,882.5019706635813,1,1301.477746496328,1322.0067042796768,365
d5_w240,INTC,1786541400000,1786632600000,win,0.037063579128359565,16.35434081031145,441.2509853317907,441.2509853317907,2,1301.477746496328,914.8576386572272,470
d5_w240,MU,1786542300000,1786634400000,win,0.04175913506405294,17.685135949312173,423.503406432761,423.503406432761,2,1306.0053770963423,1356.0461810393003,485
d5_w240,ARM,1786715100000,1786973400000,timeout,-0.013791444139223502,-6.197832715213878,449.39693426208765,449.39693426208765,2,1356.0461810393003,443.19910154687375,375
d5_w240,HPE,1786647900000,1786973400000,loss,-0.046,-20.672258976056032,449.39693426208765,898.7938685241753,1,1356.0461810393003,871.9237768329054,445
d5_w240,MRVL,1786628100000,1786973400000,win,0.04910750576569534,22.45452057321403,457.252312515125,457.252312515125,2,1322.0067042796768,1351.6306099212445,775
d5_w240,ARM,1786974300000,1787059800000,loss,-0.046,-20.72500268545908,450.54353664041486,1351.6306099212445,0,1351.6306099212445,880.3620705953706,375
d5_w240,INTC,1786974300000,1787059800000,loss,-0.046,-20.72500268545908,450.5435366404148,901.0870732808296,1,1351.6306099212445,1310.1806045503263,375
d5_w240,HPE,1786974900000,1787064900000,loss,-0.046,-20.72500268545908,450.5435366404148,450.5435366404148,2,1351.6306099212443,1289.4556018648673,450
d5_w240,INTC,1787060400000,1787146500000,loss,-0.046,-19.771652561927965,429.81853395495574,429.81853395495574,2,1310.1806045503263,1269.6839493029393,385
d5_w240,ARM,1787146500000,1787148000000,loss,-0.046,-18.862156544079276,410.0468813930278,410.0468813930278,2,1269.6839493029393,1250.82179275886,25
d5_w240,SNDK,1787066400000,1787148300000,loss,-0.046,-19.771652561927965,429.81853395495574,429.81853395495574,2,1289.4556018648673,1231.050140196932,315
d5_w240,IBM,1787060100000,1787232900000,timeout,0.009074511630670306,3.900393285451906,429.81853395495574,859.6370679099115,1,1310.1806045503263,1234.950533482384,780
d5_w240,MU,1787148000000,1787255700000,win,0.040490780060206795,15.839374656771286,391.1847248489485,391.1847248489485,2,1250.82179275886,1250.7899081391552,745
d5_w240,ARM,1787149200000,1787322000000,timeout,-0.010673520016701516,-4.376643596334514,410.0468813930278,410.0468813930278,2,1231.050140196932,1246.4132645428208,780
d5_w240,AMD,1787255700000,1787578200000,timeout,-0.026923905162719468,-10.958678254033291,407.0240995057198,407.0240995057198,2,1250.7899081391552,396.0654212516865,395
d5_w240,AMD,1787322600000,1787578200000,timeout,-0.02037154017931663,-8.264127548828268,405.67023779669324,405.67023779669324,2,1246.4132645428208,793.4715314995515,330
d5_w240,AVGO,1787232900000,1787578200000,timeout,-0.011030307693565939,-4.784053219985034,433.71892724040765,433.71892724040765,2,1234.950533482384,1222.406405519974,775
d5_w240,MRVL,1787579400000,1787664600000,win,0.0778809103634388,31.734041231998173,407.46880183999133,1222.406405519974,0,1222.406405519974,1254.1404467519721,370
d5_w240,DELL,1787579700000,1787665200000,win,0.04321423332128594,17.60845187385821,407.46880183999133,407.46880183999133,2,1222.406405519974,1271.7488986258304,375
d5_w240,INTC,1787665500000,1787751000000,loss,-0.046,-19.55355367083708,425.07725371384953,425.07725371384953,2,1271.7488986258304,1252.1953449549933,375
d5_w240,AVGO,1787579700000,1787752500000,timeout,-0.029595671776981185,-12.05931291861617,407.46880183999133,814.9376036799827,1,1222.406405519974,1240.1360320363772,780
d5_w240,DELL,1787664600000,1787773800000,win,0.039211446480216246,17.22177877507613,439.2028430719895,439.2028430719895,2,1254.1404467519721,1257.3578108114534,770
d5_w240,MU,1787751600000,1787924400000,timeout,-0.02136166421913998,-8.662661113222073,405.52370004301247,405.52370004301247,2,1252.1953449549933,1248.695149698231,780
d5_w240,MU,1787752800000,1787925600000,timeout,-0.007549025421379469,-2.9849562837221244,395.40948892137516,395.40948892137516,2,1240.1360320363772,1245.7101934145091,780
d5_w240,AVGO,1787837700000,1788183000000,timeout,0.013823187075132864,6.309242933488763,456.4246218470656,456.4246218470656,2,1257.3578108114534,462.73386478055437,775
d5_w240,MRVL,1787925600000,1788183000000,loss,-0.046,-18.05152850133204,392.42453263765304,392.42453263765304,2,1245.7101934145091,837.1068689168753,360
d5_w240,MU,1787924400000,1788183000000,timeout,0.012986893113488667,5.153991893489253,396.86103892979037,396.86103892979037,2,1248.695149698231,1239.121899740155,380
d5_w240,SNDK,1788183000000,1788203400000,loss,-0.046,-18.999869129349044,413.04063324671836,826.0812664934367,1,1239.121899740155,1220.122030610806,340
d5_w240,ARM,1788204600000,1788269700000,loss,-0.046,-18.125875149398986,394.0407641173693,394.0407641173693,2,1220.122030610806,788.9555222146887,35
d5_w240,HPE,1788183000000,1788270000000,loss,-0.046,-18.99986912934904,413.0406332467183,1239.121899740155,0,1239.121899740155,1182.996286332058,400
d5_w240,AMD,1788183600000,1788356400000,timeout,-0.02799595302889634,-11.563466167400728,413.04063324671836,413.04063324671836,2,1239.1218997401552,1171.4328201646572,780
d5_w240,HPE,1788356400000,1788442200000,loss,-0.046,-18.46794968564861,401.4771670793176,401.4771670793176,2,1171.4328201646572,1152.9648704790086,380
d5_w240,AMD,1788270600000,1788443400000,timeout,-0.028921894809369457,-11.134288203206777,384.9778265426698,769.9556530853396,1,1182.996286332058,756.852755733132,780
d5_w240,ARM,1788270600000,1788443400000,timeout,-0.010356616912645994,-3.98706786936551,384.9778265426698,384.9778265426698,2,1182.996286332058,1137.8435144064363,780
d5_w240,ORCL,1788442500000,1788459900000,win,0.03762621948011847,14.411188876562598,383.009217393669,383.009217393669,2,1152.9648704790086,1152.254703282999,290
d5_w240,HPE,1788443700000,1788462900000,win,0.04177288256302548,15.76580222182911,377.4171485063836,754.8342970127673,1,1137.8435144064363,1168.020505504828,320
d5_w240,AMD,1788444900000,1788531300000,win,0.03687055578707744,13.915580029004307,377.4171485063836,377.4171485063836,2,1137.8435144064363,1181.9360855338323,390
d5_w240,AVGO,1788460200000,1788874200000,timeout,0.027095830264016747,10.768435871754773,397.42040627023164,397.42040627023164,2,1152.254703282999,408.1888421419864,480
d5_w240,AVGO,1788545700000,1788874200000,timeout,0.03000807315810495,11.743141147050746,391.33272853538796,391.33272853538796,2,1181.9360855338323,811.2647118244251,105
d5_w240,MRVL,1788528600000,1788874200000,win,0.06378124408200514,25.07769774927914,393.18295072821275,393.18295072821275,2,1168.020505504828,1229.525360301917,390
d5_w240,HPE,1788874200000,1788896700000,win,0.03641599716232525,14.924797343920513,409.8417867673057,1229.525360301917,0,1229.525360301917,1244.4501576458379,375
d5_w240,QCOM,1788960900000,1789047000000,loss,-0.046,-19.195992530206237,417.304185439266,417.304185439266,2,1244.4501576458379,1225.2541651156316,385
d5_w240,ORCL,1788897300000,1789048200000,loss,-0.046,-19.195992530206237,417.304185439266,834.608370878532,1,1244.4501576458379,1206.0581725854254,415
d5_w240,ORCL,1788894000000,1789064100000,loss,-0.046,-18.852722191296063,409.84178676730573,819.6835735346115,1,1229.525360301917,1187.2054503941292,735
d5_w240,ARM,1789047600000,1789392600000,loss,-0.046,-18.312976873816748,398.10819290905977,398.10819290905977,2,1225.2541651156316,379.795216035243,770
d5_w240,MRVL,1789048800000,1789392600000,loss,-0.046,-18.312976873816748,398.10819290905977,398.10819290905977,2,1206.0581725854254,759.590432070486,750
d5_w240,MU,1789064400000,1789392600000,loss,-0.046,-17.985496970496445,390.9890645760097,390.9890645760097,2,1187.2054503941292,1132.5939996759994,490
d5_w240,AMD,1789393500000,1789565400000,win,0.04905715600246353,18.52061350985321,377.5313332253331,1132.5939996759994,0,1132.5939996759994,773.5832799605195,765
d5_w240,INTC,1789393500000,1789565400000,win,0.05122828122140755,19.34028130836029,377.5313332253331,377.5313332253331,2,1132.5939996759994,1170.454894494213,765
d5_w240,AVGO,1789393500000,1789566300000,timeout,-0.027153213419203064,-10.251188863503739,377.5313332253331,755.0626664506663,1,1132.5939996759994,1160.2037056307092,780
d5_w240,MRVL,1789565400000,1789651800000,win,0.06859331190164619,27.194626576140166,396.4617806344399,792.9235612688798,1,1170.454894494213,1187.3983322068493,390
d5_w240,SNDK,1789565400000,1789652100000,win,0.03658632012662611,14.505077624263834,396.4617806344399,396.4617806344399,2,1170.454894494213,1201.903409831113,395
d5_w240,HPE,1789566300000,1789652700000,win,0.04106353793712159,15.081822141553477,367.2801443618294,367.2801443618294,2,1160.2037056307092,1216.9852319726665,390
d5_w240,HPE,1789652100000,1789654500000,win,0.037536105528570125,15.426095360343623,410.9668582587037,410.9668582587037,2,1201.903409831113,1232.4113273330104,40
d5_w240,AVGO,1789651800000,1789761300000,timeout,0.02418349484244043,10.245492538743905,423.65640721058,423.65640721058,2,1187.3983322068493,433.90189974932395,775
d5_w240,AVGO,1789654200000,1789761300000,timeout,0.017609203131754743,6.733089538015272,382.36196650338286,382.36196650338286,2,1216.9852319726665,822.996955790722,735
d5_w240,ORCL,1789654500000,1789761300000,timeout,-0.022555632973377697,-9.617562964265693,426.3929536190474,426.3929536190474,2,1232.4113273330104,1239.7723464455037,730
d5_w300,ARM,1782913500000,1783000500000,win,0.041046875090221986,20.523437545110994,500.0,1000.0,1,1500.0,1520.523437545111,400
d5_w300,QCOM,1782913200000,1783003200000,loss,-0.046,-23.0,500.0,1500.0,0,1500.0,997.5234375451109,450
d5_w300,HPE,1782913500000,1783005000000,loss,-0.046,-23.0,500.0,500.0,2,1500.0,1474.523437545111,475
d5_w300,ORCL,1783000500000,1783008000000,loss,-0.046,-23.9440781270751,520.5234375451109,520.5234375451109,2,1520.523437545111,973.5793594180359,125
d5_w300,MRVL,1783006200000,1783010100000,loss,-0.046,-21.942,477.0,477.0,2,1474.523437545111,1428.6373594180359,65
d5_w300,MU,1783005900000,1783014300000,loss,-0.046,-21.942,477.0,954.0,1,1474.523437545111,1406.6953594180359,140
d5_w300,ARM,1783015500000,1783344600000,win,0.048448377375534875,22.04682171175615,455.058,455.058,2,1406.6953594180359,477.10482171175613,115
d5_w300,INTC,1783010400000,1783344600000,timeout,0.02463914505476806,11.723765469118717,475.81867970901794,951.6373594180359,1,1428.6373594180359,964.6472668898928,200
d5_w300,MU,1783010700000,1783344600000,timeout,0.02570174714334584,12.229371391961841,475.81867970901794,475.81867970901794,2,1428.6373594180359,1452.6953179908726,195
d5_w300,DELL,1783344600000,1783347600000,win,0.045131846542159966,21.854274054692777,484.23177266362416,968.4635453272483,1,1452.6953179908726,1474.5495920455653,50
d5_w300,SNDK,1783348500000,1783358100000,loss,-0.046,-23.279958149042578,506.08604671831694,506.08604671831694,2,1474.5495920455653,1451.2696338965227,160
d5_w300,ARM,1783344600000,1783431000000,loss,-0.046,-22.274661542526715,484.2317726636242,1452.6953179908726,0,1452.6953179908726,946.1888837847216,390
d5_w300,SNDK,1783361100000,1783431000000,loss,-0.046,-22.20908007418662,482.8060885692744,482.8060885692744,2,1451.2696338965227,1406.7858922798096,115
d5_w300,HPE,1783344600000,1783517400000,win,0.03959864336851338,19.1749212734099,484.23177266362416,484.23177266362416,2,1452.6953179908724,1425.9608135532194,780
d5_w300,DELL,1783517700000,1783519800000,loss,-0.046,-23.156707921103568,503.40669393703405,503.40669393703405,2,1425.9608135532194,1402.8041056321158,35
d5_w300,SNDK,1783520700000,1783523700000,loss,-0.046,-22.0914993567328,480.24998601593046,480.24998601593046,2,1402.8041056321158,1380.712606275383,50
d5_w300,AMD,1783524600000,1783603800000,win,0.07497476090516653,34.35032299394627,458.15848665919765,458.15848665919765,2,1380.712606275383,953.7858694612366,270
d5_w300,HPE,1783431600000,1783603800000,win,0.05761228661332996,26.57522617781798,461.27705980809264,922.5541196161853,1,1406.7858922798096,1441.6381554471473,770
d5_w300,QCOM,1783431600000,1783604400000,timeout,0.023634241654239448,10.901933501061524,461.27705980809264,461.27705980809264,2,1406.7858922798096,1452.540088948209,780
d5_w300,INTC,1783603800000,1783690200000,loss,-0.046,-22.548305199698255,490.1805478195273,490.1805478195273,2,1441.6381554471473,1429.9917837485104,390
d5_w300,ARM,1783603800000,1783949400000,loss,-0.046,-22.548305199698255,490.1805478195273,980.3610956390546,1,1441.6381554471473,467.63224261982907,780
d5_w300,IBM,1783604400000,1783949400000,timeout,-0.011033537368542618,-5.209804567317387,472.1789933091542,472.1789933091542,2,1452.540088948209,934.6014313616658,770
d5_w300,IBM,1783690200000,1783949400000,timeout,-0.019122434949400573,-8.942267139739988,467.63224261982907,467.63224261982907,2,1429.9917837485104,1393.2914068417551,390
d5_w300,IBM,1783949700000,1784035800000,loss,-0.046,-21.36380157157358,464.4304689472517,1393.2914068417551,0,1393.2914068417551,907.4971363229299,385
d5_w300,MU,1783950600000,1784035800000,win,0.0731474722602492,33.97191484413362,464.4304689472517,928.8609378945034,1,1393.2914068417551,1405.8995201143152,370
d5_w300,QCOM,1783950600000,1784045700000,loss,-0.046,-21.36380157157358,464.4304689472517,464.4304689472517,2,1393.2914068417551,1384.5357185427417,535
d5_w300,MU,1784046300000,1784124300000,loss,-0.046,-20.381066699281195,443.06666737567815,443.06666737567815,2,1384.5357185427417,893.4201262599288,250
d5_w300,INTC,1784035800000,1784125500000,loss,-0.046,-21.65378817684246,470.73452558353176,470.73452558353176,2,1405.8995201143152,1342.500863666618,445
d5_w300,HPE,1784035800000,1784126400000,loss,-0.046,-21.65378817684246,470.73452558353176,941.4690511670635,1,1405.8995201143152,1320.8470754897758,460
d5_w300,ORCL,1784125500000,1784209200000,loss,-0.046,-20.050625775910987,435.88316904154317,871.7663380830863,1,1342.500863666618,858.3144964897484,345
d5_w300,QCOM,1784127000000,1784209500000,loss,-0.046,-20.354169848309347,442.48195322411624,442.48195322411624,2,1320.8470754897758,1280.4422798655553,325
d5_w300,SNDK,1784210400000,1784216700000,loss,-0.046,-19.2730875127531,418.98016332071956,418.98016332071956,2,1280.4422798655553,1261.1691923528024,105
d5_w300,AVGO,1784210400000,1784295000000,loss,-0.046,-19.2730875127531,418.98016332071956,837.9603266414391,1,1280.4422798655553,399.7070758079665,360
d5_w300,DELL,1784127000000,1784295000000,loss,-0.046,-20.354169848309347,442.48195322411624,884.9639064482325,1,1320.8470754897758,821.8348591837735,700
d5_w300,QCOM,1784216700000,1784295000000,loss,-0.046,-18.38652548716646,399.7070758079665,399.7070758079665,2,1261.1691923528024,1203.1554095045735,255
d5_w300,SNDK,1784295900000,1784296800000,win,0.04966764559074522,19.919298823287033,401.0518031681912,401.0518031681912,2,1203.1554095045735,1223.0747083278607,15
d5_w300,SNDK,1784296800000,1784303700000,win,0.0505925101238185,21.29798473933889,420.97110199147824,420.97110199147824,2,1223.0747083278607,1244.3726930671996,115
d5_w300,HPE,1784295900000,1784310900000,win,0.03976540714126121,15.947988237720072,401.05180316819116,1203.1554095045735,0,1203.1554095045735,1260.3206813049196,250
d5_w300,DELL,1784303700000,1784554200000,timeout,0.008350573622714302,3.6932005697963057,442.26908673081715,442.26908673081715,2,1244.3726930671996,445.96228730061347,245
d5_w300,MRVL,1784313300000,1784554200000,timeout,0.024707578545367877,10.303055099563572,416.99979140591125,416.99979140591125,2,1260.3206813049196,873.2651338060883,85
d5_w300,QCOM,1784295900000,1784554200000,win,0.03657306184690779,14.667692401084148,401.0518031681912,802.1036063363824,1,1203.1554095045735,1288.9846293753637,375
d5_w300,ARM,1784554200000,1784643900000,win,0.03948840690862521,16.966649847912606,429.6615431251212,1288.9846293753637,0,1288.9846293753637,1305.9512792232763,445
d5_w300,AMD,1784554500000,1784659800000,win,0.04159792543522057,17.8730288333006,429.6615431251213,859.3230862502426,1,1288.9846293753637,1323.8243080565771,705
d5_w300,AVGO,1784554500000,1784727300000,timeout,0.006255214196271735,2.687624984148279,429.6615431251213,429.6615431251213,2,1288.984629375364,1326.5119330407254,780
d5_w300,AMD,1784643900000,1784734200000,win,0.03775133794610564,16.860811849183484,446.62819297303383,446.62819297303383,2,1305.9512792232763,463.48900482221734,455
d5_w300,IBM,1784732700000,1784813400000,loss,-0.046,-19.8880617330264,432.34916810926956,432.34916810926956,2,1326.5119330407254,875.9501111984606,295
d5_w300,ORCL,1784663100000,1784813400000,loss,-0.046,-20.586590310087406,447.5345719584219,447.5345719584219,2,1323.8243080565771,1302.8980928467952,405
d5_w300,ORCL,1784814300000,1784900400000,loss,-0.046,-19.977770756984192,434.29936428226506,868.5987285645301,1,1302.8980928467952,1282.920322089811,385
d5_w300,ARM,1784814000000,1784903400000,loss,-0.046,-19.977770756984192,434.29936428226506,1302.8980928467952,0,1302.8980928467952,1262.9425513328267,440
d5_w300,AMD,1784901900000,1785159000000,timeout,-0.017666615804036494,-7.319660412127312,414.3215935252809,414.3215935252809,2,1282.920322089811,407.0019331131536,355
d5_w300,ARM,1784904600000,1785159000000,loss,-0.046,-19.058793302162922,414.3215935252809,414.3215935252809,2,1262.9425513328267,802.2647333362715,310
d5_w300,TXN,1784814900000,1785159000000,timeout,-0.01258101410295553,-5.463926426939798,434.29936428226506,434.29936428226506,2,1302.8980928467952,1231.1001711915967,755
d5_w300,INTC,1785159300000,1785160800000,loss,-0.046,-18.876869291604486,410.36672373053227,410.36672373053227,2,1231.100171191597,801.85657816946,25
d5_w300,MRVL,1785159000000,1785161700000,loss,-0.046,-18.876869291604486,410.36672373053227,820.7334474610645,1,1231.1001711915967,1193.3464326083879,45
d5_w300,ARM,1785163800000,1785245400000,loss,-0.046,-18.008533304190678,391.4898544389278,782.9797088778556,1,1193.3464326083879,1175.3378993041972,310
d5_w300,AVGO,1785159000000,1785331800000,timeout,-0.02297502225741787,-9.428184611412627,410.3667237305322,1231.1001711915967,0,1231.1001711915967,1165.9097146927845,780
d5_w300,QCOM,1785246900000,1785335100000,loss,-0.046,-17.18014077219791,373.48132113473713,373.48132113473713,2,1175.3378993041972,757.2397194816588,420
d5_w300,AVGO,1785163800000,1785336600000,timeout,-0.019923114716581362,-7.799697280364498,391.4898544389278,391.4898544389278,2,1193.3464326083879,1140.9298766402221,780
d5_w300,MRVL,1785336600000,1785351600000,win,0.037217257916733366,13.770224232335684,369.99566876055127,369.99566876055127,2,1140.9298766402221,784.7044321120065,250
d5_w300,AMD,1785336600000,1785418200000,win,0.06257621991845186,23.152930337234924,369.99566876055127,739.9913375211025,1,1140.9298766402221,1177.8530312097928,310
d5_w300,ARM,1785418200000,1785419400000,loss,-0.046,-17.86903331808548,388.45724604533655,776.9144920906731,1,1177.8530312097928,1159.983997891707,20
d5_w300,ORCL,1785333600000,1785419700000,win,0.04571974927435974,18.330809482954223,400.9385391191196,400.9385391191196,2,1165.9097146927845,789.8575613293249,385
d5_w300,SNDK,1785418200000,1785419700000,win,0.04733082687198321,18.38600265973921,388.45724604533655,388.45724604533655,2,1177.8530312097928,1196.7008100344005,25
d5_w300,AMD,1785419400000,1785504600000,win,0.061393518868017034,22.7517144303352,370.58821272725106,370.58821272725106,2,1159.983997891707,393.33992715758626,370
d5_w300,DELL,1785419700000,1785504600000,win,0.04177436752028308,17.255165626522242,413.0562986535748,826.1125973071496,1,1196.7008100344005,823.6513914376833,365
d5_w300,INTC,1785419700000,1785504600000,win,0.05824696896616444,24.059277408953523,413.0562986535748,413.0562986535748,2,1196.7008100344005,1260.7669675002114,365
d5_w300,MRVL,1785504600000,1785505500000,loss,-0.046,-19.331760168336576,420.2556558334038,420.2556558334038,2,1260.7669675002114,1241.4352073318748,15
d5_w300,HPE,1785504600000,1785506400000,loss,-0.046,-19.331760168336576,420.2556558334038,840.5113116668076,1,1260.7669675002114,400.9238956650672,30
d5_w300,ARM,1785504600000,1785507000000,loss,-0.046,-19.331760168336576,420.2556558334038,1260.7669675002114,0,1260.7669675002114,801.8477913301344,40
d5_w300,ARM,1785506100000,1785507000000,loss,-0.046,-18.44249920059309,400.9238956650672,400.9238956650672,2,1241.4352073318748,1184.3291877946085,15
d5_w300,AMD,1785507900000,1785763800000,loss,-0.046,-18.159714212850663,394.7763959315362,1184.3291877946085,0,1184.3291877946085,376.6166817186855,335
d5_w300,DELL,1785508500000,1785763800000,loss,-0.046,-18.159714212850663,394.7763959315362,394.7763959315362,2,1184.3291877946085,753.233363437371,325
d5_w300,QCOM,1785507900000,1785763800000,timeout,-0.027309480276968105,-10.78113819850484,394.7763959315362,789.5527918630723,1,1184.3291877946085,1137.2286211704024,335
d5_w300,SNDK,1785764400000,1785767100000,win,0.03623270691921921,13.734957110338323,379.07620705680085,379.07620705680085,2,1137.2286211704027,1150.9635782807409,45
d5_w300,MRVL,1785764400000,1785767700000,win,0.03715989242991325,14.086431076970243,379.07620705680085,758.1524141136017,1,1137.2286211704024,1165.0500093577111,55
d5_w300,INTC,1785764400000,1785781500000,win,0.03946128181474951,14.958833035934754,379.0762070568008,1137.2286211704024,0,1137.2286211704024,1180.0088423936459,285
d5_w300,AMD,1785767100000,1785850200000,win,0.05828609761428139,22.895429858625388,392.81116416713917,392.81116416713917,2,1150.9635782807409,809.7416341185001,335
d5_w300,QCOM,1785767700000,1785850200000,win,0.049318185141007394,19.390067778008216,393.1626381337711,393.1626381337711,2,1165.0500093577111,1222.2943400302793,325
d5_w300,QCOM,1785783900000,1785852000000,win,0.039011631405982745,15.371949745139432,394.0350400927355,394.0350400927355,2,1180.0088423936459,1237.6662897754188,85
d5_w300,ARM,1785850500000,1785866400000,win,0.0482895556338916,19.998136771811065,414.1296499687719,414.1296499687719,2,1222.2943400302793,434.12778674058296,265
d5_w300,AMD,1785850500000,1785936600000,loss,-0.046,-19.049963898563508,414.1296499687719,828.2592999375438,1,1222.2943400302793,829.2074728107913,385
d5_w300,MU,1785852600000,1785937800000,win,0.038993588175596734,15.964247557948813,409.40698983787496,409.40698983787496,2,1237.6662897754188,1254.578710206615,370
d5_w300,SNDK,1786023600000,1786028700000,win,0.043020623822865874,17.990919582658346,418.19290340220493,418.19290340220493,2,1254.5787102066147,1272.5696297892732,85
d5_w300,DELL,1786023600000,1786111800000,loss,-0.046,-19.23687355650143,418.192903402205,1254.578710206615,0,1254.578710206615,1253.3327562327718,420
d5_w300,DELL,1786112700000,1786131300000,win,0.046258946152396126,18.45528550180614,398.95602984570354,398.95602984570354,2,1253.3327562327718,1271.7880417345777,310
d5_w300,AMD,1786029000000,1786368600000,loss,-0.046,-20.064455857303713,436.1838229848633,436.1838229848633,2,1272.5696297892732,416.1193671275596,680
d5_w300,AMD,1786132200000,1786368600000,timeout,-0.027727593555666112,-11.573811297491725,417.4113153475097,417.4113153475097,2,1271.7880417345777,821.9568711775776,10
d5_w300,ORCL,1786023600000,1786368600000,timeout,0.016602855593113926,6.9431963852518495,418.19290340220493,836.3858068044099,1,1254.578710206615,1247.0929709650343,770
d5_w300,DELL,1786369800000,1786455000000,loss,-0.046,-19.12209222146386,415.69765698834476,415.69765698834476,2,1247.0929709650343,1227.9708787435704,370
d5_w300,SNDK,1786369200000,1786541400000,win,0.09386673493195485,39.02018178035965,415.69765698834476,1247.0929709650343,0,1247.0929709650343,870.4154957570491,770
d5_w300,SNDK,1786455300000,1786541400000,win,0.06128406173030055,24.303761391902334,396.5755647668809,396.5755647668809,2,1227.9708787435704,1291.2948219158325,385
d5_w300,AMD,1786369500000,1786542300000,timeout,0.010806425719995577,4.4922058522207475,415.69765698834476,831.3953139766895,1,1247.0929709650343,1295.7870277680531,780
d5_w300,DELL,1786541400000,1786563300000,win,0.036263550032194176,15.87613079919766,437.7985824637438,437.7985824637438,2,1291.2948219158322,1311.6631585672508,365
d5_w300,ARM,1786541400000,1786629600000,win,0.03626685127999996,15.877576080807396,437.7985824637438,875.5971649274876,1,1291.2948219158325,907.3508718074927,420
d5_w300,MU,1786542300000,1786634400000,win,0.04175913506405294,17.546765234905056,420.1898628405655,420.1898628405655,2,1295.7870277680531,1345.0874998829631,485
d5_w300,ARM,1786715100000,1786973400000,timeout,-0.013791444139223502,-6.146934825829795,445.70639331001087,445.70639331001087,2,1345.0874998829631,439.55945848418105,375
d5_w300,HPE,1786647900000,1786973400000,loss,-0.046,-20.5024940922605,445.70639331001087,891.4127866200217,1,1345.0874998829631,864.7633577019315,445
d5_w300,MRVL,1786628100000,1786973400000,win,0.04910750576569534,22.27883359731008,453.67471326294145,453.67471326294145,2,1311.6631585672508,1340.716904562183,775
d5_w300,ARM,1786974300000,1787059800000,loss,-0.046,-20.557659203286804,446.90563485406096,893.8112697081219,1,1340.716904562183,426.3479756507742,375
d5_w300,INTC,1786974300000,1787059800000,loss,-0.046,-20.557659203286804,446.90563485406096,446.90563485406096,2,1340.716904562183,852.6959513015483,375
d5_w300,MRVL,1786973700000,1787059800000,loss,-0.046,-20.557659203286804,446.90563485406096,1340.716904562183,0,1340.716904562183,1279.0439269523224,385
d5_w300,DELL,1787061600000,1787064900000,loss,-0.046,-19.612006879935613,426.3479756507742,852.6959513015483,1,1279.0439269523224,1259.431920072387,55
d5_w300,INTC,1787060400000,1787146500000,loss,-0.046,-19.61200687993561,426.3479756507741,1279.0439269523224,0,1279.0439269523224,1239.8199131924512,385
d5_w300,ARM,1787146500000,1787148000000,loss,-0.046,-18.70985456345857,406.7359687708385,406.7359687708385,2,1239.8199131924512,388.0261142073799,25
d5_w300,ORCL,1787061900000,1787148300000,loss,-0.046,-19.612006879935613,426.3479756507742,426.3479756507742,2,1279.0439269523226,794.7620829782185,390
d5_w300,SNDK,1787066400000,1787148300000,loss,-0.046,-18.709854563458574,406.73596877083855,406.73596877083855,2,1259.431920072387,1182.7881971855986,315
d5_w300,ARM,1787149200000,1787322000000,timeout,-0.010673520016701516,-4.2081711660595955,394.2627323951995,1182.7881971855986,0,1182.7881971855986,390.05456122913995,780
d5_w300,HPE,1787149800000,1787322600000,timeout,0.0059908116185774015,2.3619537580052343,394.2627323951996,788.5254647903992,1,1182.7881971855986,786.6792473823448,780
d5_w300,INTC,1787149800000,1787322600000,timeout,-0.030919068334851245,-12.190236364812346,394.2627323951996,394.2627323951996,2,1182.7881971855986,1168.7517434127321,780
d5_w300,ARM,1787322600000,1787578200000,loss,-0.046,-17.92086006566189,389.5839144709107,1168.7517434127321,0,1168.7517434127321,371.66305440524883,330
d5_w300,ARM,1787325000000,1787578200000,loss,-0.046,-17.92086006566189,389.5839144709107,389.5839144709107,2,1168.7517434127321,743.3261088104977,290
d5_w300,HPE,1787324700000,1787578200000,timeout,-0.009354459666187637,-3.6443470145136283,389.5839144709107,779.1678289418214,1,1168.7517434127321,1129.2656762668948,295
d5_w300,MRVL,1787579400000,1787664600000,win,0.0778809103634388,29.316079636616713,376.42189208896497,1129.2656762668948,0,1129.2656762668948,1158.5817559035115,370
d5_w300,DELL,1787579700000,1787665200000,win,0.04321423332128594,16.26678347197245,376.4218920889649,376.4218920889649,2,1129.2656762668948,1174.848539375484,375
d5_w300,INTC,1787665500000,1787751000000,loss,-0.046,-18.06367907580312,392.6886755609374,392.6886755609374,2,1174.848539375484,1156.784860299681,375
d5_w300,AVGO,1787579700000,1787752500000,timeout,-0.029595671776981185,-11.140458767935236,376.4218920889649,752.8437841779298,1,1129.2656762668948,1145.6444015317456,780
d5_w300,DELL,1787664600000,1787773800000,win,0.039211446480216246,15.90957276330914,405.7379717255817,405.7379717255817,2,1158.5817559035115,1161.5539742950548,770
d5_w300,MU,1787751600000,1787924400000,timeout,-0.02136166421913998,-8.002613383011933,374.62499648513426,374.62499648513426,2,1156.784860299681,1153.5513609120428,780
d5_w300,MU,1787752800000,1787925600000,timeout,-0.007549025421379469,-2.7575188260983823,365.2814333210297,365.2814333210297,2,1145.6444015317456,1150.7938420859446,780
d5_w300,AVGO,1787837700000,1788183000000,timeout,0.013823187075132864,5.828512887240345,421.64754448889084,421.64754448889084,2,1161.5539742950548,427.47605737613117,775
d5_w300,MRVL,1787925600000,1788183000000,loss,-0.046,-16.67610006676684,362.5239144949313,362.5239144949313,2,1150.7938420859446,773.3238718042957,360
d5_w300,MU,1787924400000,1788183000000,timeout,0.012986893113488667,4.761285702359757,366.62238310212234,366.62238310212234,2,1153.5513609120428,1144.707540608778,380
d5_w300,SNDK,1788183000000,1788203400000,loss,-0.046,-17.552182289334596,381.56918020292596,1144.707540608778,0,1144.707540608778,1127.1553583194432,340
d5_w300,INTC,1788193500000,1788269400000,loss,-0.046,-17.552182289334596,381.56918020292596,381.56918020292596,2,1144.707540608778,745.5861781165173,215
d5_w300,MRVL,1788205200000,1788269400000,loss,-0.046,-16.744781904025203,364.01699791359135,364.01699791359135,2,1127.1553583194432,1092.8583941260836,20
d5_w300,AMD,1788183600000,1788356400000,timeout,-0.02799595302889634,-10.682392846235599,381.56918020292596,763.1383604058519,1,1144.707540608778,1082.176001279848,780
d5_w300,HPE,1788356400000,1788442200000,loss,-0.046,-17.06079221840776,370.8867873566904,370.8867873566904,2,1082.176001279848,1065.11520906144,380
d5_w300,AMD,1788270600000,1788443400000,timeout,-0.028921894809369457,-10.285915912062325,355.64460696157875,711.2892139231575,1,1092.8583941260836,699.1846861877991,780
d5_w300,ARM,1788270600000,1788443400000,timeout,-0.010356616912645994,-3.683274951349624,355.64460696157875,355.64460696157875,2,1092.8583941260836,1051.1460181980283,780
d5_w300,ORCL,1788442500000,1788459900000,win,0.03762621948011847,13.313134550844351,353.8259951382826,353.8259951382826,2,1065.11520906144,1064.4591527488726,290
d5_w300,HPE,1788443700000,1788462900000,win,0.04177288256302548,14.564533716060486,348.6600115298728,697.3200230597456,1,1051.1460181980283,1079.023686464933,320
d5_w300,AMD,1788444900000,1788531300000,win,0.03687055578707744,12.855288405835237,348.6600115298728,348.6600115298728,2,1051.1460181980283,1091.8789748707684,390
d5_w300,AVGO,1788460200000,1788874200000,timeout,0.027095830264016747,9.947939541335415,367.13912968912695,367.13912968912695,2,1064.4591527488726,377.08706923046236,480
d5_w300,AVGO,1788545700000,1788874200000,timeout,0.03000807315810495,10.84837756824498,361.515299935708,361.515299935708,2,1091.8789748707684,749.4507467344152,105
d5_w300,MRVL,1788528600000,1788874200000,win,0.06378124408200514,23.16691337690619,363.2245452459333,363.2245452459333,2,1079.023686464933,1135.8422053572547,390
d5_w300,HPE,1788874200000,1788896700000,win,0.03641599716232525,13.78760884237968,378.6140684524182,1135.8422053572547,0,1135.8422053572547,1149.6298141996344,375
d5_w300,QCOM,1788960900000,1789047000000,loss,-0.046,-17.73336215218597,385.50787287360805,385.50787287360805,2,1149.6298141996342,1131.8964520474483,385
d5_w300,ORCL,1788897300000,1789048200000,loss,-0.046,-17.73336215218597,385.50787287360805,771.0157457472161,1,1149.6298141996344,1114.1630898952624,415
d5_w300,ORCL,1788894000000,1789064100000,loss,-0.046,-17.416247148811237,378.6140684524182,757.2281369048364,1,1135.8422053572547,1096.7468427464512,735
d5_w300,SNDK,1789065000000,1789134000000,loss,-0.046,-16.61509977996592,361.197821303607,361.197821303607,2,1096.7468427464512,1080.1317429664853,100
d5_w300,ARM,1789047600000,1789392600000,loss,-0.046,-16.917627493185414,367.7745107214221,367.7745107214221,2,1131.8964520474483,350.85688322823665,770
d5_w300,ARM,1789134300000,1789392600000,loss,-0.046,-15.850805190087488,344.58272152364106,344.58272152364106,2,1080.1317429664853,679.5887995617902,375
d5_w300,MRVL,1789048800000,1789392600000,loss,-0.046,-16.917627493185414,367.7745107214221,367.7745107214221,2,1114.1630898952624,1030.445682790027,750
d5_w300,AMD,1789393500000,1789565400000,win,0.04905715600246353,16.850244870898468,343.4818942633423,1030.445682790027,0,1030.445682790027,703.814033397583,765
d5_w300,INTC,1789393500000,1789565400000,win,0.05122828122140755,17.595987073784272,343.48189426334227,343.48189426334227,2,1030.4456827900267,1064.8919147347096,765
d5_w300,AVGO,1789393500000,1789566300000,timeout,-0.027153213419203064,-9.326637180564672,343.48189426334227,686.9637885266845,1,1030.445682790027,1055.5652775541448,780
d5_w300,MRVL,1789565400000,1789651800000,win,0.06859331190164619,24.741951271582728,360.70501023568363,721.4100204713673,1,1064.8919147347096,1080.3072288257276,390
d5_w300,SNDK,1789565400000,1789652100000,win,0.03658632012662611,13.196868975760669,360.70501023568363,360.70501023568363,2,1064.8919147347096,1093.5040978014883,395
d5_w300,HPE,1789566300000,1789652700000,win,0.04106353793712159,13.721597076107257,334.1552570827776,334.1552570827776,2,1055.5652775541448,1107.2256948775953,390
d5_w300,HPE,1789652100000,1789654500000,win,0.037536105528570125,14.034820395411453,373.9018792114443,373.9018792114443,2,1093.5040978014883,1121.2605152730068,40
d5_w300,ARM,1789651800000,1789761000000,win,0.046470818106677754,17.912035637975794,385.44696150726634,385.44696150726634,2,1080.3072288257276,403.35899714524214,770
d5_w300,AVGO,1789654200000,1789761300000,timeout,0.017609203131754743,6.1258341897196225,347.87685415888484,347.87685415888484,2,1107.2256948775953,757.3616854938466,735
d5_w300,ORCL,1789654500000,1789761300000,timeout,-0.022555632973377697,-8.750157813235713,387.9366996068557,387.9366996068557,2,1121.2605152730068,1136.5482272874665,730
