symbol,group,mode,dump_pct,take_profit_pct,stop_loss_pct,timeout_minutes,trades,wins,losses,timeouts,both_hit,win_rate_pct,resolved_win_rate_pct,breakeven_win_rate_pct,edge_vs_be_pp,net_usd,fees_usd,avg_hold_minutes,avg_win_usd,avg_loss_usd,worst_trade_usd,best_trade_usd
ADAUSDT,large_alt,always_in_15m,0.0,1.5,1.0,240,65,13,32,20,0,20.0,28.88888888888889,47.99999999999999,-19.111111111111104,-184.71112159751678,130.0,133.90769230769232,8.740777780635705,-10.080764152835235,-12.0,13.0
ADAUSDT,large_alt,always_in_15m,0.0,1.5,1.0,480,53,18,30,5,0,33.9622641509434,37.5,47.99999999999999,-10.499999999999993,-140.3144596955672,106.0,168.11320754716982,12.465154177170069,-11.092717325347015,-12.0,13.0
ADAUSDT,large_alt,always_in_15m,0.0,1.5,1.0,720,52,18,32,2,0,34.61538461538461,36.0,47.99999999999999,-11.999999999999993,-157.40155422412337,104.00000000000001,171.92307692307693,13.0,-11.511810418356571,-12.0,13.0
ADAUSDT,large_alt,always_in_15m,0.0,2.0,1.0,240,60,8,29,23,0,13.333333333333334,21.62162162162162,39.99999999999999,-18.378378378378372,-134.88205271658558,120.0,145.46666666666667,9.622426429237585,-10.16167463939688,-12.0,18.000000000000004
ADAUSDT,large_alt,always_in_15m,0.0,2.0,1.0,480,49,12,31,6,0,24.489795918367346,27.906976744186046,39.99999999999999,-12.093023255813947,-132.612989566266,98.0,182.6122448979592,16.422177137578473,-11.145460194998327,-12.0,18.000000000000004
ADAUSDT,large_alt,always_in_15m,0.0,2.0,1.0,720,45,13,30,2,0,28.88888888888889,30.232558139534884,39.99999999999999,-9.767441860465109,-128.43106915315846,90.0,200.11111111111111,16.75207746224439,-11.708392052405804,-12.0,18.000000000000004
ADAUSDT,large_alt,always_in_15m,0.0,2.0,1.5,240,49,5,16,28,0,10.204081632653061,23.80952380952381,48.57142857142857,-24.76190476190476,-126.07779110006025,98.0,179.51020408163265,10.404879252610835,-10.792349896655534,-17.0,18.000000000000004
ADAUSDT,large_alt,always_in_15m,0.0,2.0,1.5,480,36,11,18,7,0,30.555555555555557,37.93103448275862,48.57142857142857,-10.64039408866995,-117.16685153979923,72.00000000000001,251.30555555555554,17.689035756651418,-13.72647002581734,-17.0,18.000000000000004
ADAUSDT,large_alt,always_in_15m,0.0,2.0,1.5,720,32,11,18,3,0,34.375,37.93103448275862,48.57142857142857,-10.64039408866995,-112.12589433577327,64.0,284.5625,16.96881884426368,-15.78758602334687,-17.0,18.000000000000004
ADAUSDT,large_alt,always_in_15m,0.0,2.5,1.2,240,52,3,21,28,0,5.769230769230769,12.5,37.837837837837846,-25.337837837837846,-120.78413355697238,104.00000000000001,168.73076923076923,10.073313587059685,-10.72011996403954,-14.0,23.0
ADAUSDT,large_alt,always_in_15m,0.0,2.5,1.2,480,39,6,22,11,0,15.384615384615385,21.428571428571427,37.837837837837846,-16.40926640926642,-103.43513917098473,78.0,230.43589743589743,16.959428939066065,-12.457989053032446,-14.0,23.0
ADAUSDT,large_alt,always_in_15m,0.0,2.5,1.2,720,33,8,20,5,0,24.242424242424242,28.571428571428573,37.837837837837846,-9.266409266409273,-82.62037544068691,66.0,274.6666666666667,20.482054674951485,-12.49743139957399,-14.0,23.0
ADAUSDT,large_alt,always_in_15m,0.0,3.0,1.5,240,46,2,14,30,0,4.3478260869565215,12.5,37.777777777777786,-25.277777777777786,-110.63105295226595,92.0,191.47826086956522,9.40549807400666,-10.716130235496015,-17.0,27.999999999999996
ADAUSDT,large_alt,always_in_15m,0.0,3.0,1.5,480,33,5,17,11,0,15.151515151515152,22.727272727272727,37.777777777777786,-15.050505050505059,-73.54750086019209,66.0,273.72727272727275,19.26570754082486,-14.511237683337637,-17.0,27.999999999999996
ADAUSDT,large_alt,always_in_15m,0.0,3.0,1.5,720,26,4,15,7,0,15.384615384615385,21.05263157894737,37.777777777777786,-16.725146198830416,-85.60750898749447,52.00000000000001,351.3076923076923,22.10417665033841,-14.580051232788987,-17.0,27.999999999999996
ADAUSDT,large_alt,dump_reclaim,0.8,1.5,1.0,240,1,0,0,1,0,0.0,,47.99999999999999,,10.147716229348848,2.0,240.0,10.147716229348848,0.0,10.147716229348848,10.147716229348848
ADAUSDT,large_alt,dump_reclaim,0.8,1.5,1.0,480,1,1,0,0,0,100.0,100.0,47.99999999999999,52.00000000000001,13.0,2.0,275.0,13.0,0.0,13.0,13.0
ADAUSDT,large_alt,dump_reclaim,0.8,1.5,1.0,720,1,1,0,0,0,100.0,100.0,47.99999999999999,52.00000000000001,13.0,2.0,275.0,13.0,0.0,13.0,13.0
ADAUSDT,large_alt,dump_reclaim,0.8,2.0,1.0,240,1,0,0,1,0,0.0,,39.99999999999999,,10.147716229348848,2.0,240.0,10.147716229348848,0.0,10.147716229348848,10.147716229348848
ADAUSDT,large_alt,dump_reclaim,0.8,2.0,1.0,480,1,0,0,1,0,0.0,,39.99999999999999,,6.7463556851312685,2.0,480.0,6.7463556851312685,0.0,6.7463556851312685,6.7463556851312685
ADAUSDT,large_alt,dump_reclaim,0.8,2.0,1.0,720,1,0,0,1,0,0.0,,39.99999999999999,,12.091350826044735,2.0,720.0,12.091350826044735,0.0,12.091350826044735,12.091350826044735
ADAUSDT,large_alt,dump_reclaim,0.8,2.0,1.5,240,1,0,0,1,0,0.0,,48.57142857142857,,10.147716229348848,2.0,240.0,10.147716229348848,0.0,10.147716229348848,10.147716229348848
ADAUSDT,large_alt,dump_reclaim,0.8,2.0,1.5,480,1,0,0,1,0,0.0,,48.57142857142857,,6.7463556851312685,2.0,480.0,6.7463556851312685,0.0,6.7463556851312685,6.7463556851312685
ADAUSDT,large_alt,dump_reclaim,0.8,2.0,1.5,720,1,0,0,1,0,0.0,,48.57142857142857,,12.091350826044735,2.0,720.0,12.091350826044735,0.0,12.091350826044735,12.091350826044735
ADAUSDT,large_alt,dump_reclaim,0.8,2.5,1.2,240,1,0,0,1,0,0.0,,37.837837837837846,,10.147716229348848,2.0,240.0,10.147716229348848,0.0,10.147716229348848,10.147716229348848
ADAUSDT,large_alt,dump_reclaim,0.8,2.5,1.2,480,1,0,0,1,0,0.0,,37.837837837837846,,6.7463556851312685,2.0,480.0,6.7463556851312685,0.0,6.7463556851312685,6.7463556851312685
ADAUSDT,large_alt,dump_reclaim,0.8,2.5,1.2,720,1,0,0,1,0,0.0,,37.837837837837846,,12.091350826044735,2.0,720.0,12.091350826044735,0.0,12.091350826044735,12.091350826044735
ADAUSDT,large_alt,dump_reclaim,0.8,3.0,1.5,240,1,0,0,1,0,0.0,,37.777777777777786,,10.147716229348848,2.0,240.0,10.147716229348848,0.0,10.147716229348848,10.147716229348848
ADAUSDT,large_alt,dump_reclaim,0.8,3.0,1.5,480,1,0,0,1,0,0.0,,37.777777777777786,,6.7463556851312685,2.0,480.0,6.7463556851312685,0.0,6.7463556851312685,6.7463556851312685
ADAUSDT,large_alt,dump_reclaim,0.8,3.0,1.5,720,1,0,0,1,0,0.0,,37.777777777777786,,12.091350826044735,2.0,720.0,12.091350826044735,0.0,12.091350826044735,12.091350826044735
ADAUSDT,large_alt,dump_reclaim,1.2,1.5,1.0,240,0,0,0,0,0,0.0,,47.99999999999999,,0.0,0.0,0.0,0.0,0.0,0.0,0.0
ADAUSDT,large_alt,dump_reclaim,1.2,1.5,1.0,480,0,0,0,0,0,0.0,,47.99999999999999,,0.0,0.0,0.0,0.0,0.0,0.0,0.0
ADAUSDT,large_alt,dump_reclaim,1.2,1.5,1.0,720,0,0,0,0,0,0.0,,47.99999999999999,,0.0,0.0,0.0,0.0,0.0,0.0,0.0
ADAUSDT,large_alt,dump_reclaim,1.2,2.0,1.0,240,0,0,0,0,0,0.0,,39.99999999999999,,0.0,0.0,0.0,0.0,0.0,0.0,0.0
ADAUSDT,large_alt,dump_reclaim,1.2,2.0,1.0,480,0,0,0,0,0,0.0,,39.99999999999999,,0.0,0.0,0.0,0.0,0.0,0.0,0.0
ADAUSDT,large_alt,dump_reclaim,1.2,2.0,1.0,720,0,0,0,0,0,0.0,,39.99999999999999,,0.0,0.0,0.0,0.0,0.0,0.0,0.0
ADAUSDT,large_alt,dump_reclaim,1.2,2.0,1.5,240,0,0,0,0,0,0.0,,48.57142857142857,,0.0,0.0,0.0,0.0,0.0,0.0,0.0
ADAUSDT,large_alt,dump_reclaim,1.2,2.0,1.5,480,0,0,0,0,0,0.0,,48.57142857142857,,0.0,0.0,0.0,0.0,0.0,0.0,0.0
ADAUSDT,large_alt,dump_reclaim,1.2,2.0,1.5,720,0,0,0,0,0,0.0,,48.57142857142857,,0.0,0.0,0.0,0.0,0.0,0.0,0.0
ADAUSDT,large_alt,dump_reclaim,1.2,2.5,1.2,240,0,0,0,0,0,0.0,,37.837837837837846,,0.0,0.0,0.0,0.0,0.0,0.0,0.0
ADAUSDT,large_alt,dump_reclaim,1.2,2.5,1.2,480,0,0,0,0,0,0.0,,37.837837837837846,,0.0,0.0,0.0,0.0,0.0,0.0,0.0
ADAUSDT,large_alt,dump_reclaim,1.2,2.5,1.2,720,0,0,0,0,0,0.0,,37.837837837837846,,0.0,0.0,0.0,0.0,0.0,0.0,0.0
ADAUSDT,large_alt,dump_reclaim,1.2,3.0,1.5,240,0,0,0,0,0,0.0,,37.777777777777786,,0.0,0.0,0.0,0.0,0.0,0.0,0.0
ADAUSDT,large_alt,dump_reclaim,1.2,3.0,1.5,480,0,0,0,0,0,0.0,,37.777777777777786,,0.0,0.0,0.0,0.0,0.0,0.0,0.0
ADAUSDT,large_alt,dump_reclaim,1.2,3.0,1.5,720,0,0,0,0,0,0.0,,37.777777777777786,,0.0,0.0,0.0,0.0,0.0,0.0,0.0
ADAUSDT,large_alt,dump_reclaim,1.5,1.5,1.0,240,0,0,0,0,0,0.0,,47.99999999999999,,0.0,0.0,0.0,0.0,0.0,0.0,0.0
ADAUSDT,large_alt,dump_reclaim,1.5,1.5,1.0,480,0,0,0,0,0,0.0,,47.99999999999999,,0.0,0.0,0.0,0.0,0.0,0.0,0.0
ADAUSDT,large_alt,dump_reclaim,1.5,1.5,1.0,720,0,0,0,0,0,0.0,,47.99999999999999,,0.0,0.0,0.0,0.0,0.0,0.0,0.0
ADAUSDT,large_alt,dump_reclaim,1.5,2.0,1.0,240,0,0,0,0,0,0.0,,39.99999999999999,,0.0,0.0,0.0,0.0,0.0,0.0,0.0
ADAUSDT,large_alt,dump_reclaim,1.5,2.0,1.0,480,0,0,0,0,0,0.0,,39.99999999999999,,0.0,0.0,0.0,0.0,0.0,0.0,0.0
ADAUSDT,large_alt,dump_reclaim,1.5,2.0,1.0,720,0,0,0,0,0,0.0,,39.99999999999999,,0.0,0.0,0.0,0.0,0.0,0.0,0.0
ADAUSDT,large_alt,dump_reclaim,1.5,2.0,1.5,240,0,0,0,0,0,0.0,,48.57142857142857,,0.0,0.0,0.0,0.0,0.0,0.0,0.0
ADAUSDT,large_alt,dump_reclaim,1.5,2.0,1.5,480,0,0,0,0,0,0.0,,48.57142857142857,,0.0,0.0,0.0,0.0,0.0,0.0,0.0
ADAUSDT,large_alt,dump_reclaim,1.5,2.0,1.5,720,0,0,0,0,0,0.0,,48.57142857142857,,0.0,0.0,0.0,0.0,0.0,0.0,0.0
ADAUSDT,large_alt,dump_reclaim,1.5,2.5,1.2,240,0,0,0,0,0,0.0,,37.837837837837846,,0.0,0.0,0.0,0.0,0.0,0.0,0.0
ADAUSDT,large_alt,dump_reclaim,1.5,2.5,1.2,480,0,0,0,0,0,0.0,,37.837837837837846,,0.0,0.0,0.0,0.0,0.0,0.0,0.0
ADAUSDT,large_alt,dump_reclaim,1.5,2.5,1.2,720,0,0,0,0,0,0.0,,37.837837837837846,,0.0,0.0,0.0,0.0,0.0,0.0,0.0
ADAUSDT,large_alt,dump_reclaim,1.5,3.0,1.5,240,0,0,0,0,0,0.0,,37.777777777777786,,0.0,0.0,0.0,0.0,0.0,0.0,0.0
ADAUSDT,large_alt,dump_reclaim,1.5,3.0,1.5,480,0,0,0,0,0,0.0,,37.777777777777786,,0.0,0.0,0.0,0.0,0.0,0.0,0.0
ADAUSDT,large_alt,dump_reclaim,1.5,3.0,1.5,720,0,0,0,0,0,0.0,,37.777777777777786,,0.0,0.0,0.0,0.0,0.0,0.0,0.0
APTUSDT,fast_alt,always_in_15m,0.0,1.5,1.0,240,91,24,57,10,0,26.373626373626372,29.62962962962963,47.99999999999999,-18.370370370370363,-393.08892664400616,182.0,94.03296703296704,12.243132005780335,-10.94477475068146,-12.0,13.0
APTUSDT,fast_alt,always_in_15m,0.0,1.5,1.0,480,82,23,57,2,0,28.048780487804876,28.75,47.99999999999999,-19.249999999999993,-380.9671434640985,164.0,106.10975609756098,12.782166123778502,-11.857571214392804,-12.0,13.0
APTUSDT,fast_alt,always_in_15m,0.0,1.5,1.0,720,80,23,55,2,0,28.75,29.487179487179485,47.99999999999999,-18.512820512820507,-363.48180144455455,160.0,108.9,12.5107220412595,-11.85248447204969,-12.0,13.0
APTUSDT,fast_alt,always_in_15m,0.0,2.0,1.0,240,76,13,50,13,0,17.105263157894736,20.634920634920636,39.99999999999999,-19.365079365079357,-352.1378506348545,152.0,114.0657894736842,14.548667629494306,-11.027412905179759,-12.0,18.000000000000004
APTUSDT,fast_alt,always_in_15m,0.0,2.0,1.0,480,65,14,49,2,0,21.53846153846154,22.22222222222222,39.99999999999999,-17.77777777777777,-336.84516632385277,130.0,135.8153846153846,16.99293094072865,-11.834782608695653,-12.0,18.000000000000004
APTUSDT,fast_alt,always_in_15m,0.0,2.0,1.0,720,64,14,48,2,0,21.875,22.580645161290324,39.99999999999999,-17.41935483870967,-329.73913043478257,128.0,138.0625,18.000000000000004,-11.634782608695652,-12.0,18.000000000000004
APTUSDT,fast_alt,always_in_15m,0.0,2.0,1.5,240,59,13,28,18,0,22.033898305084747,31.70731707317073,48.57142857142857,-16.864111498257838,-274.913682618051,118.00000000000001,148.1864406779661,14.23105693146981,-13.632594107899433,-17.0,18.000000000000004
APTUSDT,fast_alt,always_in_15m,0.0,2.0,1.5,480,42,12,25,5,0,28.571428571428573,32.432432432432435,48.57142857142857,-16.138996138996134,-218.60405203251864,84.0,213.54761904761904,16.216137673287545,-15.915356409233725,-17.0,18.000000000000004
APTUSDT,fast_alt,always_in_15m,0.0,2.0,1.5,720,43,13,28,2,0,30.232558139534884,31.70731707317073,48.57142857142857,-16.864111498257838,-237.48873055443042,86.0,208.34883720930233,15.900751296371308,-17.0,-17.0,18.000000000000004
APTUSDT,fast_alt,always_in_15m,0.0,2.5,1.2,240,61,10,34,17,0,16.39344262295082,22.727272727272727,37.837837837837846,-15.110565110565119,-265.17110323498144,122.0,143.63934426229508,18.354492848345895,-11.749749912177608,-14.0,23.0
APTUSDT,fast_alt,always_in_15m,0.0,2.5,1.2,480,52,11,37,4,0,21.153846153846153,22.916666666666668,37.837837837837846,-14.921171171171178,-274.09151414511064,104.00000000000001,171.59615384615384,21.730998914223672,-13.371587527894869,-14.0,23.0
APTUSDT,fast_alt,always_in_15m,0.0,2.5,1.2,720,50,11,37,2,0,22.0,22.916666666666668,37.837837837837846,-14.921171171171178,-265.742671009772,100.0,178.96,21.188110749185668,-13.68421052631579,-14.0,23.0
APTUSDT,fast_alt,always_in_15m,0.0,3.0,1.5,240,53,6,27,20,0,11.320754716981131,18.181818181818183,37.777777777777786,-19.595959595959602,-240.56996115565747,106.0,166.11320754716982,18.69767451373951,-13.711449443730269,-17.0,27.999999999999996
APTUSDT,fast_alt,always_in_15m,0.0,3.0,1.5,480,38,7,25,6,0,18.42105263157895,21.875,37.777777777777786,-15.902777777777786,-227.7336849936327,76.0,236.76315789473685,25.201856632202787,-15.67415154080889,-17.0,27.999999999999996
APTUSDT,fast_alt,always_in_15m,0.0,3.0,1.5,720,36,7,26,3,0,19.444444444444443,21.21212121212121,37.777777777777786,-16.565656565656575,-236.83069452093787,72.00000000000001,250.80555555555554,23.787746744886178,-16.70075611944124,-17.0,27.999999999999996
APTUSDT,fast_alt,dump_reclaim,0.8,1.5,1.0,240,5,1,3,1,0,20.0,25.0,47.99999999999999,-22.999999999999993,-19.845360824742286,10.0,89.0,8.077319587628857,-12.0,-12.0,13.0
APTUSDT,fast_alt,dump_reclaim,0.8,1.5,1.0,480,5,1,4,0,0,20.0,20.0,47.99999999999999,-27.999999999999993,-35.0,10.0,109.0,13.0,-12.0,-12.0,13.0
APTUSDT,fast_alt,dump_reclaim,0.8,1.5,1.0,720,5,1,4,0,0,20.0,20.0,47.99999999999999,-27.999999999999993,-35.0,10.0,109.0,13.0,-12.0,-12.0,13.0
APTUSDT,fast_alt,dump_reclaim,0.8,2.0,1.0,240,5,1,3,1,0,20.0,25.0,39.99999999999999,-14.999999999999993,-14.845360824742283,10.0,89.0,10.577319587628859,-12.0,-12.0,18.000000000000004
APTUSDT,fast_alt,dump_reclaim,0.8,2.0,1.0,480,5,1,4,0,0,20.0,20.0,39.99999999999999,-19.999999999999993,-29.999999999999996,10.0,109.0,18.000000000000004,-12.0,-12.0,18.000000000000004
APTUSDT,fast_alt,dump_reclaim,0.8,2.0,1.0,720,5,1,4,0,0,20.0,20.0,39.99999999999999,-19.999999999999993,-29.999999999999996,10.0,109.0,18.000000000000004,-12.0,-12.0,18.000000000000004
APTUSDT,fast_alt,dump_reclaim,0.8,2.0,1.5,240,4,1,2,1,0,25.0,33.333333333333336,48.57142857142857,-15.238095238095234,-12.845360824742283,8.0,117.25,10.577319587628859,-17.0,-17.0,18.000000000000004
APTUSDT,fast_alt,dump_reclaim,0.8,2.0,1.5,480,4,1,3,0,0,25.0,25.0,48.57142857142857,-23.57142857142857,-33.0,8.0,144.25,18.000000000000004,-17.0,-17.0,18.000000000000004
APTUSDT,fast_alt,dump_reclaim,0.8,2.0,1.5,720,4,1,3,0,0,25.0,25.0,48.57142857142857,-23.57142857142857,-33.0,8.0,144.25,18.000000000000004,-17.0,-17.0,18.000000000000004
APTUSDT,fast_alt,dump_reclaim,0.8,2.5,1.2,240,5,1,3,1,0,20.0,25.0,37.837837837837846,-12.837837837837846,-15.845360824742286,10.0,101.6,13.077319587628857,-14.0,-14.0,23.0
APTUSDT,fast_alt,dump_reclaim,0.8,2.5,1.2,480,5,1,4,0,0,20.0,20.0,37.837837837837846,-17.837837837837846,-33.0,10.0,123.2,23.0,-14.0,-14.0,23.0
APTUSDT,fast_alt,dump_reclaim,0.8,2.5,1.2,720,5,1,4,0,0,20.0,20.0,37.837837837837846,-17.837837837837846,-33.0,10.0,123.2,23.0,-14.0,-14.0,23.0
APTUSDT,fast_alt,dump_reclaim,0.8,3.0,1.5,240,3,0,2,1,0,0.0,0.0,37.777777777777786,-37.777777777777786,-30.845360824742286,6.0,154.33333333333334,3.1546391752577136,-17.0,-17.0,3.1546391752577136
APTUSDT,fast_alt,dump_reclaim,0.8,3.0,1.5,480,3,0,3,0,0,0.0,0.0,37.777777777777786,-37.777777777777786,-51.0,6.0,190.33333333333334,0.0,-17.0,-17.0,-17.0
APTUSDT,fast_alt,dump_reclaim,0.8,3.0,1.5,720,3,0,3,0,0,0.0,0.0,37.777777777777786,-37.777777777777786,-51.0,6.0,190.33333333333334,0.0,-17.0,-17.0,-17.0
APTUSDT,fast_alt,dump_reclaim,1.2,1.5,1.0,240,0,0,0,0,0,0.0,,47.99999999999999,,0.0,0.0,0.0,0.0,0.0,0.0,0.0
APTUSDT,fast_alt,dump_reclaim,1.2,1.5,1.0,480,0,0,0,0,0,0.0,,47.99999999999999,,0.0,0.0,0.0,0.0,0.0,0.0,0.0
APTUSDT,fast_alt,dump_reclaim,1.2,1.5,1.0,720,0,0,0,0,0,0.0,,47.99999999999999,,0.0,0.0,0.0,0.0,0.0,0.0,0.0
APTUSDT,fast_alt,dump_reclaim,1.2,2.0,1.0,240,0,0,0,0,0,0.0,,39.99999999999999,,0.0,0.0,0.0,0.0,0.0,0.0,0.0
APTUSDT,fast_alt,dump_reclaim,1.2,2.0,1.0,480,0,0,0,0,0,0.0,,39.99999999999999,,0.0,0.0,0.0,0.0,0.0,0.0,0.0
APTUSDT,fast_alt,dump_reclaim,1.2,2.0,1.0,720,0,0,0,0,0,0.0,,39.99999999999999,,0.0,0.0,0.0,0.0,0.0,0.0,0.0
APTUSDT,fast_alt,dump_reclaim,1.2,2.0,1.5,240,0,0,0,0,0,0.0,,48.57142857142857,,0.0,0.0,0.0,0.0,0.0,0.0,0.0
APTUSDT,fast_alt,dump_reclaim,1.2,2.0,1.5,480,0,0,0,0,0,0.0,,48.57142857142857,,0.0,0.0,0.0,0.0,0.0,0.0,0.0
APTUSDT,fast_alt,dump_reclaim,1.2,2.0,1.5,720,0,0,0,0,0,0.0,,48.57142857142857,,0.0,0.0,0.0,0.0,0.0,0.0,0.0
APTUSDT,fast_alt,dump_reclaim,1.2,2.5,1.2,240,0,0,0,0,0,0.0,,37.837837837837846,,0.0,0.0,0.0,0.0,0.0,0.0,0.0
APTUSDT,fast_alt,dump_reclaim,1.2,2.5,1.2,480,0,0,0,0,0,0.0,,37.837837837837846,,0.0,0.0,0.0,0.0,0.0,0.0,0.0
APTUSDT,fast_alt,dump_reclaim,1.2,2.5,1.2,720,0,0,0,0,0,0.0,,37.837837837837846,,0.0,0.0,0.0,0.0,0.0,0.0,0.0
APTUSDT,fast_alt,dump_reclaim,1.2,3.0,1.5,240,0,0,0,0,0,0.0,,37.777777777777786,,0.0,0.0,0.0,0.0,0.0,0.0,0.0
APTUSDT,fast_alt,dump_reclaim,1.2,3.0,1.5,480,0,0,0,0,0,0.0,,37.777777777777786,,0.0,0.0,0.0,0.0,0.0,0.0,0.0
APTUSDT,fast_alt,dump_reclaim,1.2,3.0,1.5,720,0,0,0,0,0,0.0,,37.777777777777786,,0.0,0.0,0.0,0.0,0.0,0.0,0.0
APTUSDT,fast_alt,dump_reclaim,1.5,1.5,1.0,240,0,0,0,0,0,0.0,,47.99999999999999,,0.0,0.0,0.0,0.0,0.0,0.0,0.0
APTUSDT,fast_alt,dump_reclaim,1.5,1.5,1.0,480,0,0,0,0,0,0.0,,47.99999999999999,,0.0,0.0,0.0,0.0,0.0,0.0,0.0
APTUSDT,fast_alt,dump_reclaim,1.5,1.5,1.0,720,0,0,0,0,0,0.0,,47.99999999999999,,0.0,0.0,0.0,0.0,0.0,0.0,0.0
APTUSDT,fast_alt,dump_reclaim,1.5,2.0,1.0,240,0,0,0,0,0,0.0,,39.99999999999999,,0.0,0.0,0.0,0.0,0.0,0.0,0.0
APTUSDT,fast_alt,dump_reclaim,1.5,2.0,1.0,480,0,0,0,0,0,0.0,,39.99999999999999,,0.0,0.0,0.0,0.0,0.0,0.0,0.0
APTUSDT,fast_alt,dump_reclaim,1.5,2.0,1.0,720,0,0,0,0,0,0.0,,39.99999999999999,,0.0,0.0,0.0,0.0,0.0,0.0,0.0
APTUSDT,fast_alt,dump_reclaim,1.5,2.0,1.5,240,0,0,0,0,0,0.0,,48.57142857142857,,0.0,0.0,0.0,0.0,0.0,0.0,0.0
APTUSDT,fast_alt,dump_reclaim,1.5,2.0,1.5,480,0,0,0,0,0,0.0,,48.57142857142857,,0.0,0.0,0.0,0.0,0.0,0.0,0.0
APTUSDT,fast_alt,dump_reclaim,1.5,2.0,1.5,720,0,0,0,0,0,0.0,,48.57142857142857,,0.0,0.0,0.0,0.0,0.0,0.0,0.0
APTUSDT,fast_alt,dump_reclaim,1.5,2.5,1.2,240,0,0,0,0,0,0.0,,37.837837837837846,,0.0,0.0,0.0,0.0,0.0,0.0,0.0
APTUSDT,fast_alt,dump_reclaim,1.5,2.5,1.2,480,0,0,0,0,0,0.0,,37.837837837837846,,0.0,0.0,0.0,0.0,0.0,0.0,0.0
APTUSDT,fast_alt,dump_reclaim,1.5,2.5,1.2,720,0,0,0,0,0,0.0,,37.837837837837846,,0.0,0.0,0.0,0.0,0.0,0.0,0.0
APTUSDT,fast_alt,dump_reclaim,1.5,3.0,1.5,240,0,0,0,0,0,0.0,,37.777777777777786,,0.0,0.0,0.0,0.0,0.0,0.0,0.0
APTUSDT,fast_alt,dump_reclaim,1.5,3.0,1.5,480,0,0,0,0,0,0.0,,37.777777777777786,,0.0,0.0,0.0,0.0,0.0,0.0,0.0
APTUSDT,fast_alt,dump_reclaim,1.5,3.0,1.5,720,0,0,0,0,0,0.0,,37.777777777777786,,0.0,0.0,0.0,0.0,0.0,0.0,0.0
ARBUSDT,fast_alt,always_in_15m,0.0,1.5,1.0,240,175,72,100,3,0,41.142857142857146,41.86046511627907,47.99999999999999,-6.13953488372092,-265.7627725283265,350.00000000000006,44.93714285714286,12.739226279906118,-11.965005121201775,-12.0,13.0
ARBUSDT,fast_alt,always_in_15m,0.0,1.5,1.0,480,177,74,103,0,0,41.80790960451977,41.80790960451977,47.99999999999999,-6.192090395480221,-274.0,354.0,44.44632768361582,13.0,-12.0,-12.0,13.0
ARBUSDT,fast_alt,always_in_15m,0.0,1.5,1.0,720,177,74,103,0,0,41.80790960451977,41.80790960451977,47.99999999999999,-6.192090395480221,-274.0,354.0,44.44632768361582,13.0,-12.0,-12.0,13.0
ARBUSDT,fast_alt,always_in_15m,0.0,2.0,1.0,240,137,40,89,8,0,29.197080291970803,31.007751937984494,39.99999999999999,-8.992248062015499,-333.45779950510547,274.0,59.416058394160586,17.05602084085675,-11.655082973148412,-12.0,18.000000000000004
ARBUSDT,fast_alt,always_in_15m,0.0,2.0,1.0,480,133,42,91,0,0,31.57894736842105,31.57894736842105,39.99999999999999,-8.421052631578942,-336.0,266.0,61.83458646616541,18.000000000000004,-12.0,-12.0,18.000000000000004
ARBUSDT,fast_alt,always_in_15m,0.0,2.0,1.0,720,133,42,91,0,0,31.57894736842105,31.57894736842105,39.99999999999999,-8.421052631578942,-336.0,266.0,61.83458646616541,18.000000000000004,-12.0,-12.0,18.000000000000004
ARBUSDT,fast_alt,always_in_15m,0.0,2.0,1.5,240,108,41,56,11,0,37.96296296296296,42.2680412371134,48.57142857142857,-6.303387334315168,-217.69187105864418,216.0,78.02777777777777,16.44312867430208,-15.71089983994419,-17.0,18.000000000000004
ARBUSDT,fast_alt,always_in_15m,0.0,2.0,1.5,480,104,41,60,3,0,39.42307692307692,40.59405940594059,48.57142857142857,-7.977369165487978,-285.44046480279167,208.00000000000003,81.8173076923077,17.769566600167696,-16.641326806610238,-17.0,18.000000000000004
ARBUSDT,fast_alt,always_in_15m,0.0,2.0,1.5,720,101,40,59,2,0,39.603960396039604,40.4040404040404,48.57142857142857,-8.167388167388168,-269.5759300656842,202.0,84.45544554455445,17.46247785557895,-17.0,-17.0,18.000000000000004
ARBUSDT,fast_alt,always_in_15m,0.0,2.5,1.2,240,110,31,68,11,0,28.181818181818183,31.31313131313131,37.837837837837846,-6.524706524706534,-190.61763329832257,220.0,76.5909090909091,20.323725112294586,-13.373877605076622,-14.0,23.0
ARBUSDT,fast_alt,always_in_15m,0.0,2.5,1.2,480,107,34,70,3,0,31.77570093457944,32.69230769230769,37.837837837837846,-5.145530145530152,-179.7781178794162,214.0,79.41121495327103,22.380525932804044,-13.8799584712727,-14.0,23.0
ARBUSDT,fast_alt,always_in_15m,0.0,2.5,1.2,720,108,35,72,1,0,32.407407407407405,32.71028037383178,37.837837837837846,-5.127557464006067,-186.64014687882496,216.0,78.74074074074075,22.815551475588197,-14.0,-14.0,23.0
ARBUSDT,fast_alt,always_in_15m,0.0,3.0,1.5,240,93,27,53,13,0,29.032258064516128,33.75,37.777777777777786,-4.027777777777786,-140.71532971491303,186.0,92.29032258064517,24.461386197865,-15.7990179040743,-17.0,27.999999999999996
ARBUSDT,fast_alt,always_in_15m,0.0,3.0,1.5,480,86,28,54,4,0,32.55813953488372,34.146341463414636,37.777777777777786,-3.6314363143631496,-128.54062726494908,172.0,100.95348837209302,26.63475758132004,-16.56398847686697,-17.0,27.999999999999996
ARBUSDT,fast_alt,always_in_15m,0.0,3.0,1.5,720,85,28,55,2,0,32.94117647058823,33.734939759036145,37.777777777777786,-4.042838018741641,-137.57593006568425,170.0,102.44705882352942,26.580802331143857,-17.0,-17.0,27.999999999999996
ARBUSDT,fast_alt,dump_reclaim,0.8,1.5,1.0,240,11,4,7,0,0,36.36363636363637,36.36363636363637,47.99999999999999,-11.636363636363626,-32.0,22.0,24.454545454545453,13.0,-12.0,-12.0,13.0
ARBUSDT,fast_alt,dump_reclaim,0.8,1.5,1.0,480,11,4,7,0,0,36.36363636363637,36.36363636363637,47.99999999999999,-11.636363636363626,-32.0,22.0,24.454545454545453,13.0,-12.0,-12.0,13.0
ARBUSDT,fast_alt,dump_reclaim,0.8,1.5,1.0,720,11,4,7,0,0,36.36363636363637,36.36363636363637,47.99999999999999,-11.636363636363626,-32.0,22.0,24.454545454545453,13.0,-12.0,-12.0,13.0
ARBUSDT,fast_alt,dump_reclaim,0.8,2.0,1.0,240,11,3,8,0,0,27.272727272727273,27.272727272727273,39.99999999999999,-12.72727272727272,-42.0,22.0,30.636363636363637,18.000000000000004,-12.0,-12.0,18.000000000000004
ARBUSDT,fast_alt,dump_reclaim,0.8,2.0,1.0,480,11,3,8,0,0,27.272727272727273,27.272727272727273,39.99999999999999,-12.72727272727272,-42.0,22.0,30.636363636363637,18.000000000000004,-12.0,-12.0,18.000000000000004
ARBUSDT,fast_alt,dump_reclaim,0.8,2.0,1.0,720,11,3,8,0,0,27.272727272727273,27.272727272727273,39.99999999999999,-12.72727272727272,-42.0,22.0,30.636363636363637,18.000000000000004,-12.0,-12.0,18.000000000000004
ARBUSDT,fast_alt,dump_reclaim,0.8,2.0,1.5,240,11,5,6,0,0,45.45454545454545,45.45454545454545,48.57142857142857,-3.116883116883116,-11.999999999999982,22.0,56.54545454545455,18.000000000000004,-17.0,-17.0,18.000000000000004
ARBUSDT,fast_alt,dump_reclaim,0.8,2.0,1.5,480,11,5,6,0,0,45.45454545454545,45.45454545454545,48.57142857142857,-3.116883116883116,-11.999999999999982,22.0,56.54545454545455,18.000000000000004,-17.0,-17.0,18.000000000000004
ARBUSDT,fast_alt,dump_reclaim,0.8,2.0,1.5,720,11,5,6,0,0,45.45454545454545,45.45454545454545,48.57142857142857,-3.116883116883116,-11.999999999999982,22.0,56.54545454545455,18.000000000000004,-17.0,-17.0,18.000000000000004
ARBUSDT,fast_alt,dump_reclaim,0.8,2.5,1.2,240,10,5,5,0,0,50.0,50.0,37.837837837837846,12.162162162162154,45.0,20.0,52.7,23.0,-14.0,-14.0,23.0
ARBUSDT,fast_alt,dump_reclaim,0.8,2.5,1.2,480,10,5,5,0,0,50.0,50.0,37.837837837837846,12.162162162162154,45.0,20.0,52.7,23.0,-14.0,-14.0,23.0
ARBUSDT,fast_alt,dump_reclaim,0.8,2.5,1.2,720,10,5,5,0,0,50.0,50.0,37.837837837837846,12.162162162162154,45.0,20.0,52.7,23.0,-14.0,-14.0,23.0
ARBUSDT,fast_alt,dump_reclaim,0.8,3.0,1.5,240,9,4,4,1,0,44.44444444444444,50.0,37.777777777777786,12.222222222222214,56.367816091954026,18.000000000000004,72.55555555555556,24.873563218390807,-17.0,-17.0,27.999999999999996
ARBUSDT,fast_alt,dump_reclaim,0.8,3.0,1.5,480,9,4,4,1,0,44.44444444444444,50.0,37.777777777777786,12.222222222222214,53.4942528735633,18.000000000000004,99.22222222222223,24.298850574712663,-17.0,-17.0,27.999999999999996
ARBUSDT,fast_alt,dump_reclaim,0.8,3.0,1.5,720,9,5,4,0,0,55.55555555555556,55.55555555555556,37.777777777777786,17.77777777777777,71.99999999999999,18.000000000000004,102.88888888888889,27.999999999999993,-17.0,-17.0,27.999999999999996
ARBUSDT,fast_alt,dump_reclaim,1.2,1.5,1.0,240,7,2,5,0,0,28.571428571428573,28.571428571428573,47.99999999999999,-19.42857142857142,-34.0,14.0,18.285714285714285,13.0,-12.0,-12.0,13.0
ARBUSDT,fast_alt,dump_reclaim,1.2,1.5,1.0,480,7,2,5,0,0,28.571428571428573,28.571428571428573,47.99999999999999,-19.42857142857142,-34.0,14.0,18.285714285714285,13.0,-12.0,-12.0,13.0
ARBUSDT,fast_alt,dump_reclaim,1.2,1.5,1.0,720,7,2,5,0,0,28.571428571428573,28.571428571428573,47.99999999999999,-19.42857142857142,-34.0,14.0,18.285714285714285,13.0,-12.0,-12.0,13.0
ARBUSDT,fast_alt,dump_reclaim,1.2,2.0,1.0,240,7,1,6,0,0,14.285714285714286,14.285714285714286,39.99999999999999,-25.714285714285708,-54.0,14.0,26.285714285714285,18.000000000000004,-12.0,-12.0,18.000000000000004
ARBUSDT,fast_alt,dump_reclaim,1.2,2.0,1.0,480,7,1,6,0,0,14.285714285714286,14.285714285714286,39.99999999999999,-25.714285714285708,-54.0,14.0,26.285714285714285,18.000000000000004,-12.0,-12.0,18.000000000000004
ARBUSDT,fast_alt,dump_reclaim,1.2,2.0,1.0,720,7,1,6,0,0,14.285714285714286,14.285714285714286,39.99999999999999,-25.714285714285708,-54.0,14.0,26.285714285714285,18.000000000000004,-12.0,-12.0,18.000000000000004
ARBUSDT,fast_alt,dump_reclaim,1.2,2.0,1.5,240,7,3,4,0,0,42.857142857142854,42.857142857142854,48.57142857142857,-5.714285714285715,-13.99999999999999,14.0,51.57142857142857,18.000000000000004,-17.0,-17.0,18.000000000000004
ARBUSDT,fast_alt,dump_reclaim,1.2,2.0,1.5,480,7,3,4,0,0,42.857142857142854,42.857142857142854,48.57142857142857,-5.714285714285715,-13.99999999999999,14.0,51.57142857142857,18.000000000000004,-17.0,-17.0,18.000000000000004
ARBUSDT,fast_alt,dump_reclaim,1.2,2.0,1.5,720,7,3,4,0,0,42.857142857142854,42.857142857142854,48.57142857142857,-5.714285714285715,-13.99999999999999,14.0,51.57142857142857,18.000000000000004,-17.0,-17.0,18.000000000000004
ARBUSDT,fast_alt,dump_reclaim,1.2,2.5,1.2,240,6,3,3,0,0,50.0,50.0,37.837837837837846,12.162162162162154,27.0,12.0,59.5,23.0,-14.0,-14.0,23.0
ARBUSDT,fast_alt,dump_reclaim,1.2,2.5,1.2,480,6,3,3,0,0,50.0,50.0,37.837837837837846,12.162162162162154,27.0,12.0,59.5,23.0,-14.0,-14.0,23.0
ARBUSDT,fast_alt,dump_reclaim,1.2,2.5,1.2,720,6,3,3,0,0,50.0,50.0,37.837837837837846,12.162162162162154,27.0,12.0,59.5,23.0,-14.0,-14.0,23.0
ARBUSDT,fast_alt,dump_reclaim,1.2,3.0,1.5,240,6,2,3,1,0,33.333333333333336,40.0,37.777777777777786,2.2222222222222143,17.367816091954026,12.0,70.0,22.789272030651343,-17.0,-17.0,27.999999999999996
ARBUSDT,fast_alt,dump_reclaim,1.2,3.0,1.5,480,6,2,3,1,0,33.333333333333336,40.0,37.777777777777786,2.2222222222222143,14.494252873563308,12.0,110.0,21.831417624521105,-17.0,-17.0,27.999999999999996
ARBUSDT,fast_alt,dump_reclaim,1.2,3.0,1.5,720,6,3,3,0,0,50.0,50.0,37.777777777777786,12.222222222222214,32.999999999999986,12.0,115.5,27.999999999999996,-17.0,-17.0,27.999999999999996
ARBUSDT,fast_alt,dump_reclaim,1.5,1.5,1.0,240,1,1,0,0,0,100.0,100.0,47.99999999999999,52.00000000000001,13.0,2.0,5.0,13.0,0.0,13.0,13.0
ARBUSDT,fast_alt,dump_reclaim,1.5,1.5,1.0,480,1,1,0,0,0,100.0,100.0,47.99999999999999,52.00000000000001,13.0,2.0,5.0,13.0,0.0,13.0,13.0
ARBUSDT,fast_alt,dump_reclaim,1.5,1.5,1.0,720,1,1,0,0,0,100.0,100.0,47.99999999999999,52.00000000000001,13.0,2.0,5.0,13.0,0.0,13.0,13.0
ARBUSDT,fast_alt,dump_reclaim,1.5,2.0,1.0,240,1,0,1,0,0,0.0,0.0,39.99999999999999,-39.99999999999999,-12.0,2.0,24.0,0.0,-12.0,-12.0,-12.0
ARBUSDT,fast_alt,dump_reclaim,1.5,2.0,1.0,480,1,0,1,0,0,0.0,0.0,39.99999999999999,-39.99999999999999,-12.0,2.0,24.0,0.0,-12.0,-12.0,-12.0
ARBUSDT,fast_alt,dump_reclaim,1.5,2.0,1.0,720,1,0,1,0,0,0.0,0.0,39.99999999999999,-39.99999999999999,-12.0,2.0,24.0,0.0,-12.0,-12.0,-12.0
ARBUSDT,fast_alt,dump_reclaim,1.5,2.0,1.5,240,1,0,1,0,0,0.0,0.0,48.57142857142857,-48.57142857142857,-17.0,2.0,28.0,0.0,-17.0,-17.0,-17.0
ARBUSDT,fast_alt,dump_reclaim,1.5,2.0,1.5,480,1,0,1,0,0,0.0,0.0,48.57142857142857,-48.57142857142857,-17.0,2.0,28.0,0.0,-17.0,-17.0,-17.0
ARBUSDT,fast_alt,dump_reclaim,1.5,2.0,1.5,720,1,0,1,0,0,0.0,0.0,48.57142857142857,-48.57142857142857,-17.0,2.0,28.0,0.0,-17.0,-17.0,-17.0
ARBUSDT,fast_alt,dump_reclaim,1.5,2.5,1.2,240,1,0,1,0,0,0.0,0.0,37.837837837837846,-37.837837837837846,-14.0,2.0,28.0,0.0,-14.0,-14.0,-14.0
ARBUSDT,fast_alt,dump_reclaim,1.5,2.5,1.2,480,1,0,1,0,0,0.0,0.0,37.837837837837846,-37.837837837837846,-14.0,2.0,28.0,0.0,-14.0,-14.0,-14.0
ARBUSDT,fast_alt,dump_reclaim,1.5,2.5,1.2,720,1,0,1,0,0,0.0,0.0,37.837837837837846,-37.837837837837846,-14.0,2.0,28.0,0.0,-14.0,-14.0,-14.0
ARBUSDT,fast_alt,dump_reclaim,1.5,3.0,1.5,240,1,0,1,0,0,0.0,0.0,37.777777777777786,-37.777777777777786,-17.0,2.0,28.0,0.0,-17.0,-17.0,-17.0
ARBUSDT,fast_alt,dump_reclaim,1.5,3.0,1.5,480,1,0,1,0,0,0.0,0.0,37.777777777777786,-37.777777777777786,-17.0,2.0,28.0,0.0,-17.0,-17.0,-17.0
ARBUSDT,fast_alt,dump_reclaim,1.5,3.0,1.5,720,1,0,1,0,0,0.0,0.0,37.777777777777786,-37.777777777777786,-17.0,2.0,28.0,0.0,-17.0,-17.0,-17.0
ATOMUSDT,large_alt,always_in_15m,0.0,1.5,1.0,240,70,15,38,17,0,21.428571428571427,28.30188679245283,47.99999999999999,-19.698113207547163,-285.3383557572878,140.0,124.42857142857143,10.517399756097,-10.765023966487954,-12.0,13.0
ATOMUSDT,large_alt,always_in_15m,0.0,1.5,1.0,480,65,19,41,5,0,29.23076923076923,31.666666666666668,47.99999999999999,-16.333333333333325,-246.58034728528543,130.0,136.2,11.691908791678419,-11.716333504702574,-12.0,13.0
ATOMUSDT,large_alt,always_in_15m,0.0,1.5,1.0,720,62,20,41,1,0,32.25806451612903,32.78688524590164,47.99999999999999,-15.213114754098356,-241.80234070221064,124.0,143.3548387096774,13.0,-11.947674778624062,-12.0,13.0
ATOMUSDT,large_alt,always_in_15m,0.0,2.0,1.0,240,64,9,37,18,0,14.0625,19.565217391304348,39.99999999999999,-20.434782608695645,-280.1454230032591,128.0,136.375,12.149215554172446,-10.8441587603992,-12.0,18.000000000000004
ATOMUSDT,large_alt,always_in_15m,0.0,2.0,1.0,480,51,11,33,7,0,21.568627450980394,25.0,39.99999999999999,-14.999999999999993,-215.78826445711076,102.00000000000001,175.41176470588235,15.882461032071179,-11.112112049316737,-12.0,18.000000000000004
ATOMUSDT,large_alt,always_in_15m,0.0,2.0,1.0,720,48,10,35,3,0,20.833333333333332,22.22222222222222,39.99999999999999,-17.77777777777777,-230.49034052050231,96.0,187.45833333333334,16.285509047138294,-11.831012474615607,-12.0,18.000000000000004
ATOMUSDT,large_alt,always_in_15m,0.0,2.0,1.5,240,49,7,17,25,0,14.285714285714286,29.166666666666668,48.57142857142857,-19.4047619047619,-232.11132209339536,98.0,180.10204081632654,11.13623935092804,-12.433065203280123,-17.0,18.000000000000004
ATOMUSDT,large_alt,always_in_15m,0.0,2.0,1.5,480,35,8,19,8,0,22.857142857142858,29.62962962962963,48.57142857142857,-18.94179894179894,-210.04018031500652,70.0,258.48571428571427,14.716474833953795,-15.496725145354093,-17.0,18.000000000000004
ATOMUSDT,large_alt,always_in_15m,0.0,2.0,1.5,720,34,10,21,3,0,29.41176470588235,32.25806451612903,48.57142857142857,-16.313364055299537,-197.96085047337093,68.0,267.3529411764706,18.000000000000004,-15.74836876972379,-17.0,18.000000000000004
ATOMUSDT,large_alt,always_in_15m,0.0,2.5,1.2,240,52,2,25,25,0,3.8461538461538463,7.407407407407407,37.837837837837846,-30.430430430430437,-266.32201843571005,104.00000000000001,168.75,9.645809150362824,-11.108355559220335,-14.0,23.0
ATOMUSDT,large_alt,always_in_15m,0.0,2.5,1.2,480,39,4,27,8,0,10.256410256410257,12.903225806451612,37.837837837837846,-24.934612031386234,-260.16640168379234,78.0,230.71794871794873,14.342615436415478,-12.974998020384387,-14.0,23.0
ATOMUSDT,large_alt,always_in_15m,0.0,2.5,1.2,720,36,4,26,6,0,11.11111111111111,13.333333333333334,37.837837837837846,-24.50450450450451,-239.91905602422744,72.00000000000001,251.41666666666666,12.408094397577257,-14.0,-14.0,23.0
ATOMUSDT,large_alt,always_in_15m,0.0,3.0,1.5,240,46,2,17,27,0,4.3478260869565215,10.526315789473685,37.777777777777786,-27.2514619883041,-255.394897575845,92.0,191.7391304347826,9.64543237981295,-12.905689783001268,-17.0,27.999999999999996
ATOMUSDT,large_alt,always_in_15m,0.0,3.0,1.5,480,30,2,17,11,0,6.666666666666667,10.526315789473685,37.777777777777786,-27.2514619883041,-224.4563963880208,60.0,302.53333333333336,16.21095512769102,-14.69274270790687,-17.0,27.999999999999996
ATOMUSDT,large_alt,always_in_15m,0.0,3.0,1.5,720,27,3,18,6,0,11.11111111111111,14.285714285714286,37.777777777777786,-23.4920634920635,-228.26635138548917,54.0,338.48148148148147,18.43523997370154,-14.565570511545314,-17.0,27.999999999999996
ATOMUSDT,large_alt,dump_reclaim,0.8,1.5,1.0,240,2,1,1,0,0,50.0,50.0,47.99999999999999,2.000000000000007,1.0,4.0,63.0,13.0,-12.0,-12.0,13.0
ATOMUSDT,large_alt,dump_reclaim,0.8,1.5,1.0,480,2,1,1,0,0,50.0,50.0,47.99999999999999,2.000000000000007,1.0,4.0,63.0,13.0,-12.0,-12.0,13.0
ATOMUSDT,large_alt,dump_reclaim,0.8,1.5,1.0,720,2,1,1,0,0,50.0,50.0,47.99999999999999,2.000000000000007,1.0,4.0,63.0,13.0,-12.0,-12.0,13.0
ATOMUSDT,large_alt,dump_reclaim,0.8,2.0,1.0,240,1,0,1,0,0,0.0,0.0,39.99999999999999,-39.99999999999999,-12.0,2.0,52.0,0.0,-12.0,-12.0,-12.0
ATOMUSDT,large_alt,dump_reclaim,0.8,2.0,1.0,480,1,0,1,0,0,0.0,0.0,39.99999999999999,-39.99999999999999,-12.0,2.0,52.0,0.0,-12.0,-12.0,-12.0
ATOMUSDT,large_alt,dump_reclaim,0.8,2.0,1.0,720,1,0,1,0,0,0.0,0.0,39.99999999999999,-39.99999999999999,-12.0,2.0,52.0,0.0,-12.0,-12.0,-12.0
ATOMUSDT,large_alt,dump_reclaim,0.8,2.0,1.5,240,1,0,1,0,0,0.0,0.0,48.57142857142857,-48.57142857142857,-17.0,2.0,53.0,0.0,-17.0,-17.0,-17.0
ATOMUSDT,large_alt,dump_reclaim,0.8,2.0,1.5,480,1,0,1,0,0,0.0,0.0,48.57142857142857,-48.57142857142857,-17.0,2.0,53.0,0.0,-17.0,-17.0,-17.0
ATOMUSDT,large_alt,dump_reclaim,0.8,2.0,1.5,720,1,0,1,0,0,0.0,0.0,48.57142857142857,-48.57142857142857,-17.0,2.0,53.0,0.0,-17.0,-17.0,-17.0
ATOMUSDT,large_alt,dump_reclaim,0.8,2.5,1.2,240,1,0,1,0,0,0.0,0.0,37.837837837837846,-37.837837837837846,-14.0,2.0,53.0,0.0,-14.0,-14.0,-14.0
ATOMUSDT,large_alt,dump_reclaim,0.8,2.5,1.2,480,1,0,1,0,0,0.0,0.0,37.837837837837846,-37.837837837837846,-14.0,2.0,53.0,0.0,-14.0,-14.0,-14.0
ATOMUSDT,large_alt,dump_reclaim,0.8,2.5,1.2,720,1,0,1,0,0,0.0,0.0,37.837837837837846,-37.837837837837846,-14.0,2.0,53.0,0.0,-14.0,-14.0,-14.0
ATOMUSDT,large_alt,dump_reclaim,0.8,3.0,1.5,240,1,0,1,0,0,0.0,0.0,37.777777777777786,-37.777777777777786,-17.0,2.0,53.0,0.0,-17.0,-17.0,-17.0
ATOMUSDT,large_alt,dump_reclaim,0.8,3.0,1.5,480,1,0,1,0,0,0.0,0.0,37.777777777777786,-37.777777777777786,-17.0,2.0,53.0,0.0,-17.0,-17.0,-17.0
ATOMUSDT,large_alt,dump_reclaim,0.8,3.0,1.5,720,1,0,1,0,0,0.0,0.0,37.777777777777786,-37.777777777777786,-17.0,2.0,53.0,0.0,-17.0,-17.0,-17.0
ATOMUSDT,large_alt,dump_reclaim,1.2,1.5,1.0,240,0,0,0,0,0,0.0,,47.99999999999999,,0.0,0.0,0.0,0.0,0.0,0.0,0.0
ATOMUSDT,large_alt,dump_reclaim,1.2,1.5,1.0,480,0,0,0,0,0,0.0,,47.99999999999999,,0.0,0.0,0.0,0.0,0.0,0.0,0.0
ATOMUSDT,large_alt,dump_reclaim,1.2,1.5,1.0,720,0,0,0,0,0,0.0,,47.99999999999999,,0.0,0.0,0.0,0.0,0.0,0.0,0.0
ATOMUSDT,large_alt,dump_reclaim,1.2,2.0,1.0,240,0,0,0,0,0,0.0,,39.99999999999999,,0.0,0.0,0.0,0.0,0.0,0.0,0.0
ATOMUSDT,large_alt,dump_reclaim,1.2,2.0,1.0,480,0,0,0,0,0,0.0,,39.99999999999999,,0.0,0.0,0.0,0.0,0.0,0.0,0.0
ATOMUSDT,large_alt,dump_reclaim,1.2,2.0,1.0,720,0,0,0,0,0,0.0,,39.99999999999999,,0.0,0.0,0.0,0.0,0.0,0.0,0.0
ATOMUSDT,large_alt,dump_reclaim,1.2,2.0,1.5,240,0,0,0,0,0,0.0,,48.57142857142857,,0.0,0.0,0.0,0.0,0.0,0.0,0.0
ATOMUSDT,large_alt,dump_reclaim,1.2,2.0,1.5,480,0,0,0,0,0,0.0,,48.57142857142857,,0.0,0.0,0.0,0.0,0.0,0.0,0.0
ATOMUSDT,large_alt,dump_reclaim,1.2,2.0,1.5,720,0,0,0,0,0,0.0,,48.57142857142857,,0.0,0.0,0.0,0.0,0.0,0.0,0.0
ATOMUSDT,large_alt,dump_reclaim,1.2,2.5,1.2,240,0,0,0,0,0,0.0,,37.837837837837846,,0.0,0.0,0.0,0.0,0.0,0.0,0.0
ATOMUSDT,large_alt,dump_reclaim,1.2,2.5,1.2,480,0,0,0,0,0,0.0,,37.837837837837846,,0.0,0.0,0.0,0.0,0.0,0.0,0.0
ATOMUSDT,large_alt,dump_reclaim,1.2,2.5,1.2,720,0,0,0,0,0,0.0,,37.837837837837846,,0.0,0.0,0.0,0.0,0.0,0.0,0.0
ATOMUSDT,large_alt,dump_reclaim,1.2,3.0,1.5,240,0,0,0,0,0,0.0,,37.777777777777786,,0.0,0.0,0.0,0.0,0.0,0.0,0.0
ATOMUSDT,large_alt,dump_reclaim,1.2,3.0,1.5,480,0,0,0,0,0,0.0,,37.777777777777786,,0.0,0.0,0.0,0.0,0.0,0.0,0.0
ATOMUSDT,large_alt,dump_reclaim,1.2,3.0,1.5,720,0,0,0,0,0,0.0,,37.777777777777786,,0.0,0.0,0.0,0.0,0.0,0.0,0.0
ATOMUSDT,large_alt,dump_reclaim,1.5,1.5,1.0,240,0,0,0,0,0,0.0,,47.99999999999999,,0.0,0.0,0.0,0.0,0.0,0.0,0.0
ATOMUSDT,large_alt,dump_reclaim,1.5,1.5,1.0,480,0,0,0,0,0,0.0,,47.99999999999999,,0.0,0.0,0.0,0.0,0.0,0.0,0.0
ATOMUSDT,large_alt,dump_reclaim,1.5,1.5,1.0,720,0,0,0,0,0,0.0,,47.99999999999999,,0.0,0.0,0.0,0.0,0.0,0.0,0.0
ATOMUSDT,large_alt,dump_reclaim,1.5,2.0,1.0,240,0,0,0,0,0,0.0,,39.99999999999999,,0.0,0.0,0.0,0.0,0.0,0.0,0.0
ATOMUSDT,large_alt,dump_reclaim,1.5,2.0,1.0,480,0,0,0,0,0,0.0,,39.99999999999999,,0.0,0.0,0.0,0.0,0.0,0.0,0.0
ATOMUSDT,large_alt,dump_reclaim,1.5,2.0,1.0,720,0,0,0,0,0,0.0,,39.99999999999999,,0.0,0.0,0.0,0.0,0.0,0.0,0.0
ATOMUSDT,large_alt,dump_reclaim,1.5,2.0,1.5,240,0,0,0,0,0,0.0,,48.57142857142857,,0.0,0.0,0.0,0.0,0.0,0.0,0.0
ATOMUSDT,large_alt,dump_reclaim,1.5,2.0,1.5,480,0,0,0,0,0,0.0,,48.57142857142857,,0.0,0.0,0.0,0.0,0.0,0.0,0.0
ATOMUSDT,large_alt,dump_reclaim,1.5,2.0,1.5,720,0,0,0,0,0,0.0,,48.57142857142857,,0.0,0.0,0.0,0.0,0.0,0.0,0.0
ATOMUSDT,large_alt,dump_reclaim,1.5,2.5,1.2,240,0,0,0,0,0,0.0,,37.837837837837846,,0.0,0.0,0.0,0.0,0.0,0.0,0.0
ATOMUSDT,large_alt,dump_reclaim,1.5,2.5,1.2,480,0,0,0,0,0,0.0,,37.837837837837846,,0.0,0.0,0.0,0.0,0.0,0.0,0.0
ATOMUSDT,large_alt,dump_reclaim,1.5,2.5,1.2,720,0,0,0,0,0,0.0,,37.837837837837846,,0.0,0.0,0.0,0.0,0.0,0.0,0.0
ATOMUSDT,large_alt,dump_reclaim,1.5,3.0,1.5,240,0,0,0,0,0,0.0,,37.777777777777786,,0.0,0.0,0.0,0.0,0.0,0.0,0.0
ATOMUSDT,large_alt,dump_reclaim,1.5,3.0,1.5,480,0,0,0,0,0,0.0,,37.777777777777786,,0.0,0.0,0.0,0.0,0.0,0.0,0.0
ATOMUSDT,large_alt,dump_reclaim,1.5,3.0,1.5,720,0,0,0,0,0,0.0,,37.777777777777786,,0.0,0.0,0.0,0.0,0.0,0.0,0.0
AVAXUSDT,large_alt,always_in_15m,0.0,1.5,1.0,240,55,12,20,23,0,21.818181818181817,37.5,47.99999999999999,-10.499999999999993,-94.09673293184996,110.0,158.85454545454544,9.793324044152056,-8.284663251854031,-12.0,13.0
AVAXUSDT,large_alt,always_in_15m,0.0,1.5,1.0,480,40,12,19,9,0,30.0,38.70967741935484,47.99999999999999,-9.290322580645153,-75.41622230444825,80.0,224.3,10.903986081083318,-10.411666650074222,-12.0,13.0
AVAXUSDT,large_alt,always_in_15m,0.0,1.5,1.0,720,41,15,22,4,0,36.58536585365854,40.54054054054054,47.99999999999999,-7.4594594594594525,-79.13747743100657,82.0,219.41463414634146,11.788432041305619,-11.647534255550084,-12.0,13.0
AVAXUSDT,large_alt,always_in_15m,0.0,2.0,1.0,240,49,5,18,26,0,10.204081632653061,21.73913043478261,39.99999999999999,-18.260869565217384,-90.41191339170302,98.0,178.91836734693877,9.539261136867621,-8.455439156623234,-12.0,18.000000000000004
AVAXUSDT,large_alt,always_in_15m,0.0,2.0,1.0,480,36,7,18,11,0,19.444444444444443,28.0,39.99999999999999,-11.999999999999993,-76.44018708502875,72.00000000000001,249.30555555555554,12.489861113816715,-10.382973111506349,-12.0,18.000000000000004
AVAXUSDT,large_alt,always_in_15m,0.0,2.0,1.0,720,30,9,17,4,0,30.0,34.61538461538461,39.99999999999999,-5.38461538461538,-52.137477431006545,60.0,302.43333333333334,15.218485882017774,-11.554780112273795,-12.0,18.000000000000004
AVAXUSDT,large_alt,always_in_15m,0.0,2.0,1.5,240,45,5,10,30,0,11.11111111111111,33.333333333333336,48.57142857142857,-15.238095238095234,-91.05562321668869,90.0,195.73333333333332,10.170127159841906,-9.426706604785755,-17.0,18.000000000000004
AVAXUSDT,large_alt,always_in_15m,0.0,2.0,1.5,480,31,5,13,13,0,16.129032258064516,27.77777777777778,48.57142857142857,-20.79365079365079,-104.93931967295721,62.0,292.3225806451613,11.743112231205439,-12.939824549864337,-17.0,18.000000000000004
AVAXUSDT,large_alt,always_in_15m,0.0,2.0,1.5,720,24,7,11,6,0,29.166666666666668,38.888888888888886,48.57142857142857,-9.682539682539684,-61.0384763497516,48.0,380.5,14.230871183119579,-14.524799155781954,-17.0,18.000000000000004
AVAXUSDT,large_alt,always_in_15m,0.0,2.5,1.2,240,47,4,13,30,0,8.51063829787234,23.529411764705884,37.837837837837846,-14.308426073131962,-68.21850460876465,94.0,187.2127659574468,10.281732053801594,-9.413264772535536,-14.0,23.0
AVAXUSDT,large_alt,always_in_15m,0.0,2.5,1.2,480,33,5,16,12,0,15.151515151515152,23.80952380952381,37.837837837837846,-14.028314028314036,-70.91081260907073,66.0,273.030303030303,13.217672639008118,-12.137027845808813,-14.0,23.0
AVAXUSDT,large_alt,always_in_15m,0.0,2.5,1.2,720,24,5,13,6,0,20.833333333333332,27.77777777777778,37.837837837837846,-10.060060060060067,-40.908694504546524,48.0,380.7916666666667,17.40356973651728,-13.169388142213473,-14.0,23.0
AVAXUSDT,large_alt,always_in_15m,0.0,3.0,1.5,240,43,1,9,33,0,2.3255813953488373,10.0,37.777777777777786,-27.777777777777786,-72.828796394081,86.0,205.0,9.25034329214173,-9.573399026105285,-17.0,27.999999999999996
AVAXUSDT,large_alt,always_in_15m,0.0,3.0,1.5,480,28,3,12,13,0,10.714285714285714,20.0,37.777777777777786,-17.777777777777786,-94.0762998792387,56.0,324.5357142857143,12.972154185871567,-13.927646819048581,-17.0,27.999999999999996
AVAXUSDT,large_alt,always_in_15m,0.0,3.0,1.5,720,22,4,10,8,0,18.181818181818183,28.571428571428573,37.777777777777786,-9.206349206349213,-28.956934338345306,44.0,416.0,17.840773947944886,-14.578761528449942,-17.0,27.999999999999996
AVAXUSDT,large_alt,dump_reclaim,0.8,1.5,1.0,240,1,0,1,0,0,0.0,0.0,47.99999999999999,-47.99999999999999,-12.0,2.0,23.0,0.0,-12.0,-12.0,-12.0
AVAXUSDT,large_alt,dump_reclaim,0.8,1.5,1.0,480,1,0,1,0,0,0.0,0.0,47.99999999999999,-47.99999999999999,-12.0,2.0,23.0,0.0,-12.0,-12.0,-12.0
AVAXUSDT,large_alt,dump_reclaim,0.8,1.5,1.0,720,1,0,1,0,0,0.0,0.0,47.99999999999999,-47.99999999999999,-12.0,2.0,23.0,0.0,-12.0,-12.0,-12.0
AVAXUSDT,large_alt,dump_reclaim,0.8,2.0,1.0,240,0,0,0,0,0,0.0,,39.99999999999999,,0.0,0.0,0.0,0.0,0.0,0.0,0.0
AVAXUSDT,large_alt,dump_reclaim,0.8,2.0,1.0,480,0,0,0,0,0,0.0,,39.99999999999999,,0.0,0.0,0.0,0.0,0.0,0.0,0.0
AVAXUSDT,large_alt,dump_reclaim,0.8,2.0,1.0,720,0,0,0,0,0,0.0,,39.99999999999999,,0.0,0.0,0.0,0.0,0.0,0.0,0.0
AVAXUSDT,large_alt,dump_reclaim,0.8,2.0,1.5,240,0,0,0,0,0,0.0,,48.57142857142857,,0.0,0.0,0.0,0.0,0.0,0.0,0.0
AVAXUSDT,large_alt,dump_reclaim,0.8,2.0,1.5,480,0,0,0,0,0,0.0,,48.57142857142857,,0.0,0.0,0.0,0.0,0.0,0.0,0.0
AVAXUSDT,large_alt,dump_reclaim,0.8,2.0,1.5,720,0,0,0,0,0,0.0,,48.57142857142857,,0.0,0.0,0.0,0.0,0.0,0.0,0.0
AVAXUSDT,large_alt,dump_reclaim,0.8,2.5,1.2,240,0,0,0,0,0,0.0,,37.837837837837846,,0.0,0.0,0.0,0.0,0.0,0.0,0.0
AVAXUSDT,large_alt,dump_reclaim,0.8,2.5,1.2,480,0,0,0,0,0,0.0,,37.837837837837846,,0.0,0.0,0.0,0.0,0.0,0.0,0.0
AVAXUSDT,large_alt,dump_reclaim,0.8,2.5,1.2,720,0,0,0,0,0,0.0,,37.837837837837846,,0.0,0.0,0.0,0.0,0.0,0.0,0.0
AVAXUSDT,large_alt,dump_reclaim,0.8,3.0,1.5,240,0,0,0,0,0,0.0,,37.777777777777786,,0.0,0.0,0.0,0.0,0.0,0.0,0.0
AVAXUSDT,large_alt,dump_reclaim,0.8,3.0,1.5,480,0,0,0,0,0,0.0,,37.777777777777786,,0.0,0.0,0.0,0.0,0.0,0.0,0.0
AVAXUSDT,large_alt,dump_reclaim,0.8,3.0,1.5,720,0,0,0,0,0,0.0,,37.777777777777786,,0.0,0.0,0.0,0.0,0.0,0.0,0.0
AVAXUSDT,large_alt,dump_reclaim,1.2,1.5,1.0,240,0,0,0,0,0,0.0,,47.99999999999999,,0.0,0.0,0.0,0.0,0.0,0.0,0.0
AVAXUSDT,large_alt,dump_reclaim,1.2,1.5,1.0,480,0,0,0,0,0,0.0,,47.99999999999999,,0.0,0.0,0.0,0.0,0.0,0.0,0.0
AVAXUSDT,large_alt,dump_reclaim,1.2,1.5,1.0,720,0,0,0,0,0,0.0,,47.99999999999999,,0.0,0.0,0.0,0.0,0.0,0.0,0.0
AVAXUSDT,large_alt,dump_reclaim,1.2,2.0,1.0,240,0,0,0,0,0,0.0,,39.99999999999999,,0.0,0.0,0.0,0.0,0.0,0.0,0.0
AVAXUSDT,large_alt,dump_reclaim,1.2,2.0,1.0,480,0,0,0,0,0,0.0,,39.99999999999999,,0.0,0.0,0.0,0.0,0.0,0.0,0.0
AVAXUSDT,large_alt,dump_reclaim,1.2,2.0,1.0,720,0,0,0,0,0,0.0,,39.99999999999999,,0.0,0.0,0.0,0.0,0.0,0.0,0.0
AVAXUSDT,large_alt,dump_reclaim,1.2,2.0,1.5,240,0,0,0,0,0,0.0,,48.57142857142857,,0.0,0.0,0.0,0.0,0.0,0.0,0.0
AVAXUSDT,large_alt,dump_reclaim,1.2,2.0,1.5,480,0,0,0,0,0,0.0,,48.57142857142857,,0.0,0.0,0.0,0.0,0.0,0.0,0.0
AVAXUSDT,large_alt,dump_reclaim,1.2,2.0,1.5,720,0,0,0,0,0,0.0,,48.57142857142857,,0.0,0.0,0.0,0.0,0.0,0.0,0.0
AVAXUSDT,large_alt,dump_reclaim,1.2,2.5,1.2,240,0,0,0,0,0,0.0,,37.837837837837846,,0.0,0.0,0.0,0.0,0.0,0.0,0.0
AVAXUSDT,large_alt,dump_reclaim,1.2,2.5,1.2,480,0,0,0,0,0,0.0,,37.837837837837846,,0.0,0.0,0.0,0.0,0.0,0.0,0.0
AVAXUSDT,large_alt,dump_reclaim,1.2,2.5,1.2,720,0,0,0,0,0,0.0,,37.837837837837846,,0.0,0.0,0.0,0.0,0.0,0.0,0.0
AVAXUSDT,large_alt,dump_reclaim,1.2,3.0,1.5,240,0,0,0,0,0,0.0,,37.777777777777786,,0.0,0.0,0.0,0.0,0.0,0.0,0.0
AVAXUSDT,large_alt,dump_reclaim,1.2,3.0,1.5,480,0,0,0,0,0,0.0,,37.777777777777786,,0.0,0.0,0.0,0.0,0.0,0.0,0.0
AVAXUSDT,large_alt,dump_reclaim,1.2,3.0,1.5,720,0,0,0,0,0,0.0,,37.777777777777786,,0.0,0.0,0.0,0.0,0.0,0.0,0.0
AVAXUSDT,large_alt,dump_reclaim,1.5,1.5,1.0,240,0,0,0,0,0,0.0,,47.99999999999999,,0.0,0.0,0.0,0.0,0.0,0.0,0.0
AVAXUSDT,large_alt,dump_reclaim,1.5,1.5,1.0,480,0,0,0,0,0,0.0,,47.99999999999999,,0.0,0.0,0.0,0.0,0.0,0.0,0.0
AVAXUSDT,large_alt,dump_reclaim,1.5,1.5,1.0,720,0,0,0,0,0,0.0,,47.99999999999999,,0.0,0.0,0.0,0.0,0.0,0.0,0.0
AVAXUSDT,large_alt,dump_reclaim,1.5,2.0,1.0,240,0,0,0,0,0,0.0,,39.99999999999999,,0.0,0.0,0.0,0.0,0.0,0.0,0.0
AVAXUSDT,large_alt,dump_reclaim,1.5,2.0,1.0,480,0,0,0,0,0,0.0,,39.99999999999999,,0.0,0.0,0.0,0.0,0.0,0.0,0.0
AVAXUSDT,large_alt,dump_reclaim,1.5,2.0,1.0,720,0,0,0,0,0,0.0,,39.99999999999999,,0.0,0.0,0.0,0.0,0.0,0.0,0.0
AVAXUSDT,large_alt,dump_reclaim,1.5,2.0,1.5,240,0,0,0,0,0,0.0,,48.57142857142857,,0.0,0.0,0.0,0.0,0.0,0.0,0.0
AVAXUSDT,large_alt,dump_reclaim,1.5,2.0,1.5,480,0,0,0,0,0,0.0,,48.57142857142857,,0.0,0.0,0.0,0.0,0.0,0.0,0.0
AVAXUSDT,large_alt,dump_reclaim,1.5,2.0,1.5,720,0,0,0,0,0,0.0,,48.57142857142857,,0.0,0.0,0.0,0.0,0.0,0.0,0.0
AVAXUSDT,large_alt,dump_reclaim,1.5,2.5,1.2,240,0,0,0,0,0,0.0,,37.837837837837846,,0.0,0.0,0.0,0.0,0.0,0.0,0.0
AVAXUSDT,large_alt,dump_reclaim,1.5,2.5,1.2,480,0,0,0,0,0,0.0,,37.837837837837846,,0.0,0.0,0.0,0.0,0.0,0.0,0.0
AVAXUSDT,large_alt,dump_reclaim,1.5,2.5,1.2,720,0,0,0,0,0,0.0,,37.837837837837846,,0.0,0.0,0.0,0.0,0.0,0.0,0.0
AVAXUSDT,large_alt,dump_reclaim,1.5,3.0,1.5,240,0,0,0,0,0,0.0,,37.777777777777786,,0.0,0.0,0.0,0.0,0.0,0.0,0.0
AVAXUSDT,large_alt,dump_reclaim,1.5,3.0,1.5,480,0,0,0,0,0,0.0,,37.777777777777786,,0.0,0.0,0.0,0.0,0.0,0.0,0.0
AVAXUSDT,large_alt,dump_reclaim,1.5,3.0,1.5,720,0,0,0,0,0,0.0,,37.777777777777786,,0.0,0.0,0.0,0.0,0.0,0.0,0.0
BCHUSDT,large_alt,always_in_15m,0.0,1.5,1.0,240,57,11,23,23,0,19.29824561403509,32.35294117647059,47.99999999999999,-15.647058823529406,-124.76823252898104,114.0,152.94736842105263,9.63138461067572,-9.084091926476976,-12.0,13.0
BCHUSDT,large_alt,always_in_15m,0.0,1.5,1.0,480,49,15,27,7,0,30.612244897959183,35.714285714285715,47.99999999999999,-12.285714285714278,-115.30878657078323,98.0,181.9591836734694,10.98958388398594,-11.555188422431105,-12.0,13.0
BCHUSDT,large_alt,always_in_15m,0.0,1.5,1.0,720,46,17,26,3,0,36.95652173913044,39.53488372093023,47.99999999999999,-8.465116279069761,-92.68992460402728,92.0,195.67391304347825,11.974802922115597,-11.85967333793421,-12.0,13.0
BCHUSDT,large_alt,always_in_15m,0.0,2.0,1.0,240,54,6,21,27,0,11.11111111111111,22.22222222222222,39.99999999999999,-17.77777777777777,-126.71229955364332,108.0,161.4814814814815,11.221912047572957,-8.059549797758173,-12.0,18.000000000000004
BCHUSDT,large_alt,always_in_15m,0.0,2.0,1.0,480,43,9,24,10,0,20.930232558139537,27.272727272727273,39.99999999999999,-12.72727272727272,-106.15893083202265,86.0,208.06976744186048,13.816258699887955,-11.192957547512211,-12.0,18.000000000000004
BCHUSDT,large_alt,always_in_15m,0.0,2.0,1.0,720,40,10,25,5,0,25.0,28.571428571428573,39.99999999999999,-11.42857142857142,-115.03158489348085,80.0,224.45,15.08044392803362,-11.52138355399696,-12.0,18.000000000000004
BCHUSDT,large_alt,always_in_15m,0.0,2.0,1.5,240,47,6,13,28,0,12.76595744680851,31.57894736842105,48.57142857142857,-16.992481203007518,-136.2515985911816,94.0,186.46808510638297,9.563869092162394,-10.634525594831196,-17.0,18.000000000000004
BCHUSDT,large_alt,always_in_15m,0.0,2.0,1.5,480,33,8,14,11,0,24.242424242424242,36.36363636363637,48.57142857142857,-12.207792207792203,-95.96502118920971,66.0,272.6060606060606,13.161107362217024,-14.748448645276213,-17.0,18.000000000000004
BCHUSDT,large_alt,always_in_15m,0.0,2.0,1.5,720,27,8,12,7,0,29.62962962962963,40.0,48.57142857142857,-8.57142857142857,-86.76966411816916,54.0,335.74074074074076,16.013977684888115,-14.524084762767663,-17.0,18.000000000000004
BCHUSDT,large_alt,always_in_15m,0.0,2.5,1.2,240,48,2,16,30,0,4.166666666666667,11.11111111111111,37.837837837837846,-26.726726726726735,-144.8690251258453,96.0,182.41666666666666,8.75932560420305,-9.47669549668701,-14.0,23.0
BCHUSDT,large_alt,always_in_15m,0.0,2.5,1.2,480,33,5,18,10,0,15.151515151515152,21.73913043478261,37.837837837837846,-16.098707403055236,-92.53566221522024,66.0,274.06060606060606,13.750005167278962,-13.564286469492336,-14.0,23.0
BCHUSDT,large_alt,always_in_15m,0.0,2.5,1.2,720,29,6,17,6,0,20.689655172413794,26.08695652173913,37.837837837837846,-11.750881316098717,-84.09146542349501,58.0,312.7241379310345,14.738155881884417,-13.6783988957902,-14.0,23.0
BCHUSDT,large_alt,always_in_15m,0.0,3.0,1.5,240,44,1,13,30,0,2.272727272727273,7.142857142857143,37.777777777777786,-30.634920634920643,-145.5855037900637,88.0,199.9318181818182,8.348898163802348,-10.648769354618654,-17.0,27.999999999999996
BCHUSDT,large_alt,always_in_15m,0.0,3.0,1.5,480,30,3,15,12,0,10.0,16.666666666666668,37.777777777777786,-21.111111111111118,-119.40333396284183,60.0,300.96666666666664,13.528414098542731,-15.652461285853033,-17.0,27.999999999999996
BCHUSDT,large_alt,always_in_15m,0.0,3.0,1.5,720,20,2,9,9,0,10.0,18.181818181818183,37.777777777777786,-19.595959595959602,-89.84625673878756,40.0,456.1,11.813339078027308,-15.362747446917169,-17.0,27.999999999999996
BCHUSDT,large_alt,dump_reclaim,0.8,1.5,1.0,240,1,1,0,0,0,100.0,100.0,47.99999999999999,52.00000000000001,13.0,2.0,141.0,13.0,0.0,13.0,13.0
BCHUSDT,large_alt,dump_reclaim,0.8,1.5,1.0,480,1,1,0,0,0,100.0,100.0,47.99999999999999,52.00000000000001,13.0,2.0,141.0,13.0,0.0,13.0,13.0
BCHUSDT,large_alt,dump_reclaim,0.8,1.5,1.0,720,1,1,0,0,0,100.0,100.0,47.99999999999999,52.00000000000001,13.0,2.0,141.0,13.0,0.0,13.0,13.0
BCHUSDT,large_alt,dump_reclaim,0.8,2.0,1.0,240,1,0,1,0,0,0.0,0.0,39.99999999999999,-39.99999999999999,-12.0,2.0,208.0,0.0,-12.0,-12.0,-12.0
BCHUSDT,large_alt,dump_reclaim,0.8,2.0,1.0,480,1,0,1,0,0,0.0,0.0,39.99999999999999,-39.99999999999999,-12.0,2.0,208.0,0.0,-12.0,-12.0,-12.0
BCHUSDT,large_alt,dump_reclaim,0.8,2.0,1.0,720,1,0,1,0,0,0.0,0.0,39.99999999999999,-39.99999999999999,-12.0,2.0,208.0,0.0,-12.0,-12.0,-12.0
BCHUSDT,large_alt,dump_reclaim,0.8,2.0,1.5,240,1,0,1,0,0,0.0,0.0,48.57142857142857,-48.57142857142857,-17.0,2.0,211.0,0.0,-17.0,-17.0,-17.0
BCHUSDT,large_alt,dump_reclaim,0.8,2.0,1.5,480,1,0,1,0,0,0.0,0.0,48.57142857142857,-48.57142857142857,-17.0,2.0,211.0,0.0,-17.0,-17.0,-17.0
BCHUSDT,large_alt,dump_reclaim,0.8,2.0,1.5,720,1,0,1,0,0,0.0,0.0,48.57142857142857,-48.57142857142857,-17.0,2.0,211.0,0.0,-17.0,-17.0,-17.0
BCHUSDT,large_alt,dump_reclaim,0.8,2.5,1.2,240,0,0,0,0,0,0.0,,37.837837837837846,,0.0,0.0,0.0,0.0,0.0,0.0,0.0
BCHUSDT,large_alt,dump_reclaim,0.8,2.5,1.2,480,0,0,0,0,0,0.0,,37.837837837837846,,0.0,0.0,0.0,0.0,0.0,0.0,0.0
BCHUSDT,large_alt,dump_reclaim,0.8,2.5,1.2,720,0,0,0,0,0,0.0,,37.837837837837846,,0.0,0.0,0.0,0.0,0.0,0.0,0.0
BCHUSDT,large_alt,dump_reclaim,0.8,3.0,1.5,240,0,0,0,0,0,0.0,,37.777777777777786,,0.0,0.0,0.0,0.0,0.0,0.0,0.0
BCHUSDT,large_alt,dump_reclaim,0.8,3.0,1.5,480,0,0,0,0,0,0.0,,37.777777777777786,,0.0,0.0,0.0,0.0,0.0,0.0,0.0
BCHUSDT,large_alt,dump_reclaim,0.8,3.0,1.5,720,0,0,0,0,0,0.0,,37.777777777777786,,0.0,0.0,0.0,0.0,0.0,0.0,0.0
BCHUSDT,large_alt,dump_reclaim,1.2,1.5,1.0,240,1,1,0,0,0,100.0,100.0,47.99999999999999,52.00000000000001,13.0,2.0,141.0,13.0,0.0,13.0,13.0
BCHUSDT,large_alt,dump_reclaim,1.2,1.5,1.0,480,1,1,0,0,0,100.0,100.0,47.99999999999999,52.00000000000001,13.0,2.0,141.0,13.0,0.0,13.0,13.0
BCHUSDT,large_alt,dump_reclaim,1.2,1.5,1.0,720,1,1,0,0,0,100.0,100.0,47.99999999999999,52.00000000000001,13.0,2.0,141.0,13.0,0.0,13.0,13.0
BCHUSDT,large_alt,dump_reclaim,1.2,2.0,1.0,240,1,0,1,0,0,0.0,0.0,39.99999999999999,-39.99999999999999,-12.0,2.0,208.0,0.0,-12.0,-12.0,-12.0
BCHUSDT,large_alt,dump_reclaim,1.2,2.0,1.0,480,1,0,1,0,0,0.0,0.0,39.99999999999999,-39.99999999999999,-12.0,2.0,208.0,0.0,-12.0,-12.0,-12.0
BCHUSDT,large_alt,dump_reclaim,1.2,2.0,1.0,720,1,0,1,0,0,0.0,0.0,39.99999999999999,-39.99999999999999,-12.0,2.0,208.0,0.0,-12.0,-12.0,-12.0
BCHUSDT,large_alt,dump_reclaim,1.2,2.0,1.5,240,1,0,1,0,0,0.0,0.0,48.57142857142857,-48.57142857142857,-17.0,2.0,211.0,0.0,-17.0,-17.0,-17.0
BCHUSDT,large_alt,dump_reclaim,1.2,2.0,1.5,480,1,0,1,0,0,0.0,0.0,48.57142857142857,-48.57142857142857,-17.0,2.0,211.0,0.0,-17.0,-17.0,-17.0
BCHUSDT,large_alt,dump_reclaim,1.2,2.0,1.5,720,1,0,1,0,0,0.0,0.0,48.57142857142857,-48.57142857142857,-17.0,2.0,211.0,0.0,-17.0,-17.0,-17.0
BCHUSDT,large_alt,dump_reclaim,1.2,2.5,1.2,240,0,0,0,0,0,0.0,,37.837837837837846,,0.0,0.0,0.0,0.0,0.0,0.0,0.0
BCHUSDT,large_alt,dump_reclaim,1.2,2.5,1.2,480,0,0,0,0,0,0.0,,37.837837837837846,,0.0,0.0,0.0,0.0,0.0,0.0,0.0
BCHUSDT,large_alt,dump_reclaim,1.2,2.5,1.2,720,0,0,0,0,0,0.0,,37.837837837837846,,0.0,0.0,0.0,0.0,0.0,0.0,0.0
BCHUSDT,large_alt,dump_reclaim,1.2,3.0,1.5,240,0,0,0,0,0,0.0,,37.777777777777786,,0.0,0.0,0.0,0.0,0.0,0.0,0.0
BCHUSDT,large_alt,dump_reclaim,1.2,3.0,1.5,480,0,0,0,0,0,0.0,,37.777777777777786,,0.0,0.0,0.0,0.0,0.0,0.0,0.0
BCHUSDT,large_alt,dump_reclaim,1.2,3.0,1.5,720,0,0,0,0,0,0.0,,37.777777777777786,,0.0,0.0,0.0,0.0,0.0,0.0,0.0
BCHUSDT,large_alt,dump_reclaim,1.5,1.5,1.0,240,0,0,0,0,0,0.0,,47.99999999999999,,0.0,0.0,0.0,0.0,0.0,0.0,0.0
BCHUSDT,large_alt,dump_reclaim,1.5,1.5,1.0,480,0,0,0,0,0,0.0,,47.99999999999999,,0.0,0.0,0.0,0.0,0.0,0.0,0.0
BCHUSDT,large_alt,dump_reclaim,1.5,1.5,1.0,720,0,0,0,0,0,0.0,,47.99999999999999,,0.0,0.0,0.0,0.0,0.0,0.0,0.0
BCHUSDT,large_alt,dump_reclaim,1.5,2.0,1.0,240,0,0,0,0,0,0.0,,39.99999999999999,,0.0,0.0,0.0,0.0,0.0,0.0,0.0
BCHUSDT,large_alt,dump_reclaim,1.5,2.0,1.0,480,0,0,0,0,0,0.0,,39.99999999999999,,0.0,0.0,0.0,0.0,0.0,0.0,0.0
BCHUSDT,large_alt,dump_reclaim,1.5,2.0,1.0,720,0,0,0,0,0,0.0,,39.99999999999999,,0.0,0.0,0.0,0.0,0.0,0.0,0.0
BCHUSDT,large_alt,dump_reclaim,1.5,2.0,1.5,240,0,0,0,0,0,0.0,,48.57142857142857,,0.0,0.0,0.0,0.0,0.0,0.0,0.0
BCHUSDT,large_alt,dump_reclaim,1.5,2.0,1.5,480,0,0,0,0,0,0.0,,48.57142857142857,,0.0,0.0,0.0,0.0,0.0,0.0,0.0
BCHUSDT,large_alt,dump_reclaim,1.5,2.0,1.5,720,0,0,0,0,0,0.0,,48.57142857142857,,0.0,0.0,0.0,0.0,0.0,0.0,0.0
BCHUSDT,large_alt,dump_reclaim,1.5,2.5,1.2,240,0,0,0,0,0,0.0,,37.837837837837846,,0.0,0.0,0.0,0.0,0.0,0.0,0.0
BCHUSDT,large_alt,dump_reclaim,1.5,2.5,1.2,480,0,0,0,0,0,0.0,,37.837837837837846,,0.0,0.0,0.0,0.0,0.0,0.0,0.0
BCHUSDT,large_alt,dump_reclaim,1.5,2.5,1.2,720,0,0,0,0,0,0.0,,37.837837837837846,,0.0,0.0,0.0,0.0,0.0,0.0,0.0
BCHUSDT,large_alt,dump_reclaim,1.5,3.0,1.5,240,0,0,0,0,0,0.0,,37.777777777777786,,0.0,0.0,0.0,0.0,0.0,0.0,0.0
BCHUSDT,large_alt,dump_reclaim,1.5,3.0,1.5,480,0,0,0,0,0,0.0,,37.777777777777786,,0.0,0.0,0.0,0.0,0.0,0.0,0.0
BCHUSDT,large_alt,dump_reclaim,1.5,3.0,1.5,720,0,0,0,0,0,0.0,,37.777777777777786,,0.0,0.0,0.0,0.0,0.0,0.0,0.0
BNBUSDT,major,always_in_15m,0.0,1.5,1.0,240,42,3,8,31,0,7.142857142857143,27.272727272727273,47.99999999999999,-20.72727272727272,-78.19189325910936,84.0,209.85714285714286,6.6139227619316046,-5.661134109111043,-12.0,13.0
BNBUSDT,major,always_in_15m,0.0,1.5,1.0,480,26,2,11,13,0,7.6923076923076925,15.384615384615385,47.99999999999999,-32.615384615384606,-79.43990123711119,52.00000000000001,347.46153846153845,7.11296054611592,-9.410594168641902,-12.0,13.0
BNBUSDT,major,always_in_15m,0.0,1.5,1.0,720,23,5,11,7,0,21.73913043478261,31.25,47.99999999999999,-16.749999999999993,-52.029444497198966,46.0,397.2608695652174,8.43637096344499,-10.491781087049914,-12.0,13.0
BNBUSDT,major,always_in_15m,0.0,2.0,1.0,240,41,1,8,32,0,2.4390243902439024,11.11111111111111,39.99999999999999,-28.888888888888882,-90.21609949144381,82.0,214.90243902439025,5.808078833147287,-5.5142429479038375,-12.0,18.000000000000004
BNBUSDT,major,always_in_15m,0.0,2.0,1.0,480,26,2,11,13,0,7.6923076923076925,15.384615384615385,39.99999999999999,-24.615384615384606,-75.03590778294243,52.00000000000001,347.61538461538464,8.935016421217954,-9.144179739641416,-12.0,18.000000000000004
BNBUSDT,major,always_in_15m,0.0,2.0,1.0,720,20,1,7,12,0,5.0,12.5,39.99999999999999,-27.499999999999993,-51.47124007762241,40.0,455.9,8.09214732949364,-8.316636260313684,-12.0,18.000000000000004
BNBUSDT,major,always_in_15m,0.0,2.0,1.5,240,38,1,2,35,0,2.6315789473684212,33.333333333333336,48.57142857142857,-15.238095238095234,-68.16552501699063,76.0,232.10526315789474,6.483661837021593,-5.614210271586528,-17.0,18.000000000000004
BNBUSDT,major,always_in_15m,0.0,2.0,1.5,480,20,1,3,16,0,5.0,25.0,48.57142857142857,-23.57142857142857,-51.30103907223443,40.0,454.65,6.9540524648875,-10.353410114201994,-17.0,18.000000000000004
BNBUSDT,major,always_in_15m,0.0,2.0,1.5,720,15,2,1,12,0,13.333333333333334,66.66666666666667,48.57142857142857,18.095238095238102,-3.0536915534119498,30.0,610.6,8.205856513160551,-9.814363379813766,-17.0,18.000000000000004
BNBUSDT,major,always_in_15m,0.0,2.5,1.2,240,40,1,6,33,0,2.5,14.285714285714286,37.837837837837846,-23.55212355212356,-93.79736977904498,80.0,220.2,6.252624302084407,-5.6060771414473605,-14.0,23.0
BNBUSDT,major,always_in_15m,0.0,2.5,1.2,480,23,1,6,16,0,4.3478260869565215,14.285714285714286,37.837837837837846,-23.55212355212356,-40.60284088502733,46.0,393.39130434782606,6.8838154423668865,-9.693734229255254,-14.0,23.0
BNBUSDT,major,always_in_15m,0.0,2.5,1.2,720,17,1,5,11,0,5.882352941176471,16.666666666666668,37.837837837837846,-21.171171171171178,-35.6578404198134,34.0,537.8823529411765,7.043135593460289,-8.495978957403542,-14.0,23.0
BNBUSDT,major,always_in_15m,0.0,3.0,1.5,240,38,1,2,35,0,2.6315789473684212,33.333333333333336,37.777777777777786,-4.44444444444445,-58.16552501699061,76.0,232.3421052631579,7.316995170354926,-5.614210271586528,-17.0,27.999999999999996
BNBUSDT,major,always_in_15m,0.0,3.0,1.5,480,20,1,3,16,0,5.0,25.0,37.777777777777786,-12.777777777777786,-41.30103907223443,40.0,454.5,8.06516357599861,-10.353410114201994,-17.0,27.999999999999996
BNBUSDT,major,always_in_15m,0.0,3.0,1.5,720,15,1,1,13,0,6.666666666666667,50.0,37.777777777777786,12.222222222222214,1.6200024151001866,30.0,610.4,8.997829809125387,-10.051805151128988,-17.0,27.999999999999996
BNBUSDT,major,dump_reclaim,0.8,1.5,1.0,240,0,0,0,0,0,0.0,,47.99999999999999,,0.0,0.0,0.0,0.0,0.0,0.0,0.0
BNBUSDT,major,dump_reclaim,0.8,1.5,1.0,480,0,0,0,0,0,0.0,,47.99999999999999,,0.0,0.0,0.0,0.0,0.0,0.0,0.0
BNBUSDT,major,dump_reclaim,0.8,1.5,1.0,720,0,0,0,0,0,0.0,,47.99999999999999,,0.0,0.0,0.0,0.0,0.0,0.0,0.0
BNBUSDT,major,dump_reclaim,0.8,2.0,1.0,240,0,0,0,0,0,0.0,,39.99999999999999,,0.0,0.0,0.0,0.0,0.0,0.0,0.0
BNBUSDT,major,dump_reclaim,0.8,2.0,1.0,480,0,0,0,0,0,0.0,,39.99999999999999,,0.0,0.0,0.0,0.0,0.0,0.0,0.0
BNBUSDT,major,dump_reclaim,0.8,2.0,1.0,720,0,0,0,0,0,0.0,,39.99999999999999,,0.0,0.0,0.0,0.0,0.0,0.0,0.0
BNBUSDT,major,dump_reclaim,0.8,2.0,1.5,240,0,0,0,0,0,0.0,,48.57142857142857,,0.0,0.0,0.0,0.0,0.0,0.0,0.0
BNBUSDT,major,dump_reclaim,0.8,2.0,1.5,480,0,0,0,0,0,0.0,,48.57142857142857,,0.0,0.0,0.0,0.0,0.0,0.0,0.0
BNBUSDT,major,dump_reclaim,0.8,2.0,1.5,720,0,0,0,0,0,0.0,,48.57142857142857,,0.0,0.0,0.0,0.0,0.0,0.0,0.0
BNBUSDT,major,dump_reclaim,0.8,2.5,1.2,240,0,0,0,0,0,0.0,,37.837837837837846,,0.0,0.0,0.0,0.0,0.0,0.0,0.0
BNBUSDT,major,dump_reclaim,0.8,2.5,1.2,480,0,0,0,0,0,0.0,,37.837837837837846,,0.0,0.0,0.0,0.0,0.0,0.0,0.0
BNBUSDT,major,dump_reclaim,0.8,2.5,1.2,720,0,0,0,0,0,0.0,,37.837837837837846,,0.0,0.0,0.0,0.0,0.0,0.0,0.0
BNBUSDT,major,dump_reclaim,0.8,3.0,1.5,240,0,0,0,0,0,0.0,,37.777777777777786,,0.0,0.0,0.0,0.0,0.0,0.0,0.0
BNBUSDT,major,dump_reclaim,0.8,3.0,1.5,480,0,0,0,0,0,0.0,,37.777777777777786,,0.0,0.0,0.0,0.0,0.0,0.0,0.0
BNBUSDT,major,dump_reclaim,0.8,3.0,1.5,720,0,0,0,0,0,0.0,,37.777777777777786,,0.0,0.0,0.0,0.0,0.0,0.0,0.0
BNBUSDT,major,dump_reclaim,1.2,1.5,1.0,240,0,0,0,0,0,0.0,,47.99999999999999,,0.0,0.0,0.0,0.0,0.0,0.0,0.0
BNBUSDT,major,dump_reclaim,1.2,1.5,1.0,480,0,0,0,0,0,0.0,,47.99999999999999,,0.0,0.0,0.0,0.0,0.0,0.0,0.0
BNBUSDT,major,dump_reclaim,1.2,1.5,1.0,720,0,0,0,0,0,0.0,,47.99999999999999,,0.0,0.0,0.0,0.0,0.0,0.0,0.0
BNBUSDT,major,dump_reclaim,1.2,2.0,1.0,240,0,0,0,0,0,0.0,,39.99999999999999,,0.0,0.0,0.0,0.0,0.0,0.0,0.0
BNBUSDT,major,dump_reclaim,1.2,2.0,1.0,480,0,0,0,0,0,0.0,,39.99999999999999,,0.0,0.0,0.0,0.0,0.0,0.0,0.0
BNBUSDT,major,dump_reclaim,1.2,2.0,1.0,720,0,0,0,0,0,0.0,,39.99999999999999,,0.0,0.0,0.0,0.0,0.0,0.0,0.0
BNBUSDT,major,dump_reclaim,1.2,2.0,1.5,240,0,0,0,0,0,0.0,,48.57142857142857,,0.0,0.0,0.0,0.0,0.0,0.0,0.0
BNBUSDT,major,dump_reclaim,1.2,2.0,1.5,480,0,0,0,0,0,0.0,,48.57142857142857,,0.0,0.0,0.0,0.0,0.0,0.0,0.0
BNBUSDT,major,dump_reclaim,1.2,2.0,1.5,720,0,0,0,0,0,0.0,,48.57142857142857,,0.0,0.0,0.0,0.0,0.0,0.0,0.0
BNBUSDT,major,dump_reclaim,1.2,2.5,1.2,240,0,0,0,0,0,0.0,,37.837837837837846,,0.0,0.0,0.0,0.0,0.0,0.0,0.0
BNBUSDT,major,dump_reclaim,1.2,2.5,1.2,480,0,0,0,0,0,0.0,,37.837837837837846,,0.0,0.0,0.0,0.0,0.0,0.0,0.0
BNBUSDT,major,dump_reclaim,1.2,2.5,1.2,720,0,0,0,0,0,0.0,,37.837837837837846,,0.0,0.0,0.0,0.0,0.0,0.0,0.0
BNBUSDT,major,dump_reclaim,1.2,3.0,1.5,240,0,0,0,0,0,0.0,,37.777777777777786,,0.0,0.0,0.0,0.0,0.0,0.0,0.0
BNBUSDT,major,dump_reclaim,1.2,3.0,1.5,480,0,0,0,0,0,0.0,,37.777777777777786,,0.0,0.0,0.0,0.0,0.0,0.0,0.0
BNBUSDT,major,dump_reclaim,1.2,3.0,1.5,720,0,0,0,0,0,0.0,,37.777777777777786,,0.0,0.0,0.0,0.0,0.0,0.0,0.0
BNBUSDT,major,dump_reclaim,1.5,1.5,1.0,240,0,0,0,0,0,0.0,,47.99999999999999,,0.0,0.0,0.0,0.0,0.0,0.0,0.0
BNBUSDT,major,dump_reclaim,1.5,1.5,1.0,480,0,0,0,0,0,0.0,,47.99999999999999,,0.0,0.0,0.0,0.0,0.0,0.0,0.0
BNBUSDT,major,dump_reclaim,1.5,1.5,1.0,720,0,0,0,0,0,0.0,,47.99999999999999,,0.0,0.0,0.0,0.0,0.0,0.0,0.0
BNBUSDT,major,dump_reclaim,1.5,2.0,1.0,240,0,0,0,0,0,0.0,,39.99999999999999,,0.0,0.0,0.0,0.0,0.0,0.0,0.0
BNBUSDT,major,dump_reclaim,1.5,2.0,1.0,480,0,0,0,0,0,0.0,,39.99999999999999,,0.0,0.0,0.0,0.0,0.0,0.0,0.0
BNBUSDT,major,dump_reclaim,1.5,2.0,1.0,720,0,0,0,0,0,0.0,,39.99999999999999,,0.0,0.0,0.0,0.0,0.0,0.0,0.0
BNBUSDT,major,dump_reclaim,1.5,2.0,1.5,240,0,0,0,0,0,0.0,,48.57142857142857,,0.0,0.0,0.0,0.0,0.0,0.0,0.0
BNBUSDT,major,dump_reclaim,1.5,2.0,1.5,480,0,0,0,0,0,0.0,,48.57142857142857,,0.0,0.0,0.0,0.0,0.0,0.0,0.0
BNBUSDT,major,dump_reclaim,1.5,2.0,1.5,720,0,0,0,0,0,0.0,,48.57142857142857,,0.0,0.0,0.0,0.0,0.0,0.0,0.0
BNBUSDT,major,dump_reclaim,1.5,2.5,1.2,240,0,0,0,0,0,0.0,,37.837837837837846,,0.0,0.0,0.0,0.0,0.0,0.0,0.0
BNBUSDT,major,dump_reclaim,1.5,2.5,1.2,480,0,0,0,0,0,0.0,,37.837837837837846,,0.0,0.0,0.0,0.0,0.0,0.0,0.0
BNBUSDT,major,dump_reclaim,1.5,2.5,1.2,720,0,0,0,0,0,0.0,,37.837837837837846,,0.0,0.0,0.0,0.0,0.0,0.0,0.0
BNBUSDT,major,dump_reclaim,1.5,3.0,1.5,240,0,0,0,0,0,0.0,,37.777777777777786,,0.0,0.0,0.0,0.0,0.0,0.0,0.0
BNBUSDT,major,dump_reclaim,1.5,3.0,1.5,480,0,0,0,0,0,0.0,,37.777777777777786,,0.0,0.0,0.0,0.0,0.0,0.0,0.0
BNBUSDT,major,dump_reclaim,1.5,3.0,1.5,720,0,0,0,0,0,0.0,,37.777777777777786,,0.0,0.0,0.0,0.0,0.0,0.0,0.0
BTCUSDT,major,always_in_15m,0.0,1.5,1.0,240,44,3,10,31,0,6.818181818181818,23.076923076923077,47.99999999999999,-24.923076923076916,-118.22099589526212,88.0,200.11363636363637,5.022661111591051,-6.284608381917896,-12.0,13.0
BTCUSDT,major,always_in_15m,0.0,1.5,1.0,480,29,4,12,13,0,13.793103448275861,25.0,47.99999999999999,-22.999999999999993,-83.66574917535809,58.0,311.8965517241379,7.600491932574542,-9.292842246315448,-12.0,13.0
BTCUSDT,major,always_in_15m,0.0,1.5,1.0,720,24,3,11,10,0,12.5,21.428571428571427,47.99999999999999,-26.571428571428566,-87.21232665001999,48.0,379.5416666666667,7.561838080349336,-9.23168945580092,-12.0,13.0
BTCUSDT,major,always_in_15m,0.0,2.0,1.0,240,42,1,10,31,0,2.380952380952381,9.090909090909092,39.99999999999999,-30.9090909090909,-114.38723757675058,84.0,209.5,5.726809772956628,-5.722004679976566,-12.0,18.000000000000004
BTCUSDT,major,always_in_15m,0.0,2.0,1.0,480,25,1,11,13,0,4.0,8.333333333333334,39.99999999999999,-31.666666666666657,-77.62602203950118,50.0,362.64,7.799131921657611,-9.23863808340123,-12.0,18.000000000000004
BTCUSDT,major,always_in_15m,0.0,2.0,1.0,720,22,2,11,9,0,9.090909090909092,15.384615384615385,39.99999999999999,-24.615384615384606,-84.50992485651976,44.0,414.3636363636364,7.748200318904375,-9.249821805923359,-12.0,18.000000000000004
BTCUSDT,major,always_in_15m,0.0,2.0,1.5,240,39,1,3,35,0,2.5641025641025643,25.0,48.57142857142857,-23.57142857142857,-98.52015493935798,78.0,226.02564102564102,5.73954945672214,-5.773399962975054,-17.0,18.000000000000004
BTCUSDT,major,always_in_15m,0.0,2.0,1.5,480,22,1,4,17,0,4.545454545454546,20.0,48.57142857142857,-28.57142857142857,-69.61976024519991,44.0,412.04545454545456,8.207145020842681,-8.471318359406578,-17.0,18.000000000000004
BTCUSDT,major,always_in_15m,0.0,2.0,1.5,720,16,1,4,11,0,6.25,20.0,48.57142857142857,-28.57142857142857,-41.550536324895184,32.0,572.9375,9.375796871615982,-8.039047334815917,-17.0,18.000000000000004
BTCUSDT,major,always_in_15m,0.0,2.5,1.2,240,40,1,4,35,0,2.5,20.0,37.837837837837846,-17.837837837837846,-100.15848555483122,80.0,219.775,6.1940949112675945,-5.803225157888784,-14.0,23.0
BTCUSDT,major,always_in_15m,0.0,2.5,1.2,480,22,1,7,14,0,4.545454545454546,12.5,37.837837837837846,-25.337837837837846,-76.26530574581838,44.0,412.40909090909093,10.11076669901084,-8.558119121242713,-14.0,23.0
BTCUSDT,major,always_in_15m,0.0,2.5,1.2,720,17,1,5,11,0,5.882352941176471,16.666666666666668,37.837837837837846,-21.171171171171178,-38.550536324895184,34.0,538.4705882352941,10.37579687161598,-7.535793390247924,-14.0,23.0
BTCUSDT,major,always_in_15m,0.0,3.0,1.5,240,39,1,3,35,0,2.5641025641025643,25.0,37.777777777777786,-12.777777777777786,-88.52015493935797,78.0,225.94871794871796,6.648640365813049,-5.773399962975054,-17.0,27.999999999999996
BTCUSDT,major,always_in_15m,0.0,3.0,1.5,480,20,0,4,16,0,0.0,0.0,37.777777777777786,-37.777777777777786,-83.13568017685448,40.0,454.65,6.879642383091135,-6.915890606826189,-17.0,8.548611712835276
BTCUSDT,major,always_in_15m,0.0,3.0,1.5,720,16,1,4,11,0,6.25,20.0,37.777777777777786,-17.777777777777786,-31.55053632489519,32.0,572.6875,11.37579687161598,-8.039047334815917,-17.0,27.999999999999996
BTCUSDT,major,dump_reclaim,0.8,1.5,1.0,240,0,0,0,0,0,0.0,,47.99999999999999,,0.0,0.0,0.0,0.0,0.0,0.0,0.0
BTCUSDT,major,dump_reclaim,0.8,1.5,1.0,480,0,0,0,0,0,0.0,,47.99999999999999,,0.0,0.0,0.0,0.0,0.0,0.0,0.0
BTCUSDT,major,dump_reclaim,0.8,1.5,1.0,720,0,0,0,0,0,0.0,,47.99999999999999,,0.0,0.0,0.0,0.0,0.0,0.0,0.0
BTCUSDT,major,dump_reclaim,0.8,2.0,1.0,240,0,0,0,0,0,0.0,,39.99999999999999,,0.0,0.0,0.0,0.0,0.0,0.0,0.0
BTCUSDT,major,dump_reclaim,0.8,2.0,1.0,480,0,0,0,0,0,0.0,,39.99999999999999,,0.0,0.0,0.0,0.0,0.0,0.0,0.0
BTCUSDT,major,dump_reclaim,0.8,2.0,1.0,720,0,0,0,0,0,0.0,,39.99999999999999,,0.0,0.0,0.0,0.0,0.0,0.0,0.0
BTCUSDT,major,dump_reclaim,0.8,2.0,1.5,240,0,0,0,0,0,0.0,,48.57142857142857,,0.0,0.0,0.0,0.0,0.0,0.0,0.0
BTCUSDT,major,dump_reclaim,0.8,2.0,1.5,480,0,0,0,0,0,0.0,,48.57142857142857,,0.0,0.0,0.0,0.0,0.0,0.0,0.0
BTCUSDT,major,dump_reclaim,0.8,2.0,1.5,720,0,0,0,0,0,0.0,,48.57142857142857,,0.0,0.0,0.0,0.0,0.0,0.0,0.0
BTCUSDT,major,dump_reclaim,0.8,2.5,1.2,240,0,0,0,0,0,0.0,,37.837837837837846,,0.0,0.0,0.0,0.0,0.0,0.0,0.0
BTCUSDT,major,dump_reclaim,0.8,2.5,1.2,480,0,0,0,0,0,0.0,,37.837837837837846,,0.0,0.0,0.0,0.0,0.0,0.0,0.0
BTCUSDT,major,dump_reclaim,0.8,2.5,1.2,720,0,0,0,0,0,0.0,,37.837837837837846,,0.0,0.0,0.0,0.0,0.0,0.0,0.0
BTCUSDT,major,dump_reclaim,0.8,3.0,1.5,240,0,0,0,0,0,0.0,,37.777777777777786,,0.0,0.0,0.0,0.0,0.0,0.0,0.0
BTCUSDT,major,dump_reclaim,0.8,3.0,1.5,480,0,0,0,0,0,0.0,,37.777777777777786,,0.0,0.0,0.0,0.0,0.0,0.0,0.0
BTCUSDT,major,dump_reclaim,0.8,3.0,1.5,720,0,0,0,0,0,0.0,,37.777777777777786,,0.0,0.0,0.0,0.0,0.0,0.0,0.0
BTCUSDT,major,dump_reclaim,1.2,1.5,1.0,240,0,0,0,0,0,0.0,,47.99999999999999,,0.0,0.0,0.0,0.0,0.0,0.0,0.0
BTCUSDT,major,dump_reclaim,1.2,1.5,1.0,480,0,0,0,0,0,0.0,,47.99999999999999,,0.0,0.0,0.0,0.0,0.0,0.0,0.0
BTCUSDT,major,dump_reclaim,1.2,1.5,1.0,720,0,0,0,0,0,0.0,,47.99999999999999,,0.0,0.0,0.0,0.0,0.0,0.0,0.0
BTCUSDT,major,dump_reclaim,1.2,2.0,1.0,240,0,0,0,0,0,0.0,,39.99999999999999,,0.0,0.0,0.0,0.0,0.0,0.0,0.0
BTCUSDT,major,dump_reclaim,1.2,2.0,1.0,480,0,0,0,0,0,0.0,,39.99999999999999,,0.0,0.0,0.0,0.0,0.0,0.0,0.0
BTCUSDT,major,dump_reclaim,1.2,2.0,1.0,720,0,0,0,0,0,0.0,,39.99999999999999,,0.0,0.0,0.0,0.0,0.0,0.0,0.0
BTCUSDT,major,dump_reclaim,1.2,2.0,1.5,240,0,0,0,0,0,0.0,,48.57142857142857,,0.0,0.0,0.0,0.0,0.0,0.0,0.0
BTCUSDT,major,dump_reclaim,1.2,2.0,1.5,480,0,0,0,0,0,0.0,,48.57142857142857,,0.0,0.0,0.0,0.0,0.0,0.0,0.0
BTCUSDT,major,dump_reclaim,1.2,2.0,1.5,720,0,0,0,0,0,0.0,,48.57142857142857,,0.0,0.0,0.0,0.0,0.0,0.0,0.0
BTCUSDT,major,dump_reclaim,1.2,2.5,1.2,240,0,0,0,0,0,0.0,,37.837837837837846,,0.0,0.0,0.0,0.0,0.0,0.0,0.0
BTCUSDT,major,dump_reclaim,1.2,2.5,1.2,480,0,0,0,0,0,0.0,,37.837837837837846,,0.0,0.0,0.0,0.0,0.0,0.0,0.0
BTCUSDT,major,dump_reclaim,1.2,2.5,1.2,720,0,0,0,0,0,0.0,,37.837837837837846,,0.0,0.0,0.0,0.0,0.0,0.0,0.0
BTCUSDT,major,dump_reclaim,1.2,3.0,1.5,240,0,0,0,0,0,0.0,,37.777777777777786,,0.0,0.0,0.0,0.0,0.0,0.0,0.0
BTCUSDT,major,dump_reclaim,1.2,3.0,1.5,480,0,0,0,0,0,0.0,,37.777777777777786,,0.0,0.0,0.0,0.0,0.0,0.0,0.0
BTCUSDT,major,dump_reclaim,1.2,3.0,1.5,720,0,0,0,0,0,0.0,,37.777777777777786,,0.0,0.0,0.0,0.0,0.0,0.0,0.0
BTCUSDT,major,dump_reclaim,1.5,1.5,1.0,240,0,0,0,0,0,0.0,,47.99999999999999,,0.0,0.0,0.0,0.0,0.0,0.0,0.0
BTCUSDT,major,dump_reclaim,1.5,1.5,1.0,480,0,0,0,0,0,0.0,,47.99999999999999,,0.0,0.0,0.0,0.0,0.0,0.0,0.0
BTCUSDT,major,dump_reclaim,1.5,1.5,1.0,720,0,0,0,0,0,0.0,,47.99999999999999,,0.0,0.0,0.0,0.0,0.0,0.0,0.0
BTCUSDT,major,dump_reclaim,1.5,2.0,1.0,240,0,0,0,0,0,0.0,,39.99999999999999,,0.0,0.0,0.0,0.0,0.0,0.0,0.0
BTCUSDT,major,dump_reclaim,1.5,2.0,1.0,480,0,0,0,0,0,0.0,,39.99999999999999,,0.0,0.0,0.0,0.0,0.0,0.0,0.0
BTCUSDT,major,dump_reclaim,1.5,2.0,1.0,720,0,0,0,0,0,0.0,,39.99999999999999,,0.0,0.0,0.0,0.0,0.0,0.0,0.0
BTCUSDT,major,dump_reclaim,1.5,2.0,1.5,240,0,0,0,0,0,0.0,,48.57142857142857,,0.0,0.0,0.0,0.0,0.0,0.0,0.0
BTCUSDT,major,dump_reclaim,1.5,2.0,1.5,480,0,0,0,0,0,0.0,,48.57142857142857,,0.0,0.0,0.0,0.0,0.0,0.0,0.0
BTCUSDT,major,dump_reclaim,1.5,2.0,1.5,720,0,0,0,0,0,0.0,,48.57142857142857,,0.0,0.0,0.0,0.0,0.0,0.0,0.0
BTCUSDT,major,dump_reclaim,1.5,2.5,1.2,240,0,0,0,0,0,0.0,,37.837837837837846,,0.0,0.0,0.0,0.0,0.0,0.0,0.0
BTCUSDT,major,dump_reclaim,1.5,2.5,1.2,480,0,0,0,0,0,0.0,,37.837837837837846,,0.0,0.0,0.0,0.0,0.0,0.0,0.0
BTCUSDT,major,dump_reclaim,1.5,2.5,1.2,720,0,0,0,0,0,0.0,,37.837837837837846,,0.0,0.0,0.0,0.0,0.0,0.0,0.0
BTCUSDT,major,dump_reclaim,1.5,3.0,1.5,240,0,0,0,0,0,0.0,,37.777777777777786,,0.0,0.0,0.0,0.0,0.0,0.0,0.0
BTCUSDT,major,dump_reclaim,1.5,3.0,1.5,480,0,0,0,0,0,0.0,,37.777777777777786,,0.0,0.0,0.0,0.0,0.0,0.0,0.0
BTCUSDT,major,dump_reclaim,1.5,3.0,1.5,720,0,0,0,0,0,0.0,,37.777777777777786,,0.0,0.0,0.0,0.0,0.0,0.0,0.0
DOGEUSDT,memecoin,always_in_15m,0.0,1.5,1.0,240,53,8,20,25,0,15.09433962264151,28.571428571428573,47.99999999999999,-19.42857142857142,-138.04707571125593,106.0,165.26415094339623,6.926161279664434,-8.859264455756533,-12.0,13.0
DOGEUSDT,memecoin,always_in_15m,0.0,1.5,1.0,480,42,10,22,10,0,23.80952380952381,31.25,47.99999999999999,-16.749999999999993,-126.72650568116792,84.0,213.76190476190476,8.59734913175749,-10.915257636841808,-12.0,13.0
DOGEUSDT,memecoin,always_in_15m,0.0,1.5,1.0,720,35,9,19,7,0,25.714285714285715,32.142857142857146,47.99999999999999,-15.857142857142847,-123.20572516516414,70.0,258.1714285714286,10.688070410895515,-10.93315522156132,-12.0,13.0
DOGEUSDT,memecoin,always_in_15m,0.0,2.0,1.0,240,49,3,18,28,0,6.122448979591836,14.285714285714286,39.99999999999999,-25.714285714285708,-131.7739430605424,98.0,179.51020408163265,7.421989359048932,-8.560314565271714,-12.0,18.000000000000004
DOGEUSDT,memecoin,always_in_15m,0.0,2.0,1.0,480,41,6,23,12,0,14.634146341463415,20.689655172413794,39.99999999999999,-19.3103448275862,-135.62636201983273,82.0,218.41463414634146,9.925546262909041,-10.942675229364168,-12.0,18.000000000000004
DOGEUSDT,memecoin,always_in_15m,0.0,2.0,1.0,720,32,5,20,7,0,15.625,20.0,39.99999999999999,-19.999999999999993,-154.37430624247366,64.0,283.0625,12.992311968884138,-10.763033416397782,-12.0,18.000000000000004
DOGEUSDT,memecoin,always_in_15m,0.0,2.0,1.5,240,43,2,10,31,0,4.651162790697675,16.666666666666668,48.57142857142857,-31.9047619047619,-165.30058413782064,86.0,204.6046511627907,6.8271513217303,-8.995886298001546,-17.0,18.000000000000004
DOGEUSDT,memecoin,always_in_15m,0.0,2.0,1.5,480,26,3,11,12,0,11.538461538461538,21.428571428571427,48.57142857142857,-27.142857142857142,-115.90729429771348,52.00000000000001,347.61538461538464,7.643698995362988,-14.830834445862095,-17.0,18.000000000000004
DOGEUSDT,memecoin,always_in_15m,0.0,2.0,1.5,720,27,6,13,8,0,22.22222222222222,31.57894736842105,48.57142857142857,-16.992481203007518,-118.3752880190307,54.0,336.0740740740741,13.067409460654744,-13.110109620273525,-17.0,18.000000000000004
DOGEUSDT,memecoin,always_in_15m,0.0,2.5,1.2,240,47,3,14,30,0,6.382978723404255,17.647058823529413,37.837837837837846,-20.190779014308433,-125.99069547169026,94.0,187.25531914893617,8.475685010050197,-8.438763084919142,-14.0,23.0
DOGEUSDT,memecoin,always_in_15m,0.0,2.5,1.2,480,32,3,16,13,0,9.375,15.789473684210526,37.837837837837846,-22.04836415362732,-117.08162553882534,64.0,281.96875,11.701325126251767,-11.704581044171182,-14.0,23.0
DOGEUSDT,memecoin,always_in_15m,0.0,2.5,1.2,720,27,5,15,7,0,18.51851851851852,25.0,37.837837837837846,-12.837837837837846,-92.84566230139313,54.0,337.48148148148147,16.117311968884138,-11.672850423814012,-14.0,23.0
DOGEUSDT,memecoin,always_in_15m,0.0,3.0,1.5,240,44,1,11,32,0,2.272727272727273,8.333333333333334,37.777777777777786,-29.44444444444445,-190.48912315420844,88.0,199.97727272727272,6.770741197453936,-8.984153507132568,-17.0,27.999999999999996
DOGEUSDT,memecoin,always_in_15m,0.0,3.0,1.5,480,27,2,13,12,0,7.407407407407407,13.333333333333334,37.777777777777786,-24.44444444444445,-116.67015855618085,54.0,334.9259259259259,10.940074332777577,-14.813186013545888,-17.0,27.999999999999996
DOGEUSDT,memecoin,always_in_15m,0.0,3.0,1.5,720,25,3,14,8,0,12.0,17.647058823529413,37.777777777777786,-20.130718954248373,-132.00103918871037,50.0,364.36,16.150119062518577,-13.61399292368558,-17.0,27.999999999999996
DOGEUSDT,memecoin,dump_reclaim,0.8,1.5,1.0,240,1,0,0,1,0,0.0,,47.99999999999999,,-7.445075757575801,2.0,240.0,0.0,-7.445075757575801,-7.445075757575801,-7.445075757575801
DOGEUSDT,memecoin,dump_reclaim,0.8,1.5,1.0,480,1,0,1,0,0,0.0,0.0,47.99999999999999,-47.99999999999999,-12.0,2.0,263.0,0.0,-12.0,-12.0,-12.0
DOGEUSDT,memecoin,dump_reclaim,0.8,1.5,1.0,720,1,0,1,0,0,0.0,0.0,47.99999999999999,-47.99999999999999,-12.0,2.0,263.0,0.0,-12.0,-12.0,-12.0
DOGEUSDT,memecoin,dump_reclaim,0.8,2.0,1.0,240,1,0,0,1,0,0.0,,39.99999999999999,,-7.445075757575801,2.0,240.0,0.0,-7.445075757575801,-7.445075757575801,-7.445075757575801
DOGEUSDT,memecoin,dump_reclaim,0.8,2.0,1.0,480,1,0,1,0,0,0.0,0.0,39.99999999999999,-39.99999999999999,-12.0,2.0,263.0,0.0,-12.0,-12.0,-12.0
DOGEUSDT,memecoin,dump_reclaim,0.8,2.0,1.0,720,1,0,1,0,0,0.0,0.0,39.99999999999999,-39.99999999999999,-12.0,2.0,263.0,0.0,-12.0,-12.0,-12.0
DOGEUSDT,memecoin,dump_reclaim,0.8,2.0,1.5,240,1,0,0,1,0,0.0,,48.57142857142857,,-7.445075757575801,2.0,240.0,0.0,-7.445075757575801,-7.445075757575801,-7.445075757575801
DOGEUSDT,memecoin,dump_reclaim,0.8,2.0,1.5,480,1,0,0,1,0,0.0,,48.57142857142857,,-2.0,2.0,480.0,0.0,-2.0,-2.0,-2.0
DOGEUSDT,memecoin,dump_reclaim,0.8,2.0,1.5,720,1,0,0,1,0,0.0,,48.57142857142857,,-2.710227272727293,2.0,720.0,0.0,-2.710227272727293,-2.710227272727293,-2.710227272727293
DOGEUSDT,memecoin,dump_reclaim,0.8,2.5,1.2,240,1,0,0,1,0,0.0,,37.837837837837846,,-7.445075757575801,2.0,240.0,0.0,-7.445075757575801,-7.445075757575801,-7.445075757575801
DOGEUSDT,memecoin,dump_reclaim,0.8,2.5,1.2,480,1,0,0,1,0,0.0,,37.837837837837846,,-2.0,2.0,480.0,0.0,-2.0,-2.0,-2.0
DOGEUSDT,memecoin,dump_reclaim,0.8,2.5,1.2,720,1,0,0,1,0,0.0,,37.837837837837846,,-2.710227272727293,2.0,720.0,0.0,-2.710227272727293,-2.710227272727293,-2.710227272727293
DOGEUSDT,memecoin,dump_reclaim,0.8,3.0,1.5,240,1,0,0,1,0,0.0,,37.777777777777786,,-7.445075757575801,2.0,240.0,0.0,-7.445075757575801,-7.445075757575801,-7.445075757575801
DOGEUSDT,memecoin,dump_reclaim,0.8,3.0,1.5,480,1,0,0,1,0,0.0,,37.777777777777786,,-2.0,2.0,480.0,0.0,-2.0,-2.0,-2.0
DOGEUSDT,memecoin,dump_reclaim,0.8,3.0,1.5,720,1,0,0,1,0,0.0,,37.777777777777786,,-2.710227272727293,2.0,720.0,0.0,-2.710227272727293,-2.710227272727293,-2.710227272727293
DOGEUSDT,memecoin,dump_reclaim,1.2,1.5,1.0,240,0,0,0,0,0,0.0,,47.99999999999999,,0.0,0.0,0.0,0.0,0.0,0.0,0.0
DOGEUSDT,memecoin,dump_reclaim,1.2,1.5,1.0,480,0,0,0,0,0,0.0,,47.99999999999999,,0.0,0.0,0.0,0.0,0.0,0.0,0.0
DOGEUSDT,memecoin,dump_reclaim,1.2,1.5,1.0,720,0,0,0,0,0,0.0,,47.99999999999999,,0.0,0.0,0.0,0.0,0.0,0.0,0.0
DOGEUSDT,memecoin,dump_reclaim,1.2,2.0,1.0,240,0,0,0,0,0,0.0,,39.99999999999999,,0.0,0.0,0.0,0.0,0.0,0.0,0.0
DOGEUSDT,memecoin,dump_reclaim,1.2,2.0,1.0,480,0,0,0,0,0,0.0,,39.99999999999999,,0.0,0.0,0.0,0.0,0.0,0.0,0.0
DOGEUSDT,memecoin,dump_reclaim,1.2,2.0,1.0,720,0,0,0,0,0,0.0,,39.99999999999999,,0.0,0.0,0.0,0.0,0.0,0.0,0.0
DOGEUSDT,memecoin,dump_reclaim,1.2,2.0,1.5,240,0,0,0,0,0,0.0,,48.57142857142857,,0.0,0.0,0.0,0.0,0.0,0.0,0.0
DOGEUSDT,memecoin,dump_reclaim,1.2,2.0,1.5,480,0,0,0,0,0,0.0,,48.57142857142857,,0.0,0.0,0.0,0.0,0.0,0.0,0.0
DOGEUSDT,memecoin,dump_reclaim,1.2,2.0,1.5,720,0,0,0,0,0,0.0,,48.57142857142857,,0.0,0.0,0.0,0.0,0.0,0.0,0.0
DOGEUSDT,memecoin,dump_reclaim,1.2,2.5,1.2,240,0,0,0,0,0,0.0,,37.837837837837846,,0.0,0.0,0.0,0.0,0.0,0.0,0.0
DOGEUSDT,memecoin,dump_reclaim,1.2,2.5,1.2,480,0,0,0,0,0,0.0,,37.837837837837846,,0.0,0.0,0.0,0.0,0.0,0.0,0.0
DOGEUSDT,memecoin,dump_reclaim,1.2,2.5,1.2,720,0,0,0,0,0,0.0,,37.837837837837846,,0.0,0.0,0.0,0.0,0.0,0.0,0.0
DOGEUSDT,memecoin,dump_reclaim,1.2,3.0,1.5,240,0,0,0,0,0,0.0,,37.777777777777786,,0.0,0.0,0.0,0.0,0.0,0.0,0.0
DOGEUSDT,memecoin,dump_reclaim,1.2,3.0,1.5,480,0,0,0,0,0,0.0,,37.777777777777786,,0.0,0.0,0.0,0.0,0.0,0.0,0.0
DOGEUSDT,memecoin,dump_reclaim,1.2,3.0,1.5,720,0,0,0,0,0,0.0,,37.777777777777786,,0.0,0.0,0.0,0.0,0.0,0.0,0.0
DOGEUSDT,memecoin,dump_reclaim,1.5,1.5,1.0,240,0,0,0,0,0,0.0,,47.99999999999999,,0.0,0.0,0.0,0.0,0.0,0.0,0.0
DOGEUSDT,memecoin,dump_reclaim,1.5,1.5,1.0,480,0,0,0,0,0,0.0,,47.99999999999999,,0.0,0.0,0.0,0.0,0.0,0.0,0.0
DOGEUSDT,memecoin,dump_reclaim,1.5,1.5,1.0,720,0,0,0,0,0,0.0,,47.99999999999999,,0.0,0.0,0.0,0.0,0.0,0.0,0.0
DOGEUSDT,memecoin,dump_reclaim,1.5,2.0,1.0,240,0,0,0,0,0,0.0,,39.99999999999999,,0.0,0.0,0.0,0.0,0.0,0.0,0.0
DOGEUSDT,memecoin,dump_reclaim,1.5,2.0,1.0,480,0,0,0,0,0,0.0,,39.99999999999999,,0.0,0.0,0.0,0.0,0.0,0.0,0.0
DOGEUSDT,memecoin,dump_reclaim,1.5,2.0,1.0,720,0,0,0,0,0,0.0,,39.99999999999999,,0.0,0.0,0.0,0.0,0.0,0.0,0.0
DOGEUSDT,memecoin,dump_reclaim,1.5,2.0,1.5,240,0,0,0,0,0,0.0,,48.57142857142857,,0.0,0.0,0.0,0.0,0.0,0.0,0.0
DOGEUSDT,memecoin,dump_reclaim,1.5,2.0,1.5,480,0,0,0,0,0,0.0,,48.57142857142857,,0.0,0.0,0.0,0.0,0.0,0.0,0.0
DOGEUSDT,memecoin,dump_reclaim,1.5,2.0,1.5,720,0,0,0,0,0,0.0,,48.57142857142857,,0.0,0.0,0.0,0.0,0.0,0.0,0.0
DOGEUSDT,memecoin,dump_reclaim,1.5,2.5,1.2,240,0,0,0,0,0,0.0,,37.837837837837846,,0.0,0.0,0.0,0.0,0.0,0.0,0.0
DOGEUSDT,memecoin,dump_reclaim,1.5,2.5,1.2,480,0,0,0,0,0,0.0,,37.837837837837846,,0.0,0.0,0.0,0.0,0.0,0.0,0.0
DOGEUSDT,memecoin,dump_reclaim,1.5,2.5,1.2,720,0,0,0,0,0,0.0,,37.837837837837846,,0.0,0.0,0.0,0.0,0.0,0.0,0.0
DOGEUSDT,memecoin,dump_reclaim,1.5,3.0,1.5,240,0,0,0,0,0,0.0,,37.777777777777786,,0.0,0.0,0.0,0.0,0.0,0.0,0.0
DOGEUSDT,memecoin,dump_reclaim,1.5,3.0,1.5,480,0,0,0,0,0,0.0,,37.777777777777786,,0.0,0.0,0.0,0.0,0.0,0.0,0.0
DOGEUSDT,memecoin,dump_reclaim,1.5,3.0,1.5,720,0,0,0,0,0,0.0,,37.777777777777786,,0.0,0.0,0.0,0.0,0.0,0.0,0.0
DOTUSDT,large_alt,always_in_15m,0.0,1.5,1.0,240,79,24,39,16,0,30.379746835443036,38.095238095238095,47.99999999999999,-9.904761904761898,-211.6514262752187,158.0,109.27848101265823,11.528397923262807,-10.479344473070146,-12.0,13.0
DOTUSDT,large_alt,always_in_15m,0.0,1.5,1.0,480,70,26,42,2,0,37.142857142857146,38.23529411764706,47.99999999999999,-9.764705882352935,-173.8350910834133,140.0,125.64285714285714,13.0,-11.632615706441213,-12.0,13.0
DOTUSDT,large_alt,always_in_15m,0.0,1.5,1.0,720,69,26,43,0,0,37.68115942028985,37.68115942028985,47.99999999999999,-10.318840579710141,-178.0,138.0,127.8840579710145,13.0,-12.0,-12.0,13.0
DOTUSDT,large_alt,always_in_15m,0.0,2.0,1.0,240,71,13,41,17,0,18.309859154929576,24.074074074074073,39.99999999999999,-15.92592592592592,-261.9528561941106,142.00000000000003,122.38028169014085,13.842824549052079,-10.564889160297103,-12.0,18.000000000000004
DOTUSDT,large_alt,always_in_15m,0.0,2.0,1.0,480,57,14,40,3,0,24.56140350877193,25.925925925925927,39.99999999999999,-14.074074074074066,-238.55172973850898,114.0,156.50877192982455,16.80851063829788,-11.682842602689933,-12.0,18.000000000000004
DOTUSDT,large_alt,always_in_15m,0.0,2.0,1.0,720,55,14,40,1,0,25.454545454545453,25.925925925925927,39.99999999999999,-14.074074074074066,-230.98619329388572,110.0,162.78181818181818,18.000000000000004,-11.780151055948432,-12.0,18.000000000000004
DOTUSDT,large_alt,always_in_15m,0.0,2.0,1.5,240,55,10,20,25,0,18.181818181818183,33.333333333333336,48.57142857142857,-15.238095238095234,-151.7161780465943,110.0,159.1090909090909,12.80914110074625,-11.65425714461484,-17.0,18.000000000000004
DOTUSDT,large_alt,always_in_15m,0.0,2.0,1.5,480,43,13,23,7,0,30.232558139534884,36.111111111111114,48.57142857142857,-12.460317460317455,-164.2416338057178,86.0,208.06976744186048,15.82138971070528,-15.458661821370455,-17.0,18.000000000000004
DOTUSDT,large_alt,always_in_15m,0.0,2.0,1.5,720,40,14,23,3,0,35.0,37.83783783783784,48.57142857142857,-10.73359073359073,-138.7738982368933,80.0,224.95,17.46189529489728,-16.028093106414097,-17.0,18.000000000000004
DOTUSDT,large_alt,always_in_15m,0.0,2.5,1.2,240,55,8,23,24,0,14.545454545454545,25.806451612903224,37.837837837837846,-12.031386224934622,-175.84717609494516,110.0,158.6,15.455869445898303,-10.192130444585493,-14.0,23.0
DOTUSDT,large_alt,always_in_15m,0.0,2.5,1.2,480,44,9,26,9,0,20.454545454545453,25.714285714285715,37.837837837837846,-12.12355212355213,-153.65988681328184,88.0,202.45454545454547,18.73401777761962,-12.812971545881839,-14.0,23.0
DOTUSDT,large_alt,always_in_15m,0.0,2.5,1.2,720,36,8,24,4,0,22.22222222222222,25.0,37.837837837837846,-12.837837837837846,-136.20377558009108,72.00000000000001,249.88888888888889,18.882504951742735,-13.756453201970446,-14.0,23.0
DOTUSDT,large_alt,always_in_15m,0.0,3.0,1.5,240,48,4,16,28,0,8.333333333333334,20.0,37.777777777777786,-17.777777777777786,-132.75507199064617,96.0,183.29166666666666,13.654051403575,-10.975621701495193,-17.0,27.999999999999996
DOTUSDT,large_alt,always_in_15m,0.0,3.0,1.5,480,31,5,15,11,0,16.129032258064516,25.0,37.777777777777786,-12.777777777777786,-82.65953491809954,62.0,291.80645161290323,18.68317223261166,-14.408721473841391,-17.0,27.999999999999996
DOTUSDT,large_alt,always_in_15m,0.0,3.0,1.5,720,29,5,17,7,0,17.24137931034483,22.727272727272727,37.777777777777786,-15.050505050505059,-107.76073216886626,58.0,313.6551724137931,19.5182855944911,-15.944399374409333,-17.0,27.999999999999996
DOTUSDT,large_alt,dump_reclaim,0.8,1.5,1.0,240,3,0,3,0,0,0.0,0.0,47.99999999999999,-47.99999999999999,-36.0,6.0,57.666666666666664,0.0,-12.0,-12.0,-12.0
DOTUSDT,large_alt,dump_reclaim,0.8,1.5,1.0,480,3,0,3,0,0,0.0,0.0,47.99999999999999,-47.99999999999999,-36.0,6.0,57.666666666666664,0.0,-12.0,-12.0,-12.0
DOTUSDT,large_alt,dump_reclaim,0.8,1.5,1.0,720,3,0,3,0,0,0.0,0.0,47.99999999999999,-47.99999999999999,-36.0,6.0,57.666666666666664,0.0,-12.0,-12.0,-12.0
DOTUSDT,large_alt,dump_reclaim,0.8,2.0,1.0,240,2,0,2,0,0,0.0,0.0,39.99999999999999,-39.99999999999999,-24.0,4.0,61.0,0.0,-12.0,-12.0,-12.0
DOTUSDT,large_alt,dump_reclaim,0.8,2.0,1.0,480,2,0,2,0,0,0.0,0.0,39.99999999999999,-39.99999999999999,-24.0,4.0,61.0,0.0,-12.0,-12.0,-12.0
DOTUSDT,large_alt,dump_reclaim,0.8,2.0,1.0,720,2,0,2,0,0,0.0,0.0,39.99999999999999,-39.99999999999999,-24.0,4.0,61.0,0.0,-12.0,-12.0,-12.0
DOTUSDT,large_alt,dump_reclaim,0.8,2.0,1.5,240,2,0,2,0,0,0.0,0.0,48.57142857142857,-48.57142857142857,-34.0,4.0,66.5,0.0,-17.0,-17.0,-17.0
DOTUSDT,large_alt,dump_reclaim,0.8,2.0,1.5,480,2,0,2,0,0,0.0,0.0,48.57142857142857,-48.57142857142857,-34.0,4.0,66.5,0.0,-17.0,-17.0,-17.0
DOTUSDT,large_alt,dump_reclaim,0.8,2.0,1.5,720,2,0,2,0,0,0.0,0.0,48.57142857142857,-48.57142857142857,-34.0,4.0,66.5,0.0,-17.0,-17.0,-17.0
DOTUSDT,large_alt,dump_reclaim,0.8,2.5,1.2,240,2,0,2,0,0,0.0,0.0,37.837837837837846,-37.837837837837846,-28.0,4.0,62.0,0.0,-14.0,-14.0,-14.0
DOTUSDT,large_alt,dump_reclaim,0.8,2.5,1.2,480,2,0,2,0,0,0.0,0.0,37.837837837837846,-37.837837837837846,-28.0,4.0,62.0,0.0,-14.0,-14.0,-14.0
DOTUSDT,large_alt,dump_reclaim,0.8,2.5,1.2,720,2,0,2,0,0,0.0,0.0,37.837837837837846,-37.837837837837846,-28.0,4.0,62.0,0.0,-14.0,-14.0,-14.0
DOTUSDT,large_alt,dump_reclaim,0.8,3.0,1.5,240,2,0,2,0,0,0.0,0.0,37.777777777777786,-37.777777777777786,-34.0,4.0,66.5,0.0,-17.0,-17.0,-17.0
DOTUSDT,large_alt,dump_reclaim,0.8,3.0,1.5,480,2,0,2,0,0,0.0,0.0,37.777777777777786,-37.777777777777786,-34.0,4.0,66.5,0.0,-17.0,-17.0,-17.0
DOTUSDT,large_alt,dump_reclaim,0.8,3.0,1.5,720,2,0,2,0,0,0.0,0.0,37.777777777777786,-37.777777777777786,-34.0,4.0,66.5,0.0,-17.0,-17.0,-17.0
DOTUSDT,large_alt,dump_reclaim,1.2,1.5,1.0,240,1,0,1,0,0,0.0,0.0,47.99999999999999,-47.99999999999999,-12.0,2.0,100.0,0.0,-12.0,-12.0,-12.0
DOTUSDT,large_alt,dump_reclaim,1.2,1.5,1.0,480,1,0,1,0,0,0.0,0.0,47.99999999999999,-47.99999999999999,-12.0,2.0,100.0,0.0,-12.0,-12.0,-12.0
DOTUSDT,large_alt,dump_reclaim,1.2,1.5,1.0,720,1,0,1,0,0,0.0,0.0,47.99999999999999,-47.99999999999999,-12.0,2.0,100.0,0.0,-12.0,-12.0,-12.0
DOTUSDT,large_alt,dump_reclaim,1.2,2.0,1.0,240,1,0,1,0,0,0.0,0.0,39.99999999999999,-39.99999999999999,-12.0,2.0,100.0,0.0,-12.0,-12.0,-12.0
DOTUSDT,large_alt,dump_reclaim,1.2,2.0,1.0,480,1,0,1,0,0,0.0,0.0,39.99999999999999,-39.99999999999999,-12.0,2.0,100.0,0.0,-12.0,-12.0,-12.0
DOTUSDT,large_alt,dump_reclaim,1.2,2.0,1.0,720,1,0,1,0,0,0.0,0.0,39.99999999999999,-39.99999999999999,-12.0,2.0,100.0,0.0,-12.0,-12.0,-12.0
DOTUSDT,large_alt,dump_reclaim,1.2,2.0,1.5,240,1,0,1,0,0,0.0,0.0,48.57142857142857,-48.57142857142857,-17.0,2.0,109.0,0.0,-17.0,-17.0,-17.0
DOTUSDT,large_alt,dump_reclaim,1.2,2.0,1.5,480,1,0,1,0,0,0.0,0.0,48.57142857142857,-48.57142857142857,-17.0,2.0,109.0,0.0,-17.0,-17.0,-17.0
DOTUSDT,large_alt,dump_reclaim,1.2,2.0,1.5,720,1,0,1,0,0,0.0,0.0,48.57142857142857,-48.57142857142857,-17.0,2.0,109.0,0.0,-17.0,-17.0,-17.0
DOTUSDT,large_alt,dump_reclaim,1.2,2.5,1.2,240,1,0,1,0,0,0.0,0.0,37.837837837837846,-37.837837837837846,-14.0,2.0,101.0,0.0,-14.0,-14.0,-14.0
DOTUSDT,large_alt,dump_reclaim,1.2,2.5,1.2,480,1,0,1,0,0,0.0,0.0,37.837837837837846,-37.837837837837846,-14.0,2.0,101.0,0.0,-14.0,-14.0,-14.0
DOTUSDT,large_alt,dump_reclaim,1.2,2.5,1.2,720,1,0,1,0,0,0.0,0.0,37.837837837837846,-37.837837837837846,-14.0,2.0,101.0,0.0,-14.0,-14.0,-14.0
DOTUSDT,large_alt,dump_reclaim,1.2,3.0,1.5,240,1,0,1,0,0,0.0,0.0,37.777777777777786,-37.777777777777786,-17.0,2.0,109.0,0.0,-17.0,-17.0,-17.0
DOTUSDT,large_alt,dump_reclaim,1.2,3.0,1.5,480,1,0,1,0,0,0.0,0.0,37.777777777777786,-37.777777777777786,-17.0,2.0,109.0,0.0,-17.0,-17.0,-17.0
DOTUSDT,large_alt,dump_reclaim,1.2,3.0,1.5,720,1,0,1,0,0,0.0,0.0,37.777777777777786,-37.777777777777786,-17.0,2.0,109.0,0.0,-17.0,-17.0,-17.0
DOTUSDT,large_alt,dump_reclaim,1.5,1.5,1.0,240,1,0,1,0,0,0.0,0.0,47.99999999999999,-47.99999999999999,-12.0,2.0,100.0,0.0,-12.0,-12.0,-12.0
DOTUSDT,large_alt,dump_reclaim,1.5,1.5,1.0,480,1,0,1,0,0,0.0,0.0,47.99999999999999,-47.99999999999999,-12.0,2.0,100.0,0.0,-12.0,-12.0,-12.0
DOTUSDT,large_alt,dump_reclaim,1.5,1.5,1.0,720,1,0,1,0,0,0.0,0.0,47.99999999999999,-47.99999999999999,-12.0,2.0,100.0,0.0,-12.0,-12.0,-12.0
DOTUSDT,large_alt,dump_reclaim,1.5,2.0,1.0,240,1,0,1,0,0,0.0,0.0,39.99999999999999,-39.99999999999999,-12.0,2.0,100.0,0.0,-12.0,-12.0,-12.0
DOTUSDT,large_alt,dump_reclaim,1.5,2.0,1.0,480,1,0,1,0,0,0.0,0.0,39.99999999999999,-39.99999999999999,-12.0,2.0,100.0,0.0,-12.0,-12.0,-12.0
DOTUSDT,large_alt,dump_reclaim,1.5,2.0,1.0,720,1,0,1,0,0,0.0,0.0,39.99999999999999,-39.99999999999999,-12.0,2.0,100.0,0.0,-12.0,-12.0,-12.0
DOTUSDT,large_alt,dump_reclaim,1.5,2.0,1.5,240,1,0,1,0,0,0.0,0.0,48.57142857142857,-48.57142857142857,-17.0,2.0,109.0,0.0,-17.0,-17.0,-17.0
DOTUSDT,large_alt,dump_reclaim,1.5,2.0,1.5,480,1,0,1,0,0,0.0,0.0,48.57142857142857,-48.57142857142857,-17.0,2.0,109.0,0.0,-17.0,-17.0,-17.0
DOTUSDT,large_alt,dump_reclaim,1.5,2.0,1.5,720,1,0,1,0,0,0.0,0.0,48.57142857142857,-48.57142857142857,-17.0,2.0,109.0,0.0,-17.0,-17.0,-17.0
DOTUSDT,large_alt,dump_reclaim,1.5,2.5,1.2,240,1,0,1,0,0,0.0,0.0,37.837837837837846,-37.837837837837846,-14.0,2.0,101.0,0.0,-14.0,-14.0,-14.0
DOTUSDT,large_alt,dump_reclaim,1.5,2.5,1.2,480,1,0,1,0,0,0.0,0.0,37.837837837837846,-37.837837837837846,-14.0,2.0,101.0,0.0,-14.0,-14.0,-14.0
DOTUSDT,large_alt,dump_reclaim,1.5,2.5,1.2,720,1,0,1,0,0,0.0,0.0,37.837837837837846,-37.837837837837846,-14.0,2.0,101.0,0.0,-14.0,-14.0,-14.0
DOTUSDT,large_alt,dump_reclaim,1.5,3.0,1.5,240,1,0,1,0,0,0.0,0.0,37.777777777777786,-37.777777777777786,-17.0,2.0,109.0,0.0,-17.0,-17.0,-17.0
DOTUSDT,large_alt,dump_reclaim,1.5,3.0,1.5,480,1,0,1,0,0,0.0,0.0,37.777777777777786,-37.777777777777786,-17.0,2.0,109.0,0.0,-17.0,-17.0,-17.0
DOTUSDT,large_alt,dump_reclaim,1.5,3.0,1.5,720,1,0,1,0,0,0.0,0.0,37.777777777777786,-37.777777777777786,-17.0,2.0,109.0,0.0,-17.0,-17.0,-17.0
ETHUSDT,major,always_in_15m,0.0,1.5,1.0,240,54,6,20,28,0,11.11111111111111,23.076923076923077,47.99999999999999,-24.923076923076916,-165.08800640103382,108.0,162.2037037037037,8.044464201441237,-8.608010056304888,-12.0,13.0
ETHUSDT,major,always_in_15m,0.0,1.5,1.0,480,44,10,26,8,0,22.727272727272727,27.77777777777778,47.99999999999999,-20.222222222222214,-169.63398403997778,88.0,204.75,11.201463000778265,-10.88181553502912,-12.0,13.0
ETHUSDT,major,always_in_15m,0.0,1.5,1.0,720,37,10,23,4,0,27.027027027027028,30.303030303030305,47.99999999999999,-17.69696969696969,-145.3718468564422,74.0,245.56756756756758,11.436775005908942,-11.30452587709398,-12.0,13.0
ETHUSDT,major,always_in_15m,0.0,2.0,1.0,240,51,3,18,30,0,5.882352941176471,14.285714285714286,39.99999999999999,-25.714285714285708,-148.28366153382387,102.00000000000001,171.88235294117646,8.744739636621937,-8.234271306279279,-12.0,18.000000000000004
ETHUSDT,major,always_in_15m,0.0,2.0,1.0,480,40,5,25,10,0,12.5,16.666666666666668,39.99999999999999,-23.333333333333325,-172.24637574496163,80.0,225.55,11.566294403028323,-11.108639592189338,-12.0,18.000000000000004
ETHUSDT,major,always_in_15m,0.0,2.0,1.0,720,34,7,21,6,0,20.58823529411765,25.0,39.99999999999999,-14.999999999999993,-127.95161937245099,68.0,267.38235294117646,14.969035271002046,-10.506917472458776,-12.0,18.000000000000004
ETHUSDT,major,always_in_15m,0.0,2.0,1.5,240,47,4,11,32,0,8.51063829787234,26.666666666666668,48.57142857142857,-21.9047619047619,-157.27660859159064,94.0,186.72340425531914,7.198131976199442,-9.321495072899378,-17.0,18.000000000000004
ETHUSDT,major,always_in_15m,0.0,2.0,1.5,480,29,5,11,13,0,17.24137931034483,31.25,48.57142857142857,-17.32142857142857,-80.0939284113743,58.0,313.0,12.298329924666776,-11.965308754594934,-17.0,18.000000000000004
ETHUSDT,major,always_in_15m,0.0,2.0,1.5,720,24,4,12,8,0,16.666666666666668,25.0,48.57142857142857,-23.57142857142857,-104.53414492803377,48.0,380.2083333333333,10.990421726227348,-15.317025870736233,-17.0,18.000000000000004
ETHUSDT,major,always_in_15m,0.0,2.5,1.2,240,47,3,11,33,0,6.382978723404255,21.428571428571427,37.837837837837846,-16.40926640926642,-108.58125715399723,94.0,186.91489361702128,7.644699734510768,-8.489167323282452,-14.0,23.0
ETHUSDT,major,always_in_15m,0.0,2.5,1.2,480,29,3,14,12,0,10.344827586206897,17.647058823529413,37.837837837837846,-20.190779014308433,-108.05335297761962,58.0,312.44827586206895,13.481899952183426,-11.46952262736352,-14.0,23.0
ETHUSDT,major,always_in_15m,0.0,2.5,1.2,720,24,4,13,7,0,16.666666666666668,23.529411764705884,37.837837837837846,-14.308426073131962,-74.39462905312591,48.0,381.0,13.034865515872806,-12.780561246398744,-14.0,23.0
ETHUSDT,major,always_in_15m,0.0,3.0,1.5,240,43,1,9,33,0,2.3255813953488373,10.0,37.777777777777786,-27.777777777777786,-160.99229390318447,86.0,204.65116279069767,6.0118920471312345,-9.525280246566084,-17.0,27.999999999999996
ETHUSDT,major,always_in_15m,0.0,3.0,1.5,480,26,2,11,13,0,7.6923076923076925,15.384615384615385,37.777777777777786,-22.3931623931624,-82.28140884716305,52.00000000000001,349.65384615384613,16.009462767173794,-11.686506165808522,-17.0,27.999999999999996
ETHUSDT,major,always_in_15m,0.0,3.0,1.5,720,22,2,12,8,0,9.090909090909092,14.285714285714286,37.777777777777786,-23.4920634920635,-106.59204668517715,44.0,415.54545454545456,13.480789438141262,-15.317025870736233,-17.0,27.999999999999996
ETHUSDT,major,dump_reclaim,0.8,1.5,1.0,240,0,0,0,0,0,0.0,,47.99999999999999,,0.0,0.0,0.0,0.0,0.0,0.0,0.0
ETHUSDT,major,dump_reclaim,0.8,1.5,1.0,480,0,0,0,0,0,0.0,,47.99999999999999,,0.0,0.0,0.0,0.0,0.0,0.0,0.0
ETHUSDT,major,dump_reclaim,0.8,1.5,1.0,720,0,0,0,0,0,0.0,,47.99999999999999,,0.0,0.0,0.0,0.0,0.0,0.0,0.0
ETHUSDT,major,dump_reclaim,0.8,2.0,1.0,240,0,0,0,0,0,0.0,,39.99999999999999,,0.0,0.0,0.0,0.0,0.0,0.0,0.0
ETHUSDT,major,dump_reclaim,0.8,2.0,1.0,480,0,0,0,0,0,0.0,,39.99999999999999,,0.0,0.0,0.0,0.0,0.0,0.0,0.0
ETHUSDT,major,dump_reclaim,0.8,2.0,1.0,720,0,0,0,0,0,0.0,,39.99999999999999,,0.0,0.0,0.0,0.0,0.0,0.0,0.0
ETHUSDT,major,dump_reclaim,0.8,2.0,1.5,240,0,0,0,0,0,0.0,,48.57142857142857,,0.0,0.0,0.0,0.0,0.0,0.0,0.0
ETHUSDT,major,dump_reclaim,0.8,2.0,1.5,480,0,0,0,0,0,0.0,,48.57142857142857,,0.0,0.0,0.0,0.0,0.0,0.0,0.0
ETHUSDT,major,dump_reclaim,0.8,2.0,1.5,720,0,0,0,0,0,0.0,,48.57142857142857,,0.0,0.0,0.0,0.0,0.0,0.0,0.0
ETHUSDT,major,dump_reclaim,0.8,2.5,1.2,240,0,0,0,0,0,0.0,,37.837837837837846,,0.0,0.0,0.0,0.0,0.0,0.0,0.0
ETHUSDT,major,dump_reclaim,0.8,2.5,1.2,480,0,0,0,0,0,0.0,,37.837837837837846,,0.0,0.0,0.0,0.0,0.0,0.0,0.0
ETHUSDT,major,dump_reclaim,0.8,2.5,1.2,720,0,0,0,0,0,0.0,,37.837837837837846,,0.0,0.0,0.0,0.0,0.0,0.0,0.0
ETHUSDT,major,dump_reclaim,0.8,3.0,1.5,240,0,0,0,0,0,0.0,,37.777777777777786,,0.0,0.0,0.0,0.0,0.0,0.0,0.0
ETHUSDT,major,dump_reclaim,0.8,3.0,1.5,480,0,0,0,0,0,0.0,,37.777777777777786,,0.0,0.0,0.0,0.0,0.0,0.0,0.0
ETHUSDT,major,dump_reclaim,0.8,3.0,1.5,720,0,0,0,0,0,0.0,,37.777777777777786,,0.0,0.0,0.0,0.0,0.0,0.0,0.0
ETHUSDT,major,dump_reclaim,1.2,1.5,1.0,240,0,0,0,0,0,0.0,,47.99999999999999,,0.0,0.0,0.0,0.0,0.0,0.0,0.0
ETHUSDT,major,dump_reclaim,1.2,1.5,1.0,480,0,0,0,0,0,0.0,,47.99999999999999,,0.0,0.0,0.0,0.0,0.0,0.0,0.0
ETHUSDT,major,dump_reclaim,1.2,1.5,1.0,720,0,0,0,0,0,0.0,,47.99999999999999,,0.0,0.0,0.0,0.0,0.0,0.0,0.0
ETHUSDT,major,dump_reclaim,1.2,2.0,1.0,240,0,0,0,0,0,0.0,,39.99999999999999,,0.0,0.0,0.0,0.0,0.0,0.0,0.0
ETHUSDT,major,dump_reclaim,1.2,2.0,1.0,480,0,0,0,0,0,0.0,,39.99999999999999,,0.0,0.0,0.0,0.0,0.0,0.0,0.0
ETHUSDT,major,dump_reclaim,1.2,2.0,1.0,720,0,0,0,0,0,0.0,,39.99999999999999,,0.0,0.0,0.0,0.0,0.0,0.0,0.0
ETHUSDT,major,dump_reclaim,1.2,2.0,1.5,240,0,0,0,0,0,0.0,,48.57142857142857,,0.0,0.0,0.0,0.0,0.0,0.0,0.0
ETHUSDT,major,dump_reclaim,1.2,2.0,1.5,480,0,0,0,0,0,0.0,,48.57142857142857,,0.0,0.0,0.0,0.0,0.0,0.0,0.0
ETHUSDT,major,dump_reclaim,1.2,2.0,1.5,720,0,0,0,0,0,0.0,,48.57142857142857,,0.0,0.0,0.0,0.0,0.0,0.0,0.0
ETHUSDT,major,dump_reclaim,1.2,2.5,1.2,240,0,0,0,0,0,0.0,,37.837837837837846,,0.0,0.0,0.0,0.0,0.0,0.0,0.0
ETHUSDT,major,dump_reclaim,1.2,2.5,1.2,480,0,0,0,0,0,0.0,,37.837837837837846,,0.0,0.0,0.0,0.0,0.0,0.0,0.0
ETHUSDT,major,dump_reclaim,1.2,2.5,1.2,720,0,0,0,0,0,0.0,,37.837837837837846,,0.0,0.0,0.0,0.0,0.0,0.0,0.0
ETHUSDT,major,dump_reclaim,1.2,3.0,1.5,240,0,0,0,0,0,0.0,,37.777777777777786,,0.0,0.0,0.0,0.0,0.0,0.0,0.0
ETHUSDT,major,dump_reclaim,1.2,3.0,1.5,480,0,0,0,0,0,0.0,,37.777777777777786,,0.0,0.0,0.0,0.0,0.0,0.0,0.0
ETHUSDT,major,dump_reclaim,1.2,3.0,1.5,720,0,0,0,0,0,0.0,,37.777777777777786,,0.0,0.0,0.0,0.0,0.0,0.0,0.0
ETHUSDT,major,dump_reclaim,1.5,1.5,1.0,240,0,0,0,0,0,0.0,,47.99999999999999,,0.0,0.0,0.0,0.0,0.0,0.0,0.0
ETHUSDT,major,dump_reclaim,1.5,1.5,1.0,480,0,0,0,0,0,0.0,,47.99999999999999,,0.0,0.0,0.0,0.0,0.0,0.0,0.0
ETHUSDT,major,dump_reclaim,1.5,1.5,1.0,720,0,0,0,0,0,0.0,,47.99999999999999,,0.0,0.0,0.0,0.0,0.0,0.0,0.0
ETHUSDT,major,dump_reclaim,1.5,2.0,1.0,240,0,0,0,0,0,0.0,,39.99999999999999,,0.0,0.0,0.0,0.0,0.0,0.0,0.0
ETHUSDT,major,dump_reclaim,1.5,2.0,1.0,480,0,0,0,0,0,0.0,,39.99999999999999,,0.0,0.0,0.0,0.0,0.0,0.0,0.0
ETHUSDT,major,dump_reclaim,1.5,2.0,1.0,720,0,0,0,0,0,0.0,,39.99999999999999,,0.0,0.0,0.0,0.0,0.0,0.0,0.0
ETHUSDT,major,dump_reclaim,1.5,2.0,1.5,240,0,0,0,0,0,0.0,,48.57142857142857,,0.0,0.0,0.0,0.0,0.0,0.0,0.0
ETHUSDT,major,dump_reclaim,1.5,2.0,1.5,480,0,0,0,0,0,0.0,,48.57142857142857,,0.0,0.0,0.0,0.0,0.0,0.0,0.0
ETHUSDT,major,dump_reclaim,1.5,2.0,1.5,720,0,0,0,0,0,0.0,,48.57142857142857,,0.0,0.0,0.0,0.0,0.0,0.0,0.0
ETHUSDT,major,dump_reclaim,1.5,2.5,1.2,240,0,0,0,0,0,0.0,,37.837837837837846,,0.0,0.0,0.0,0.0,0.0,0.0,0.0
ETHUSDT,major,dump_reclaim,1.5,2.5,1.2,480,0,0,0,0,0,0.0,,37.837837837837846,,0.0,0.0,0.0,0.0,0.0,0.0,0.0
ETHUSDT,major,dump_reclaim,1.5,2.5,1.2,720,0,0,0,0,0,0.0,,37.837837837837846,,0.0,0.0,0.0,0.0,0.0,0.0,0.0
ETHUSDT,major,dump_reclaim,1.5,3.0,1.5,240,0,0,0,0,0,0.0,,37.777777777777786,,0.0,0.0,0.0,0.0,0.0,0.0,0.0
ETHUSDT,major,dump_reclaim,1.5,3.0,1.5,480,0,0,0,0,0,0.0,,37.777777777777786,,0.0,0.0,0.0,0.0,0.0,0.0,0.0
ETHUSDT,major,dump_reclaim,1.5,3.0,1.5,720,0,0,0,0,0,0.0,,37.777777777777786,,0.0,0.0,0.0,0.0,0.0,0.0,0.0
FILUSDT,fast_alt,always_in_15m,0.0,1.5,1.0,240,123,46,65,12,0,37.39837398373984,41.44144144144144,47.99999999999999,-6.558558558558552,-186.73611974997857,246.0,66.26829268292683,11.928843687537276,-11.3667041056608,-12.0,13.0
FILUSDT,fast_alt,always_in_15m,0.0,1.5,1.0,480,118,48,67,3,0,40.67796610169491,41.73913043478261,47.99999999999999,-6.260869565217384,-176.80907630926365,236.00000000000003,69.95762711864407,12.66508925327539,-11.912699102544604,-12.0,13.0
FILUSDT,fast_alt,always_in_15m,0.0,1.5,1.0,720,116,48,67,1,0,41.37931034482759,41.73913043478261,47.99999999999999,-6.260869565217384,-176.10214581503342,232.0,71.30172413793103,12.814241922142175,-12.0,-12.0,13.0
FILUSDT,fast_alt,always_in_15m,0.0,2.0,1.0,240,113,36,63,14,0,31.858407079646017,36.36363636363637,39.99999999999999,-3.636363636363626,-92.07089962363332,226.0,73.23893805309734,15.508003212108832,-11.223522332701767,-12.0,18.000000000000004
FILUSDT,fast_alt,always_in_15m,0.0,2.0,1.0,480,102,34,63,5,0,33.333333333333336,35.05154639175258,39.99999999999999,-4.948453608247412,-119.82623341102877,204.00000000000003,82.73529411764706,16.9009817253159,-11.907242796453641,-12.0,18.000000000000004
FILUSDT,fast_alt,always_in_15m,0.0,2.0,1.0,720,100,36,63,1,0,36.0,36.36363636363637,39.99999999999999,-3.636363636363626,-104.1021458150334,200.0,84.52,17.61886092391802,-12.0,-12.0,18.000000000000004
FILUSDT,fast_alt,always_in_15m,0.0,2.0,1.5,240,91,33,41,17,0,36.26373626373626,44.5945945945946,48.57142857142857,-3.976833976833973,-95.14442204314463,182.0,93.7032967032967,15.470256207956552,-15.20194250565959,-17.0,18.000000000000004
FILUSDT,fast_alt,always_in_15m,0.0,2.0,1.5,480,79,33,40,6,0,41.77215189873418,45.205479452054796,48.57142857142857,-3.3659491193737736,-72.69004822750748,158.0,109.65822784810126,16.724993319264364,-16.464638120006878,-17.0,18.000000000000004
FILUSDT,fast_alt,always_in_15m,0.0,2.0,1.5,720,77,34,40,3,0,44.15584415584416,45.945945945945944,48.57142857142857,-2.6254826254826256,-79.9618693487444,154.0,113.05194805194805,17.546679551189133,-16.52608699143724,-17.0,18.000000000000004
FILUSDT,fast_alt,always_in_15m,0.0,2.5,1.2,240,89,21,51,17,0,23.59550561797753,29.166666666666668,37.837837837837846,-8.671171171171178,-201.60519098669613,178.0,95.51685393258427,17.91591121066585,-12.526822496723248,-14.0,23.0
FILUSDT,fast_alt,always_in_15m,0.0,2.5,1.2,480,75,20,47,8,0,26.666666666666668,29.850746268656717,37.837837837837846,-7.987091569181128,-149.67633699912454,150.0,115.57333333333334,19.16128236662462,-13.896478352041443,-14.0,23.0
FILUSDT,fast_alt,always_in_15m,0.0,2.5,1.2,720,72,21,47,4,0,29.166666666666668,30.88235294117647,37.837837837837846,-6.955484896661375,-157.69919033220174,144.00000000000003,120.84722222222223,20.88278376710268,-13.726791682138876,-14.0,23.0
FILUSDT,fast_alt,always_in_15m,0.0,3.0,1.5,240,75,20,36,19,0,26.666666666666668,35.714285714285715,37.777777777777786,-2.0634920634920704,-23.699054264710455,150.0,114.97333333333333,21.092859594373813,-14.588552046576112,-17.0,27.999999999999996
FILUSDT,fast_alt,always_in_15m,0.0,3.0,1.5,480,62,19,34,9,0,30.64516129032258,35.84905660377358,37.777777777777786,-1.9287211740042025,-3.1288401677311457,124.0,141.79032258064515,23.526141318963397,-15.980604679508545,-17.0,27.999999999999996
FILUSDT,fast_alt,always_in_15m,0.0,3.0,1.5,720,59,19,33,7,0,32.20338983050848,36.53846153846154,37.777777777777786,-1.2393162393162456,-14.628907591227478,118.00000000000001,149.5593220338983,24.406641164860982,-15.999490399528614,-17.0,27.999999999999996
FILUSDT,fast_alt,dump_reclaim,0.8,1.5,1.0,240,8,2,6,0,0,25.0,25.0,47.99999999999999,-22.999999999999993,-46.0,16.0,32.875,13.0,-12.0,-12.0,13.0
FILUSDT,fast_alt,dump_reclaim,0.8,1.5,1.0,480,8,2,6,0,0,25.0,25.0,47.99999999999999,-22.999999999999993,-46.0,16.0,32.875,13.0,-12.0,-12.0,13.0
FILUSDT,fast_alt,dump_reclaim,0.8,1.5,1.0,720,8,2,6,0,0,25.0,25.0,47.99999999999999,-22.999999999999993,-46.0,16.0,32.875,13.0,-12.0,-12.0,13.0
FILUSDT,fast_alt,dump_reclaim,0.8,2.0,1.0,240,8,2,6,0,0,25.0,25.0,39.99999999999999,-14.999999999999993,-36.0,16.0,47.125,18.000000000000004,-12.0,-12.0,18.000000000000004
FILUSDT,fast_alt,dump_reclaim,0.8,2.0,1.0,480,8,2,6,0,0,25.0,25.0,39.99999999999999,-14.999999999999993,-36.0,16.0,47.125,18.000000000000004,-12.0,-12.0,18.000000000000004
FILUSDT,fast_alt,dump_reclaim,0.8,2.0,1.0,720,8,2,6,0,0,25.0,25.0,39.99999999999999,-14.999999999999993,-36.0,16.0,47.125,18.000000000000004,-12.0,-12.0,18.000000000000004
FILUSDT,fast_alt,dump_reclaim,0.8,2.0,1.5,240,8,5,3,0,0,62.5,62.5,48.57142857142857,13.92857142857143,39.000000000000014,16.0,74.75,18.000000000000004,-17.0,-17.0,18.000000000000004
FILUSDT,fast_alt,dump_reclaim,0.8,2.0,1.5,480,8,5,3,0,0,62.5,62.5,48.57142857142857,13.92857142857143,39.000000000000014,16.0,74.75,18.000000000000004,-17.0,-17.0,18.000000000000004
FILUSDT,fast_alt,dump_reclaim,0.8,2.0,1.5,720,8,5,3,0,0,62.5,62.5,48.57142857142857,13.92857142857143,39.000000000000014,16.0,74.75,18.000000000000004,-17.0,-17.0,18.000000000000004
FILUSDT,fast_alt,dump_reclaim,0.8,2.5,1.2,240,6,2,3,1,0,33.333333333333336,40.0,37.837837837837846,2.1621621621621543,20.217870863799888,12.0,94.33333333333333,20.739290287933297,-14.0,-14.0,23.0
FILUSDT,fast_alt,dump_reclaim,0.8,2.5,1.2,480,6,2,3,1,0,33.333333333333336,40.0,37.837837837837846,2.1621621621621543,4.106828603296584,12.0,134.33333333333334,15.368942867765528,-14.0,-14.0,23.0
FILUSDT,fast_alt,dump_reclaim,0.8,2.5,1.2,720,6,2,4,0,0,33.333333333333336,33.333333333333336,37.837837837837846,-4.50450450450451,-10.0,12.0,166.0,23.0,-14.0,-14.0,23.0
FILUSDT,fast_alt,dump_reclaim,0.8,3.0,1.5,240,6,2,3,1,0,33.333333333333336,40.0,37.777777777777786,2.2222222222222143,21.21787086379988,12.0,102.5,24.072623621266626,-17.0,-17.0,27.999999999999996
FILUSDT,fast_alt,dump_reclaim,0.8,3.0,1.5,480,6,2,3,1,0,33.333333333333336,40.0,37.777777777777786,2.2222222222222143,5.106828603296577,12.0,142.5,18.702276201098858,-17.0,-17.0,27.999999999999996
FILUSDT,fast_alt,dump_reclaim,0.8,3.0,1.5,720,6,2,4,0,0,33.333333333333336,33.333333333333336,37.777777777777786,-4.44444444444445,-12.000000000000007,12.0,174.16666666666666,27.999999999999996,-17.0,-17.0,27.999999999999996
FILUSDT,fast_alt,dump_reclaim,1.2,1.5,1.0,240,4,1,3,0,0,25.0,25.0,47.99999999999999,-22.999999999999993,-23.0,8.0,23.5,13.0,-12.0,-12.0,13.0
FILUSDT,fast_alt,dump_reclaim,1.2,1.5,1.0,480,4,1,3,0,0,25.0,25.0,47.99999999999999,-22.999999999999993,-23.0,8.0,23.5,13.0,-12.0,-12.0,13.0
FILUSDT,fast_alt,dump_reclaim,1.2,1.5,1.0,720,4,1,3,0,0,25.0,25.0,47.99999999999999,-22.999999999999993,-23.0,8.0,23.5,13.0,-12.0,-12.0,13.0
FILUSDT,fast_alt,dump_reclaim,1.2,2.0,1.0,240,4,1,3,0,0,25.0,25.0,39.99999999999999,-14.999999999999993,-17.999999999999996,8.0,23.5,18.000000000000004,-12.0,-12.0,18.000000000000004
FILUSDT,fast_alt,dump_reclaim,1.2,2.0,1.0,480,4,1,3,0,0,25.0,25.0,39.99999999999999,-14.999999999999993,-17.999999999999996,8.0,23.5,18.000000000000004,-12.0,-12.0,18.000000000000004
FILUSDT,fast_alt,dump_reclaim,1.2,2.0,1.0,720,4,1,3,0,0,25.0,25.0,39.99999999999999,-14.999999999999993,-17.999999999999996,8.0,23.5,18.000000000000004,-12.0,-12.0,18.000000000000004
FILUSDT,fast_alt,dump_reclaim,1.2,2.0,1.5,240,4,3,1,0,0,75.0,75.0,48.57142857142857,26.42857142857143,37.000000000000014,8.0,43.75,18.000000000000004,-17.0,-17.0,18.000000000000004
FILUSDT,fast_alt,dump_reclaim,1.2,2.0,1.5,480,4,3,1,0,0,75.0,75.0,48.57142857142857,26.42857142857143,37.000000000000014,8.0,43.75,18.000000000000004,-17.0,-17.0,18.000000000000004
FILUSDT,fast_alt,dump_reclaim,1.2,2.0,1.5,720,4,3,1,0,0,75.0,75.0,48.57142857142857,26.42857142857143,37.000000000000014,8.0,43.75,18.000000000000004,-17.0,-17.0,18.000000000000004
FILUSDT,fast_alt,dump_reclaim,1.2,2.5,1.2,240,4,2,2,0,0,50.0,50.0,37.837837837837846,12.162162162162154,18.0,8.0,76.0,23.0,-14.0,-14.0,23.0
FILUSDT,fast_alt,dump_reclaim,1.2,2.5,1.2,480,4,2,2,0,0,50.0,50.0,37.837837837837846,12.162162162162154,18.0,8.0,76.0,23.0,-14.0,-14.0,23.0
FILUSDT,fast_alt,dump_reclaim,1.2,2.5,1.2,720,4,2,2,0,0,50.0,50.0,37.837837837837846,12.162162162162154,18.0,8.0,76.0,23.0,-14.0,-14.0,23.0
FILUSDT,fast_alt,dump_reclaim,1.2,3.0,1.5,240,4,2,2,0,0,50.0,50.0,37.777777777777786,12.222222222222214,21.999999999999993,8.0,87.75,27.999999999999996,-17.0,-17.0,27.999999999999996
FILUSDT,fast_alt,dump_reclaim,1.2,3.0,1.5,480,4,2,2,0,0,50.0,50.0,37.777777777777786,12.222222222222214,21.999999999999993,8.0,87.75,27.999999999999996,-17.0,-17.0,27.999999999999996
FILUSDT,fast_alt,dump_reclaim,1.2,3.0,1.5,720,4,2,2,0,0,50.0,50.0,37.777777777777786,12.222222222222214,21.999999999999993,8.0,87.75,27.999999999999996,-17.0,-17.0,27.999999999999996
FILUSDT,fast_alt,dump_reclaim,1.5,1.5,1.0,240,2,1,1,0,0,50.0,50.0,47.99999999999999,2.000000000000007,1.0,4.0,15.5,13.0,-12.0,-12.0,13.0
FILUSDT,fast_alt,dump_reclaim,1.5,1.5,1.0,480,2,1,1,0,0,50.0,50.0,47.99999999999999,2.000000000000007,1.0,4.0,15.5,13.0,-12.0,-12.0,13.0
FILUSDT,fast_alt,dump_reclaim,1.5,1.5,1.0,720,2,1,1,0,0,50.0,50.0,47.99999999999999,2.000000000000007,1.0,4.0,15.5,13.0,-12.0,-12.0,13.0
FILUSDT,fast_alt,dump_reclaim,1.5,2.0,1.0,240,2,1,1,0,0,50.0,50.0,39.99999999999999,10.000000000000007,6.0000000000000036,4.0,15.5,18.000000000000004,-12.0,-12.0,18.000000000000004
FILUSDT,fast_alt,dump_reclaim,1.5,2.0,1.0,480,2,1,1,0,0,50.0,50.0,39.99999999999999,10.000000000000007,6.0000000000000036,4.0,15.5,18.000000000000004,-12.0,-12.0,18.000000000000004
FILUSDT,fast_alt,dump_reclaim,1.5,2.0,1.0,720,2,1,1,0,0,50.0,50.0,39.99999999999999,10.000000000000007,6.0000000000000036,4.0,15.5,18.000000000000004,-12.0,-12.0,18.000000000000004
FILUSDT,fast_alt,dump_reclaim,1.5,2.0,1.5,240,2,2,0,0,0,100.0,100.0,48.57142857142857,51.42857142857143,36.00000000000001,4.0,26.0,18.000000000000004,0.0,18.000000000000004,18.000000000000004
FILUSDT,fast_alt,dump_reclaim,1.5,2.0,1.5,480,2,2,0,0,0,100.0,100.0,48.57142857142857,51.42857142857143,36.00000000000001,4.0,26.0,18.000000000000004,0.0,18.000000000000004,18.000000000000004
FILUSDT,fast_alt,dump_reclaim,1.5,2.0,1.5,720,2,2,0,0,0,100.0,100.0,48.57142857142857,51.42857142857143,36.00000000000001,4.0,26.0,18.000000000000004,0.0,18.000000000000004,18.000000000000004
FILUSDT,fast_alt,dump_reclaim,1.5,2.5,1.2,240,2,1,1,0,0,50.0,50.0,37.837837837837846,12.162162162162154,9.0,4.0,91.0,23.0,-14.0,-14.0,23.0
FILUSDT,fast_alt,dump_reclaim,1.5,2.5,1.2,480,2,1,1,0,0,50.0,50.0,37.837837837837846,12.162162162162154,9.0,4.0,91.0,23.0,-14.0,-14.0,23.0
FILUSDT,fast_alt,dump_reclaim,1.5,2.5,1.2,720,2,1,1,0,0,50.0,50.0,37.837837837837846,12.162162162162154,9.0,4.0,91.0,23.0,-14.0,-14.0,23.0
FILUSDT,fast_alt,dump_reclaim,1.5,3.0,1.5,240,2,1,1,0,0,50.0,50.0,37.777777777777786,12.222222222222214,10.999999999999996,4.0,112.5,27.999999999999996,-17.0,-17.0,27.999999999999996
FILUSDT,fast_alt,dump_reclaim,1.5,3.0,1.5,480,2,1,1,0,0,50.0,50.0,37.777777777777786,12.222222222222214,10.999999999999996,4.0,112.5,27.999999999999996,-17.0,-17.0,27.999999999999996
FILUSDT,fast_alt,dump_reclaim,1.5,3.0,1.5,720,2,1,1,0,0,50.0,50.0,37.777777777777786,12.222222222222214,10.999999999999996,4.0,112.5,27.999999999999996,-17.0,-17.0,27.999999999999996
LINKUSDT,large_alt,always_in_15m,0.0,1.5,1.0,240,58,11,23,24,0,18.96551724137931,32.35294117647059,47.99999999999999,-15.647058823529406,-157.90966466316416,116.0,151.25862068965517,8.454124554028049,-9.06611568372306,-12.0,13.0
LINKUSDT,large_alt,always_in_15m,0.0,1.5,1.0,480,47,14,25,8,0,29.78723404255319,35.8974358974359,47.99999999999999,-12.102564102564095,-121.42498663601985,94.0,190.40425531914894,11.161996580879071,-11.115204313511832,-12.0,13.0
LINKUSDT,large_alt,always_in_15m,0.0,1.5,1.0,720,39,12,22,5,0,30.76923076923077,35.294117647058826,47.99999999999999,-12.705882352941167,-127.6236995183502,78.0,231.7948717948718,12.022832291383521,-10.920019973320613,-12.0,13.0
LINKUSDT,large_alt,always_in_15m,0.0,2.0,1.0,240,56,9,25,22,0,16.071428571428573,26.470588235294116,39.99999999999999,-13.529411764705877,-177.08005392645794,112.0,156.30357142857142,11.580873589176747,-9.059350783832148,-12.0,18.000000000000004
LINKUSDT,large_alt,always_in_15m,0.0,2.0,1.0,480,46,11,26,9,0,23.91304347826087,29.72972972972973,39.99999999999999,-10.270270270270263,-116.57217962291921,92.0,193.82608695652175,12.440268308764852,-11.312301409376609,-12.0,18.000000000000004
LINKUSDT,large_alt,always_in_15m,0.0,2.0,1.0,720,38,10,24,4,0,26.31578947368421,29.41176470588235,39.99999999999999,-10.588235294117641,-121.57040496874605,76.0,237.52631578947367,16.369630010697133,-11.171716114311648,-12.0,18.000000000000004
LINKUSDT,large_alt,always_in_15m,0.0,2.0,1.5,240,48,7,15,26,0,14.583333333333334,31.818181818181817,48.57142857142857,-16.753246753246753,-162.48453022066786,96.0,183.70833333333334,9.194115885993389,-10.932620538951626,-17.0,18.000000000000004
LINKUSDT,large_alt,always_in_15m,0.0,2.0,1.5,480,33,8,16,9,0,24.242424242424242,33.333333333333336,48.57142857142857,-15.238095238095234,-129.13106359477217,66.0,274.4848484848485,12.515597403160303,-14.591691491792805,-17.0,18.000000000000004
LINKUSDT,large_alt,always_in_15m,0.0,2.0,1.5,720,29,7,15,7,0,24.137931034482758,31.818181818181817,48.57142857142857,-16.753246753246753,-128.5113410102094,58.0,314.6551724137931,15.38300954039479,-14.860075600745123,-17.0,18.000000000000004
LINKUSDT,large_alt,always_in_15m,0.0,2.5,1.2,240,51,4,20,27,0,7.8431372549019605,16.666666666666668,37.837837837837846,-21.171171171171178,-168.19119981649993,102.00000000000001,172.0392156862745,10.972358684577973,-9.821398250564215,-14.0,23.0
LINKUSDT,large_alt,always_in_15m,0.0,2.5,1.2,480,35,6,19,10,0,17.142857142857142,24.0,37.837837837837846,-13.837837837837846,-103.01808554985024,70.0,257.42857142857144,12.218413862718023,-13.051232363233456,-14.0,23.0
LINKUSDT,large_alt,always_in_15m,0.0,2.5,1.2,720,31,7,18,6,0,22.580645161290324,28.0,37.837837837837846,-9.837837837837846,-101.48295315287116,62.0,292.64516129032256,19.285294934228514,-12.502300343678536,-14.0,23.0
LINKUSDT,large_alt,always_in_15m,0.0,3.0,1.5,240,44,2,12,30,0,4.545454545454546,14.285714285714286,37.777777777777786,-23.4920634920635,-148.1621481151082,88.0,200.38636363636363,8.298731290243204,-10.712614075897877,-17.0,27.999999999999996
LINKUSDT,large_alt,always_in_15m,0.0,3.0,1.5,480,31,4,15,12,0,12.903225806451612,21.05263157894737,37.777777777777786,-16.725146198830416,-116.50885995675073,62.0,292.2903225806452,11.810573396591034,-15.002573006246344,-17.0,27.999999999999996
LINKUSDT,large_alt,always_in_15m,0.0,3.0,1.5,720,24,4,12,8,0,16.666666666666668,25.0,37.777777777777786,-12.777777777777786,-85.56933648310931,48.0,380.5833333333333,21.82382121740621,-14.019769706173694,-17.0,27.999999999999996
LINKUSDT,large_alt,dump_reclaim,0.8,1.5,1.0,240,1,1,0,0,0,100.0,100.0,47.99999999999999,52.00000000000001,13.0,2.0,141.0,13.0,0.0,13.0,13.0
LINKUSDT,large_alt,dump_reclaim,0.8,1.5,1.0,480,1,1,0,0,0,100.0,100.0,47.99999999999999,52.00000000000001,13.0,2.0,141.0,13.0,0.0,13.0,13.0
LINKUSDT,large_alt,dump_reclaim,0.8,1.5,1.0,720,1,1,0,0,0,100.0,100.0,47.99999999999999,52.00000000000001,13.0,2.0,141.0,13.0,0.0,13.0,13.0
LINKUSDT,large_alt,dump_reclaim,0.8,2.0,1.0,240,1,0,0,1,0,0.0,,39.99999999999999,,10.712241088096654,2.0,240.0,10.712241088096654,0.0,10.712241088096654,10.712241088096654
LINKUSDT,large_alt,dump_reclaim,0.8,2.0,1.0,480,1,0,0,1,0,0.0,,39.99999999999999,,10.712241088096654,2.0,480.0,10.712241088096654,0.0,10.712241088096654,10.712241088096654
LINKUSDT,large_alt,dump_reclaim,0.8,2.0,1.0,720,1,1,0,0,0,100.0,100.0,39.99999999999999,60.00000000000001,18.000000000000004,2.0,549.0,18.000000000000004,0.0,18.000000000000004,18.000000000000004
LINKUSDT,large_alt,dump_reclaim,0.8,2.0,1.5,240,1,0,0,1,0,0.0,,48.57142857142857,,10.712241088096654,2.0,240.0,10.712241088096654,0.0,10.712241088096654,10.712241088096654
LINKUSDT,large_alt,dump_reclaim,0.8,2.0,1.5,480,1,0,0,1,0,0.0,,48.57142857142857,,10.712241088096654,2.0,480.0,10.712241088096654,0.0,10.712241088096654,10.712241088096654
LINKUSDT,large_alt,dump_reclaim,0.8,2.0,1.5,720,1,1,0,0,0,100.0,100.0,48.57142857142857,51.42857142857143,18.000000000000004,2.0,549.0,18.000000000000004,0.0,18.000000000000004,18.000000000000004
LINKUSDT,large_alt,dump_reclaim,0.8,2.5,1.2,240,0,0,0,0,0,0.0,,37.837837837837846,,0.0,0.0,0.0,0.0,0.0,0.0,0.0
LINKUSDT,large_alt,dump_reclaim,0.8,2.5,1.2,480,0,0,0,0,0,0.0,,37.837837837837846,,0.0,0.0,0.0,0.0,0.0,0.0,0.0
LINKUSDT,large_alt,dump_reclaim,0.8,2.5,1.2,720,0,0,0,0,0,0.0,,37.837837837837846,,0.0,0.0,0.0,0.0,0.0,0.0,0.0
LINKUSDT,large_alt,dump_reclaim,0.8,3.0,1.5,240,0,0,0,0,0,0.0,,37.777777777777786,,0.0,0.0,0.0,0.0,0.0,0.0,0.0
LINKUSDT,large_alt,dump_reclaim,0.8,3.0,1.5,480,0,0,0,0,0,0.0,,37.777777777777786,,0.0,0.0,0.0,0.0,0.0,0.0,0.0
LINKUSDT,large_alt,dump_reclaim,0.8,3.0,1.5,720,0,0,0,0,0,0.0,,37.777777777777786,,0.0,0.0,0.0,0.0,0.0,0.0,0.0
LINKUSDT,large_alt,dump_reclaim,1.2,1.5,1.0,240,0,0,0,0,0,0.0,,47.99999999999999,,0.0,0.0,0.0,0.0,0.0,0.0,0.0
LINKUSDT,large_alt,dump_reclaim,1.2,1.5,1.0,480,0,0,0,0,0,0.0,,47.99999999999999,,0.0,0.0,0.0,0.0,0.0,0.0,0.0
LINKUSDT,large_alt,dump_reclaim,1.2,1.5,1.0,720,0,0,0,0,0,0.0,,47.99999999999999,,0.0,0.0,0.0,0.0,0.0,0.0,0.0
LINKUSDT,large_alt,dump_reclaim,1.2,2.0,1.0,240,0,0,0,0,0,0.0,,39.99999999999999,,0.0,0.0,0.0,0.0,0.0,0.0,0.0
LINKUSDT,large_alt,dump_reclaim,1.2,2.0,1.0,480,0,0,0,0,0,0.0,,39.99999999999999,,0.0,0.0,0.0,0.0,0.0,0.0,0.0
LINKUSDT,large_alt,dump_reclaim,1.2,2.0,1.0,720,0,0,0,0,0,0.0,,39.99999999999999,,0.0,0.0,0.0,0.0,0.0,0.0,0.0
LINKUSDT,large_alt,dump_reclaim,1.2,2.0,1.5,240,0,0,0,0,0,0.0,,48.57142857142857,,0.0,0.0,0.0,0.0,0.0,0.0,0.0
LINKUSDT,large_alt,dump_reclaim,1.2,2.0,1.5,480,0,0,0,0,0,0.0,,48.57142857142857,,0.0,0.0,0.0,0.0,0.0,0.0,0.0
LINKUSDT,large_alt,dump_reclaim,1.2,2.0,1.5,720,0,0,0,0,0,0.0,,48.57142857142857,,0.0,0.0,0.0,0.0,0.0,0.0,0.0
LINKUSDT,large_alt,dump_reclaim,1.2,2.5,1.2,240,0,0,0,0,0,0.0,,37.837837837837846,,0.0,0.0,0.0,0.0,0.0,0.0,0.0
LINKUSDT,large_alt,dump_reclaim,1.2,2.5,1.2,480,0,0,0,0,0,0.0,,37.837837837837846,,0.0,0.0,0.0,0.0,0.0,0.0,0.0
LINKUSDT,large_alt,dump_reclaim,1.2,2.5,1.2,720,0,0,0,0,0,0.0,,37.837837837837846,,0.0,0.0,0.0,0.0,0.0,0.0,0.0
LINKUSDT,large_alt,dump_reclaim,1.2,3.0,1.5,240,0,0,0,0,0,0.0,,37.777777777777786,,0.0,0.0,0.0,0.0,0.0,0.0,0.0
LINKUSDT,large_alt,dump_reclaim,1.2,3.0,1.5,480,0,0,0,0,0,0.0,,37.777777777777786,,0.0,0.0,0.0,0.0,0.0,0.0,0.0
LINKUSDT,large_alt,dump_reclaim,1.2,3.0,1.5,720,0,0,0,0,0,0.0,,37.777777777777786,,0.0,0.0,0.0,0.0,0.0,0.0,0.0
LINKUSDT,large_alt,dump_reclaim,1.5,1.5,1.0,240,0,0,0,0,0,0.0,,47.99999999999999,,0.0,0.0,0.0,0.0,0.0,0.0,0.0
LINKUSDT,large_alt,dump_reclaim,1.5,1.5,1.0,480,0,0,0,0,0,0.0,,47.99999999999999,,0.0,0.0,0.0,0.0,0.0,0.0,0.0
LINKUSDT,large_alt,dump_reclaim,1.5,1.5,1.0,720,0,0,0,0,0,0.0,,47.99999999999999,,0.0,0.0,0.0,0.0,0.0,0.0,0.0
LINKUSDT,large_alt,dump_reclaim,1.5,2.0,1.0,240,0,0,0,0,0,0.0,,39.99999999999999,,0.0,0.0,0.0,0.0,0.0,0.0,0.0
LINKUSDT,large_alt,dump_reclaim,1.5,2.0,1.0,480,0,0,0,0,0,0.0,,39.99999999999999,,0.0,0.0,0.0,0.0,0.0,0.0,0.0
LINKUSDT,large_alt,dump_reclaim,1.5,2.0,1.0,720,0,0,0,0,0,0.0,,39.99999999999999,,0.0,0.0,0.0,0.0,0.0,0.0,0.0
LINKUSDT,large_alt,dump_reclaim,1.5,2.0,1.5,240,0,0,0,0,0,0.0,,48.57142857142857,,0.0,0.0,0.0,0.0,0.0,0.0,0.0
LINKUSDT,large_alt,dump_reclaim,1.5,2.0,1.5,480,0,0,0,0,0,0.0,,48.57142857142857,,0.0,0.0,0.0,0.0,0.0,0.0,0.0
LINKUSDT,large_alt,dump_reclaim,1.5,2.0,1.5,720,0,0,0,0,0,0.0,,48.57142857142857,,0.0,0.0,0.0,0.0,0.0,0.0,0.0
LINKUSDT,large_alt,dump_reclaim,1.5,2.5,1.2,240,0,0,0,0,0,0.0,,37.837837837837846,,0.0,0.0,0.0,0.0,0.0,0.0,0.0
LINKUSDT,large_alt,dump_reclaim,1.5,2.5,1.2,480,0,0,0,0,0,0.0,,37.837837837837846,,0.0,0.0,0.0,0.0,0.0,0.0,0.0
LINKUSDT,large_alt,dump_reclaim,1.5,2.5,1.2,720,0,0,0,0,0,0.0,,37.837837837837846,,0.0,0.0,0.0,0.0,0.0,0.0,0.0
LINKUSDT,large_alt,dump_reclaim,1.5,3.0,1.5,240,0,0,0,0,0,0.0,,37.777777777777786,,0.0,0.0,0.0,0.0,0.0,0.0,0.0
LINKUSDT,large_alt,dump_reclaim,1.5,3.0,1.5,480,0,0,0,0,0,0.0,,37.777777777777786,,0.0,0.0,0.0,0.0,0.0,0.0,0.0
LINKUSDT,large_alt,dump_reclaim,1.5,3.0,1.5,720,0,0,0,0,0,0.0,,37.777777777777786,,0.0,0.0,0.0,0.0,0.0,0.0,0.0
LTCUSDT,large_alt,always_in_15m,0.0,1.5,1.0,240,54,11,19,24,0,20.37037037037037,36.666666666666664,47.99999999999999,-11.333333333333329,-116.27129880444055,108.0,162.96296296296296,9.745873971355797,-8.612654407434304,-12.0,13.0
LTCUSDT,large_alt,always_in_15m,0.0,1.5,1.0,480,42,15,20,7,0,35.714285714285715,42.857142857142854,47.99999999999999,-5.142857142857139,-63.360655364883726,84.0,214.28571428571428,12.386754215304798,-10.059566261913865,-12.0,13.0
LTCUSDT,large_alt,always_in_15m,0.0,1.5,1.0,720,37,13,20,4,0,35.13513513513514,39.39393939393939,47.99999999999999,-8.606060606060602,-61.65273706862,74.0,244.59459459459458,11.448958612734787,-11.658860708208408,-12.0,13.0
LTCUSDT,large_alt,always_in_15m,0.0,2.0,1.0,240,50,3,18,29,0,6.0,14.285714285714286,39.99999999999999,-25.714285714285708,-121.57422473856998,100.0,175.64,9.455362541769613,-8.5550117560198,-12.0,18.000000000000004
LTCUSDT,large_alt,always_in_15m,0.0,2.0,1.0,480,31,4,16,11,0,12.903225806451612,20.0,39.99999999999999,-19.999999999999993,-55.84579313512657,62.0,292.16129032258067,13.21009552018241,-10.057842192856656,-12.0,18.000000000000004
LTCUSDT,large_alt,always_in_15m,0.0,2.0,1.0,720,25,6,13,6,0,24.0,31.57894736842105,39.99999999999999,-8.421052631578942,-26.47959224109379,50.0,364.92,10.793367313242184,-12.0,-12.0,18.000000000000004
LTCUSDT,large_alt,always_in_15m,0.0,2.0,1.5,240,41,5,6,30,0,12.195121951219512,45.45454545454545,48.57142857142857,-3.116883116883116,-57.157260157039644,82.0,215.6829268292683,11.38441471477188,-8.019965413475777,-17.0,18.000000000000004
LTCUSDT,large_alt,always_in_15m,0.0,2.0,1.5,480,25,5,8,12,0,20.0,38.46153846153846,48.57142857142857,-10.10989010989011,-47.99485045010378,50.0,363.92,12.871348700962354,-11.78055583064849,-17.0,18.000000000000004
LTCUSDT,large_alt,always_in_15m,0.0,2.0,1.5,720,21,5,7,9,0,23.80952380952381,41.666666666666664,48.57142857142857,-6.904761904761905,-31.77166179900387,42.0,435.3809523809524,13.175168770648423,-12.529015061236642,-17.0,18.000000000000004
LTCUSDT,large_alt,always_in_15m,0.0,2.5,1.2,240,46,1,15,30,0,2.1739130434782608,6.25,37.837837837837846,-31.587837837837846,-142.06550041982683,92.0,191.2826086956522,8.274486894933315,-9.749371642541144,-14.0,23.0
LTCUSDT,large_alt,always_in_15m,0.0,2.5,1.2,480,28,1,13,14,0,3.5714285714285716,7.142857142857143,37.837837837837846,-30.694980694980703,-82.79393669257423,56.0,322.64285714285717,11.981215987847369,-11.255894253947108,-14.0,23.0
LTCUSDT,large_alt,always_in_15m,0.0,2.5,1.2,720,20,3,8,9,0,15.0,27.272727272727273,37.837837837837846,-10.565110565110572,-50.33239934045193,40.0,456.45,9.303527929159456,-10.396718564477299,-14.0,23.0
LTCUSDT,large_alt,always_in_15m,0.0,3.0,1.5,240,40,1,7,32,0,2.5,12.5,37.777777777777786,-25.277777777777786,-89.7714529282466,80.0,220.95,10.122262835390815,-8.198550732901008,-17.0,27.999999999999996
LTCUSDT,large_alt,always_in_15m,0.0,3.0,1.5,480,24,1,9,14,0,4.166666666666667,10.0,37.777777777777786,-27.777777777777786,-48.171521470605086,48.0,378.5416666666667,12.808090729352537,-12.58945919743789,-17.0,27.999999999999996
LTCUSDT,large_alt,always_in_15m,0.0,3.0,1.5,720,18,1,6,11,0,5.555555555555555,14.285714285714286,37.777777777777786,-23.4920634920635,-40.81981803367066,36.00000000000001,508.6666666666667,13.191630086143052,-12.105566239697458,-17.0,27.999999999999996
LTCUSDT,large_alt,dump_reclaim,0.8,1.5,1.0,240,1,0,1,0,0,0.0,0.0,47.99999999999999,-47.99999999999999,-12.0,2.0,94.0,0.0,-12.0,-12.0,-12.0
LTCUSDT,large_alt,dump_reclaim,0.8,1.5,1.0,480,1,0,1,0,0,0.0,0.0,47.99999999999999,-47.99999999999999,-12.0,2.0,94.0,0.0,-12.0,-12.0,-12.0
LTCUSDT,large_alt,dump_reclaim,0.8,1.5,1.0,720,1,0,1,0,0,0.0,0.0,47.99999999999999,-47.99999999999999,-12.0,2.0,94.0,0.0,-12.0,-12.0,-12.0
LTCUSDT,large_alt,dump_reclaim,0.8,2.0,1.0,240,1,0,1,0,0,0.0,0.0,39.99999999999999,-39.99999999999999,-12.0,2.0,94.0,0.0,-12.0,-12.0,-12.0
LTCUSDT,large_alt,dump_reclaim,0.8,2.0,1.0,480,1,0,1,0,0,0.0,0.0,39.99999999999999,-39.99999999999999,-12.0,2.0,94.0,0.0,-12.0,-12.0,-12.0
LTCUSDT,large_alt,dump_reclaim,0.8,2.0,1.0,720,1,0,1,0,0,0.0,0.0,39.99999999999999,-39.99999999999999,-12.0,2.0,94.0,0.0,-12.0,-12.0,-12.0
LTCUSDT,large_alt,dump_reclaim,0.8,2.0,1.5,240,1,0,1,0,0,0.0,0.0,48.57142857142857,-48.57142857142857,-17.0,2.0,178.0,0.0,-17.0,-17.0,-17.0
LTCUSDT,large_alt,dump_reclaim,0.8,2.0,1.5,480,1,0,1,0,0,0.0,0.0,48.57142857142857,-48.57142857142857,-17.0,2.0,178.0,0.0,-17.0,-17.0,-17.0
LTCUSDT,large_alt,dump_reclaim,0.8,2.0,1.5,720,1,0,1,0,0,0.0,0.0,48.57142857142857,-48.57142857142857,-17.0,2.0,178.0,0.0,-17.0,-17.0,-17.0
LTCUSDT,large_alt,dump_reclaim,0.8,2.5,1.2,240,0,0,0,0,0,0.0,,37.837837837837846,,0.0,0.0,0.0,0.0,0.0,0.0,0.0
LTCUSDT,large_alt,dump_reclaim,0.8,2.5,1.2,480,0,0,0,0,0,0.0,,37.837837837837846,,0.0,0.0,0.0,0.0,0.0,0.0,0.0
LTCUSDT,large_alt,dump_reclaim,0.8,2.5,1.2,720,0,0,0,0,0,0.0,,37.837837837837846,,0.0,0.0,0.0,0.0,0.0,0.0,0.0
LTCUSDT,large_alt,dump_reclaim,0.8,3.0,1.5,240,0,0,0,0,0,0.0,,37.777777777777786,,0.0,0.0,0.0,0.0,0.0,0.0,0.0
LTCUSDT,large_alt,dump_reclaim,0.8,3.0,1.5,480,0,0,0,0,0,0.0,,37.777777777777786,,0.0,0.0,0.0,0.0,0.0,0.0,0.0
LTCUSDT,large_alt,dump_reclaim,0.8,3.0,1.5,720,0,0,0,0,0,0.0,,37.777777777777786,,0.0,0.0,0.0,0.0,0.0,0.0,0.0
LTCUSDT,large_alt,dump_reclaim,1.2,1.5,1.0,240,1,0,1,0,0,0.0,0.0,47.99999999999999,-47.99999999999999,-12.0,2.0,94.0,0.0,-12.0,-12.0,-12.0
LTCUSDT,large_alt,dump_reclaim,1.2,1.5,1.0,480,1,0,1,0,0,0.0,0.0,47.99999999999999,-47.99999999999999,-12.0,2.0,94.0,0.0,-12.0,-12.0,-12.0
LTCUSDT,large_alt,dump_reclaim,1.2,1.5,1.0,720,1,0,1,0,0,0.0,0.0,47.99999999999999,-47.99999999999999,-12.0,2.0,94.0,0.0,-12.0,-12.0,-12.0
LTCUSDT,large_alt,dump_reclaim,1.2,2.0,1.0,240,1,0,1,0,0,0.0,0.0,39.99999999999999,-39.99999999999999,-12.0,2.0,94.0,0.0,-12.0,-12.0,-12.0
LTCUSDT,large_alt,dump_reclaim,1.2,2.0,1.0,480,1,0,1,0,0,0.0,0.0,39.99999999999999,-39.99999999999999,-12.0,2.0,94.0,0.0,-12.0,-12.0,-12.0
LTCUSDT,large_alt,dump_reclaim,1.2,2.0,1.0,720,1,0,1,0,0,0.0,0.0,39.99999999999999,-39.99999999999999,-12.0,2.0,94.0,0.0,-12.0,-12.0,-12.0
LTCUSDT,large_alt,dump_reclaim,1.2,2.0,1.5,240,1,0,1,0,0,0.0,0.0,48.57142857142857,-48.57142857142857,-17.0,2.0,178.0,0.0,-17.0,-17.0,-17.0
LTCUSDT,large_alt,dump_reclaim,1.2,2.0,1.5,480,1,0,1,0,0,0.0,0.0,48.57142857142857,-48.57142857142857,-17.0,2.0,178.0,0.0,-17.0,-17.0,-17.0
LTCUSDT,large_alt,dump_reclaim,1.2,2.0,1.5,720,1,0,1,0,0,0.0,0.0,48.57142857142857,-48.57142857142857,-17.0,2.0,178.0,0.0,-17.0,-17.0,-17.0
LTCUSDT,large_alt,dump_reclaim,1.2,2.5,1.2,240,0,0,0,0,0,0.0,,37.837837837837846,,0.0,0.0,0.0,0.0,0.0,0.0,0.0
LTCUSDT,large_alt,dump_reclaim,1.2,2.5,1.2,480,0,0,0,0,0,0.0,,37.837837837837846,,0.0,0.0,0.0,0.0,0.0,0.0,0.0
LTCUSDT,large_alt,dump_reclaim,1.2,2.5,1.2,720,0,0,0,0,0,0.0,,37.837837837837846,,0.0,0.0,0.0,0.0,0.0,0.0,0.0
LTCUSDT,large_alt,dump_reclaim,1.2,3.0,1.5,240,0,0,0,0,0,0.0,,37.777777777777786,,0.0,0.0,0.0,0.0,0.0,0.0,0.0
LTCUSDT,large_alt,dump_reclaim,1.2,3.0,1.5,480,0,0,0,0,0,0.0,,37.777777777777786,,0.0,0.0,0.0,0.0,0.0,0.0,0.0
LTCUSDT,large_alt,dump_reclaim,1.2,3.0,1.5,720,0,0,0,0,0,0.0,,37.777777777777786,,0.0,0.0,0.0,0.0,0.0,0.0,0.0
LTCUSDT,large_alt,dump_reclaim,1.5,1.5,1.0,240,0,0,0,0,0,0.0,,47.99999999999999,,0.0,0.0,0.0,0.0,0.0,0.0,0.0
LTCUSDT,large_alt,dump_reclaim,1.5,1.5,1.0,480,0,0,0,0,0,0.0,,47.99999999999999,,0.0,0.0,0.0,0.0,0.0,0.0,0.0
LTCUSDT,large_alt,dump_reclaim,1.5,1.5,1.0,720,0,0,0,0,0,0.0,,47.99999999999999,,0.0,0.0,0.0,0.0,0.0,0.0,0.0
LTCUSDT,large_alt,dump_reclaim,1.5,2.0,1.0,240,0,0,0,0,0,0.0,,39.99999999999999,,0.0,0.0,0.0,0.0,0.0,0.0,0.0
LTCUSDT,large_alt,dump_reclaim,1.5,2.0,1.0,480,0,0,0,0,0,0.0,,39.99999999999999,,0.0,0.0,0.0,0.0,0.0,0.0,0.0
LTCUSDT,large_alt,dump_reclaim,1.5,2.0,1.0,720,0,0,0,0,0,0.0,,39.99999999999999,,0.0,0.0,0.0,0.0,0.0,0.0,0.0
LTCUSDT,large_alt,dump_reclaim,1.5,2.0,1.5,240,0,0,0,0,0,0.0,,48.57142857142857,,0.0,0.0,0.0,0.0,0.0,0.0,0.0
LTCUSDT,large_alt,dump_reclaim,1.5,2.0,1.5,480,0,0,0,0,0,0.0,,48.57142857142857,,0.0,0.0,0.0,0.0,0.0,0.0,0.0
LTCUSDT,large_alt,dump_reclaim,1.5,2.0,1.5,720,0,0,0,0,0,0.0,,48.57142857142857,,0.0,0.0,0.0,0.0,0.0,0.0,0.0
LTCUSDT,large_alt,dump_reclaim,1.5,2.5,1.2,240,0,0,0,0,0,0.0,,37.837837837837846,,0.0,0.0,0.0,0.0,0.0,0.0,0.0
LTCUSDT,large_alt,dump_reclaim,1.5,2.5,1.2,480,0,0,0,0,0,0.0,,37.837837837837846,,0.0,0.0,0.0,0.0,0.0,0.0,0.0
LTCUSDT,large_alt,dump_reclaim,1.5,2.5,1.2,720,0,0,0,0,0,0.0,,37.837837837837846,,0.0,0.0,0.0,0.0,0.0,0.0,0.0
LTCUSDT,large_alt,dump_reclaim,1.5,3.0,1.5,240,0,0,0,0,0,0.0,,37.777777777777786,,0.0,0.0,0.0,0.0,0.0,0.0,0.0
LTCUSDT,large_alt,dump_reclaim,1.5,3.0,1.5,480,0,0,0,0,0,0.0,,37.777777777777786,,0.0,0.0,0.0,0.0,0.0,0.0,0.0
LTCUSDT,large_alt,dump_reclaim,1.5,3.0,1.5,720,0,0,0,0,0,0.0,,37.777777777777786,,0.0,0.0,0.0,0.0,0.0,0.0,0.0
NEARUSDT,fast_alt,always_in_15m,0.0,1.5,1.0,240,141,57,78,6,0,40.42553191489362,42.22222222222222,47.99999999999999,-5.7777777777777715,-172.3772832992706,282.0,57.659574468085104,12.674149939885318,-11.818755370403437,-12.0,13.0
NEARUSDT,fast_alt,always_in_15m,0.0,1.5,1.0,480,136,58,77,1,0,42.64705882352941,42.96296296296296,47.99999999999999,-5.037037037037031,-174.1291696238468,272.0,60.38235294117647,13.0,-11.899091918254445,-12.0,13.0
NEARUSDT,fast_alt,always_in_15m,0.0,1.5,1.0,720,136,58,77,1,0,42.64705882352941,42.96296296296296,47.99999999999999,-5.037037037037031,-174.1291696238468,272.0,60.38235294117647,13.0,-11.899091918254445,-12.0,13.0
NEARUSDT,fast_alt,always_in_15m,0.0,2.0,1.0,240,112,36,67,9,0,32.142857142857146,34.95145631067961,39.99999999999999,-5.0485436893203826,-99.35408912676971,224.0,74.45535714285714,16.539400130756786,-11.747076735497268,-12.0,18.000000000000004
NEARUSDT,fast_alt,always_in_15m,0.0,2.0,1.0,480,105,37,65,3,0,35.23809523809524,36.27450980392157,39.99999999999999,-3.7254901960784252,-99.10345311819322,210.0,80.06666666666666,17.02241367204517,-12.0,-12.0,18.000000000000004
NEARUSDT,fast_alt,always_in_15m,0.0,2.0,1.0,720,103,37,64,2,0,35.922330097087375,36.633663366336634,39.99999999999999,-3.3663366336633587,-88.94123280822629,206.00000000000003,81.87378640776699,17.411763261327533,-12.0,-12.0,18.000000000000004
NEARUSDT,fast_alt,always_in_15m,0.0,2.0,1.5,240,91,34,45,12,0,37.362637362637365,43.037974683544306,48.57142857142857,-5.533453887884264,-102.70671061464355,182.0,93.31868131868131,16.250859488127237,-16.025363451346685,-17.0,18.000000000000004
NEARUSDT,fast_alt,always_in_15m,0.0,2.0,1.5,480,81,33,42,6,0,40.74074074074074,44.0,48.57142857142857,-4.571428571428569,-111.48179136992204,162.0,106.20987654320987,16.619708265339217,-16.50934084516984,-17.0,18.000000000000004
NEARUSDT,fast_alt,always_in_15m,0.0,2.0,1.5,720,79,34,43,2,0,43.037974683544306,44.15584415584416,48.57142857142857,-4.415584415584412,-104.71169556969227,158.0,109.55696202531645,17.396897345286327,-17.0,-17.0,18.000000000000004
NEARUSDT,fast_alt,always_in_15m,0.0,2.5,1.2,240,92,26,56,10,0,28.26086956521739,31.70731707317073,37.837837837837846,-6.130520764667114,-162.19315780658653,184.0,92.45652173913044,20.205180560374707,-13.479315595642952,-14.0,23.0
NEARUSDT,fast_alt,always_in_15m,0.0,2.5,1.2,480,82,25,52,5,0,30.48780487804878,32.467532467532465,37.837837837837846,-5.370305370305381,-136.22935713534142,164.0,105.5609756097561,20.489485899378487,-13.781593362590897,-14.0,23.0
NEARUSDT,fast_alt,always_in_15m,0.0,2.5,1.2,720,79,26,52,1,0,32.91139240506329,33.333333333333336,37.837837837837846,-4.50450450450451,-123.02978112665951,158.0,110.12658227848101,22.406304402716316,-14.0,-14.0,23.0
NEARUSDT,fast_alt,always_in_15m,0.0,3.0,1.5,240,76,20,43,13,0,26.31578947368421,31.746031746031747,37.777777777777786,-6.031746031746039,-139.46092129232295,152.0,113.9342105263158,20.846356197548502,-16.627208852582132,-17.0,27.999999999999996
NEARUSDT,fast_alt,always_in_15m,0.0,3.0,1.5,480,65,18,40,7,0,27.692307692307693,31.03448275862069,37.777777777777786,-6.743295019157095,-136.71505920889197,130.0,134.5076923076923,21.731397631644317,-17.0,-17.0,27.999999999999996
NEARUSDT,fast_alt,always_in_15m,0.0,3.0,1.5,720,62,19,39,4,0,30.64516129032258,32.758620689655174,37.777777777777786,-5.019157088122611,-105.60768987723335,124.0,141.79032258064515,24.234448266207245,-17.0,-17.0,27.999999999999996
NEARUSDT,fast_alt,dump_reclaim,0.8,1.5,1.0,240,11,6,5,0,0,54.54545454545455,54.54545454545455,47.99999999999999,6.545454545454554,18.0,22.0,49.09090909090909,13.0,-12.0,-12.0,13.0
NEARUSDT,fast_alt,dump_reclaim,0.8,1.5,1.0,480,11,6,5,0,0,54.54545454545455,54.54545454545455,47.99999999999999,6.545454545454554,18.0,22.0,49.09090909090909,13.0,-12.0,-12.0,13.0
NEARUSDT,fast_alt,dump_reclaim,0.8,1.5,1.0,720,11,6,5,0,0,54.54545454545455,54.54545454545455,47.99999999999999,6.545454545454554,18.0,22.0,49.09090909090909,13.0,-12.0,-12.0,13.0
NEARUSDT,fast_alt,dump_reclaim,0.8,2.0,1.0,240,9,4,5,0,0,44.44444444444444,44.44444444444444,39.99999999999999,4.44444444444445,12.000000000000014,18.000000000000004,71.88888888888889,18.000000000000004,-12.0,-12.0,18.000000000000004
NEARUSDT,fast_alt,dump_reclaim,0.8,2.0,1.0,480,9,4,5,0,0,44.44444444444444,44.44444444444444,39.99999999999999,4.44444444444445,12.000000000000014,18.000000000000004,71.88888888888889,18.000000000000004,-12.0,-12.0,18.000000000000004
NEARUSDT,fast_alt,dump_reclaim,0.8,2.0,1.0,720,9,4,5,0,0,44.44444444444444,44.44444444444444,39.99999999999999,4.44444444444445,12.000000000000014,18.000000000000004,71.88888888888889,18.000000000000004,-12.0,-12.0,18.000000000000004
NEARUSDT,fast_alt,dump_reclaim,0.8,2.0,1.5,240,9,6,3,0,0,66.66666666666667,66.66666666666667,48.57142857142857,18.095238095238102,57.000000000000014,18.000000000000004,85.33333333333333,18.000000000000004,-17.0,-17.0,18.000000000000004
NEARUSDT,fast_alt,dump_reclaim,0.8,2.0,1.5,480,9,6,3,0,0,66.66666666666667,66.66666666666667,48.57142857142857,18.095238095238102,57.000000000000014,18.000000000000004,85.33333333333333,18.000000000000004,-17.0,-17.0,18.000000000000004
NEARUSDT,fast_alt,dump_reclaim,0.8,2.0,1.5,720,9,6,3,0,0,66.66666666666667,66.66666666666667,48.57142857142857,18.095238095238102,57.000000000000014,18.000000000000004,85.33333333333333,18.000000000000004,-17.0,-17.0,18.000000000000004
NEARUSDT,fast_alt,dump_reclaim,0.8,2.5,1.2,240,8,3,4,1,0,37.5,42.857142857142854,37.837837837837846,5.019305019305008,16.93723494486853,16.0,108.125,18.234308736217134,-14.0,-14.0,23.0
NEARUSDT,fast_alt,dump_reclaim,0.8,2.5,1.2,480,8,3,5,0,0,37.5,37.5,37.837837837837846,-0.3378378378378457,-1.0,16.0,128.625,23.0,-14.0,-14.0,23.0
NEARUSDT,fast_alt,dump_reclaim,0.8,2.5,1.2,720,8,3,5,0,0,37.5,37.5,37.837837837837846,-0.3378378378378457,-1.0,16.0,128.625,23.0,-14.0,-14.0,23.0
NEARUSDT,fast_alt,dump_reclaim,0.8,3.0,1.5,240,6,3,2,1,0,50.0,60.0,37.777777777777786,22.222222222222214,53.937234944868514,12.0,126.16666666666667,21.98430873621713,-17.0,-17.0,27.999999999999996
NEARUSDT,fast_alt,dump_reclaim,0.8,3.0,1.5,480,6,3,2,1,0,50.0,60.0,37.777777777777786,22.222222222222214,52.66497031382528,12.0,166.16666666666666,21.66624257845632,-17.0,-17.0,27.999999999999996
NEARUSDT,fast_alt,dump_reclaim,0.8,3.0,1.5,720,6,3,3,0,0,50.0,50.0,37.777777777777786,12.222222222222214,32.999999999999986,12.0,193.83333333333334,27.999999999999996,-17.0,-17.0,27.999999999999996
NEARUSDT,fast_alt,dump_reclaim,1.2,1.5,1.0,240,3,2,1,0,0,66.66666666666667,66.66666666666667,47.99999999999999,18.66666666666668,14.0,6.0,22.333333333333332,13.0,-12.0,-12.0,13.0
NEARUSDT,fast_alt,dump_reclaim,1.2,1.5,1.0,480,3,2,1,0,0,66.66666666666667,66.66666666666667,47.99999999999999,18.66666666666668,14.0,6.0,22.333333333333332,13.0,-12.0,-12.0,13.0
NEARUSDT,fast_alt,dump_reclaim,1.2,1.5,1.0,720,3,2,1,0,0,66.66666666666667,66.66666666666667,47.99999999999999,18.66666666666668,14.0,6.0,22.333333333333332,13.0,-12.0,-12.0,13.0
NEARUSDT,fast_alt,dump_reclaim,1.2,2.0,1.0,240,1,0,1,0,0,0.0,0.0,39.99999999999999,-39.99999999999999,-12.0,2.0,69.0,0.0,-12.0,-12.0,-12.0
NEARUSDT,fast_alt,dump_reclaim,1.2,2.0,1.0,480,1,0,1,0,0,0.0,0.0,39.99999999999999,-39.99999999999999,-12.0,2.0,69.0,0.0,-12.0,-12.0,-12.0
NEARUSDT,fast_alt,dump_reclaim,1.2,2.0,1.0,720,1,0,1,0,0,0.0,0.0,39.99999999999999,-39.99999999999999,-12.0,2.0,69.0,0.0,-12.0,-12.0,-12.0
NEARUSDT,fast_alt,dump_reclaim,1.2,2.0,1.5,240,1,0,1,0,0,0.0,0.0,48.57142857142857,-48.57142857142857,-17.0,2.0,76.0,0.0,-17.0,-17.0,-17.0
NEARUSDT,fast_alt,dump_reclaim,1.2,2.0,1.5,480,1,0,1,0,0,0.0,0.0,48.57142857142857,-48.57142857142857,-17.0,2.0,76.0,0.0,-17.0,-17.0,-17.0
NEARUSDT,fast_alt,dump_reclaim,1.2,2.0,1.5,720,1,0,1,0,0,0.0,0.0,48.57142857142857,-48.57142857142857,-17.0,2.0,76.0,0.0,-17.0,-17.0,-17.0
NEARUSDT,fast_alt,dump_reclaim,1.2,2.5,1.2,240,1,0,1,0,0,0.0,0.0,37.837837837837846,-37.837837837837846,-14.0,2.0,74.0,0.0,-14.0,-14.0,-14.0
NEARUSDT,fast_alt,dump_reclaim,1.2,2.5,1.2,480,1,0,1,0,0,0.0,0.0,37.837837837837846,-37.837837837837846,-14.0,2.0,74.0,0.0,-14.0,-14.0,-14.0
NEARUSDT,fast_alt,dump_reclaim,1.2,2.5,1.2,720,1,0,1,0,0,0.0,0.0,37.837837837837846,-37.837837837837846,-14.0,2.0,74.0,0.0,-14.0,-14.0,-14.0
NEARUSDT,fast_alt,dump_reclaim,1.2,3.0,1.5,240,0,0,0,0,0,0.0,,37.777777777777786,,0.0,0.0,0.0,0.0,0.0,0.0,0.0
NEARUSDT,fast_alt,dump_reclaim,1.2,3.0,1.5,480,0,0,0,0,0,0.0,,37.777777777777786,,0.0,0.0,0.0,0.0,0.0,0.0,0.0
NEARUSDT,fast_alt,dump_reclaim,1.2,3.0,1.5,720,0,0,0,0,0,0.0,,37.777777777777786,,0.0,0.0,0.0,0.0,0.0,0.0,0.0
NEARUSDT,fast_alt,dump_reclaim,1.5,1.5,1.0,240,0,0,0,0,0,0.0,,47.99999999999999,,0.0,0.0,0.0,0.0,0.0,0.0,0.0
NEARUSDT,fast_alt,dump_reclaim,1.5,1.5,1.0,480,0,0,0,0,0,0.0,,47.99999999999999,,0.0,0.0,0.0,0.0,0.0,0.0,0.0
NEARUSDT,fast_alt,dump_reclaim,1.5,1.5,1.0,720,0,0,0,0,0,0.0,,47.99999999999999,,0.0,0.0,0.0,0.0,0.0,0.0,0.0
NEARUSDT,fast_alt,dump_reclaim,1.5,2.0,1.0,240,0,0,0,0,0,0.0,,39.99999999999999,,0.0,0.0,0.0,0.0,0.0,0.0,0.0
NEARUSDT,fast_alt,dump_reclaim,1.5,2.0,1.0,480,0,0,0,0,0,0.0,,39.99999999999999,,0.0,0.0,0.0,0.0,0.0,0.0,0.0
NEARUSDT,fast_alt,dump_reclaim,1.5,2.0,1.0,720,0,0,0,0,0,0.0,,39.99999999999999,,0.0,0.0,0.0,0.0,0.0,0.0,0.0
NEARUSDT,fast_alt,dump_reclaim,1.5,2.0,1.5,240,0,0,0,0,0,0.0,,48.57142857142857,,0.0,0.0,0.0,0.0,0.0,0.0,0.0
NEARUSDT,fast_alt,dump_reclaim,1.5,2.0,1.5,480,0,0,0,0,0,0.0,,48.57142857142857,,0.0,0.0,0.0,0.0,0.0,0.0,0.0
NEARUSDT,fast_alt,dump_reclaim,1.5,2.0,1.5,720,0,0,0,0,0,0.0,,48.57142857142857,,0.0,0.0,0.0,0.0,0.0,0.0,0.0
NEARUSDT,fast_alt,dump_reclaim,1.5,2.5,1.2,240,0,0,0,0,0,0.0,,37.837837837837846,,0.0,0.0,0.0,0.0,0.0,0.0,0.0
NEARUSDT,fast_alt,dump_reclaim,1.5,2.5,1.2,480,0,0,0,0,0,0.0,,37.837837837837846,,0.0,0.0,0.0,0.0,0.0,0.0,0.0
NEARUSDT,fast_alt,dump_reclaim,1.5,2.5,1.2,720,0,0,0,0,0,0.0,,37.837837837837846,,0.0,0.0,0.0,0.0,0.0,0.0,0.0
NEARUSDT,fast_alt,dump_reclaim,1.5,3.0,1.5,240,0,0,0,0,0,0.0,,37.777777777777786,,0.0,0.0,0.0,0.0,0.0,0.0,0.0
NEARUSDT,fast_alt,dump_reclaim,1.5,3.0,1.5,480,0,0,0,0,0,0.0,,37.777777777777786,,0.0,0.0,0.0,0.0,0.0,0.0,0.0
NEARUSDT,fast_alt,dump_reclaim,1.5,3.0,1.5,720,0,0,0,0,0,0.0,,37.777777777777786,,0.0,0.0,0.0,0.0,0.0,0.0,0.0
OPUSDT,fast_alt,always_in_15m,0.0,1.5,1.0,240,89,32,44,13,0,35.95505617977528,42.10526315789474,47.99999999999999,-5.894736842105253,-133.38137202809153,178.0,96.02247191011236,11.906442523316134,-11.036918180592085,-12.0,13.0
OPUSDT,fast_alt,always_in_15m,0.0,1.5,1.0,480,79,31,43,5,0,39.24050632911393,41.891891891891895,47.99999999999999,-6.108108108108098,-117.80220454392719,158.0,109.50632911392405,11.951106236011404,-11.647551479295887,-12.0,13.0
OPUSDT,fast_alt,always_in_15m,0.0,1.5,1.0,720,77,32,44,1,0,41.55844155844156,42.10526315789474,47.99999999999999,-5.894736842105253,-109.87628865979383,154.0,113.18181818181819,12.670415495157762,-12.0,-12.0,13.0
OPUSDT,fast_alt,always_in_15m,0.0,2.0,1.0,240,81,21,45,15,0,25.925925925925927,31.818181818181817,39.99999999999999,-8.181818181818176,-128.40765977067772,162.0,106.20987654320987,14.36485085477238,-11.474360725372428,-12.0,18.000000000000004
OPUSDT,fast_alt,always_in_15m,0.0,2.0,1.0,480,68,23,43,2,0,33.8235294117647,34.84848484848485,39.99999999999999,-5.151515151515142,-108.11654855617702,136.0,130.02941176470588,17.381664946680427,-11.938102438102437,-12.0,18.000000000000004
OPUSDT,fast_alt,always_in_15m,0.0,2.0,1.0,720,68,23,44,1,0,33.8235294117647,34.32835820895522,39.99999999999999,-5.67164179104477,-110.84004127966979,136.0,129.60294117647058,17.381664946680427,-12.0,-12.0,18.000000000000004
OPUSDT,fast_alt,always_in_15m,0.0,2.0,1.5,240,60,19,22,19,0,31.666666666666668,46.34146341463415,48.57142857142857,-2.229965156794421,-79.88279754413952,120.0,146.43333333333334,15.084719791837289,-13.884868003879678,-17.0,18.000000000000004
OPUSDT,fast_alt,always_in_15m,0.0,2.0,1.5,480,50,19,26,5,0,38.0,42.22222222222222,48.57142857142857,-6.349206349206348,-94.63003768738783,100.0,178.8,16.065372196164642,-16.00243664296464,-17.0,18.000000000000004
OPUSDT,fast_alt,always_in_15m,0.0,2.0,1.5,720,48,19,26,3,0,39.583333333333336,42.22222222222222,48.57142857142857,-6.349206349206348,-105.02102840334071,96.0,186.77083333333334,17.467289719626166,-16.227386528423715,-17.0,18.000000000000004
OPUSDT,fast_alt,always_in_15m,0.0,2.5,1.2,240,65,13,32,20,0,20.0,28.88888888888889,37.837837837837846,-8.948948948948956,-110.30206026650808,130.0,133.1846153846154,15.99262688564212,-12.752943310189025,-14.0,23.0
OPUSDT,fast_alt,always_in_15m,0.0,2.5,1.2,480,53,16,31,6,0,30.18867924528302,34.04255319148936,37.837837837837846,-3.7952846463484846,-69.02774356704626,106.0,167.43396226415095,20.624569810106415,-13.555722645854944,-14.0,23.0
OPUSDT,fast_alt,always_in_15m,0.0,2.5,1.2,720,50,16,31,3,0,32.0,34.04255319148936,37.837837837837846,-3.7952846463484846,-63.74231004057732,100.0,178.08,20.97184955853686,-13.788612565445025,-14.0,23.0
OPUSDT,fast_alt,always_in_15m,0.0,3.0,1.5,240,53,6,22,25,0,11.320754716981131,21.428571428571427,37.777777777777786,-16.34920634920636,-97.61581026189882,106.0,166.1320754716981,15.047449767890935,-13.82773242437095,-17.0,27.999999999999996
OPUSDT,fast_alt,always_in_15m,0.0,3.0,1.5,480,44,11,25,8,0,25.0,30.555555555555557,37.777777777777786,-7.2222222222222285,-63.578713175580745,88.0,203.95454545454547,21.496316407726354,-15.889484892849213,-17.0,27.999999999999996
OPUSDT,fast_alt,always_in_15m,0.0,3.0,1.5,720,38,12,22,4,0,31.57894736842105,35.294117647058826,37.777777777777786,-2.4836601307189596,-44.081883715798455,76.0,238.97368421052633,24.61374962247056,-16.19476576793276,-17.0,27.999999999999996
OPUSDT,fast_alt,dump_reclaim,0.8,1.5,1.0,240,4,3,1,0,0,75.0,75.0,47.99999999999999,27.000000000000007,27.0,8.0,66.75,13.0,-12.0,-12.0,13.0
OPUSDT,fast_alt,dump_reclaim,0.8,1.5,1.0,480,4,3,1,0,0,75.0,75.0,47.99999999999999,27.000000000000007,27.0,8.0,66.75,13.0,-12.0,-12.0,13.0
OPUSDT,fast_alt,dump_reclaim,0.8,1.5,1.0,720,4,3,1,0,0,75.0,75.0,47.99999999999999,27.000000000000007,27.0,8.0,66.75,13.0,-12.0,-12.0,13.0
OPUSDT,fast_alt,dump_reclaim,0.8,2.0,1.0,240,3,2,1,0,0,66.66666666666667,66.66666666666667,39.99999999999999,26.66666666666668,24.000000000000007,6.0,81.66666666666667,18.000000000000004,-12.0,-12.0,18.000000000000004
OPUSDT,fast_alt,dump_reclaim,0.8,2.0,1.0,480,3,2,1,0,0,66.66666666666667,66.66666666666667,39.99999999999999,26.66666666666668,24.000000000000007,6.0,81.66666666666667,18.000000000000004,-12.0,-12.0,18.000000000000004
OPUSDT,fast_alt,dump_reclaim,0.8,2.0,1.0,720,3,2,1,0,0,66.66666666666667,66.66666666666667,39.99999999999999,26.66666666666668,24.000000000000007,6.0,81.66666666666667,18.000000000000004,-12.0,-12.0,18.000000000000004
OPUSDT,fast_alt,dump_reclaim,0.8,2.0,1.5,240,3,2,1,0,0,66.66666666666667,66.66666666666667,48.57142857142857,18.095238095238102,19.000000000000007,6.0,142.0,18.000000000000004,-17.0,-17.0,18.000000000000004
OPUSDT,fast_alt,dump_reclaim,0.8,2.0,1.5,480,3,2,1,0,0,66.66666666666667,66.66666666666667,48.57142857142857,18.095238095238102,19.000000000000007,6.0,142.0,18.000000000000004,-17.0,-17.0,18.000000000000004
OPUSDT,fast_alt,dump_reclaim,0.8,2.0,1.5,720,3,2,1,0,0,66.66666666666667,66.66666666666667,48.57142857142857,18.095238095238102,19.000000000000007,6.0,142.0,18.000000000000004,-17.0,-17.0,18.000000000000004
OPUSDT,fast_alt,dump_reclaim,0.8,2.5,1.2,240,3,2,1,0,0,66.66666666666667,66.66666666666667,37.837837837837846,28.828828828828826,32.0,6.0,83.33333333333333,23.0,-14.0,-14.0,23.0
OPUSDT,fast_alt,dump_reclaim,0.8,2.5,1.2,480,3,2,1,0,0,66.66666666666667,66.66666666666667,37.837837837837846,28.828828828828826,32.0,6.0,83.33333333333333,23.0,-14.0,-14.0,23.0
OPUSDT,fast_alt,dump_reclaim,0.8,2.5,1.2,720,3,2,1,0,0,66.66666666666667,66.66666666666667,37.837837837837846,28.828828828828826,32.0,6.0,83.33333333333333,23.0,-14.0,-14.0,23.0
OPUSDT,fast_alt,dump_reclaim,0.8,3.0,1.5,240,2,1,1,0,0,50.0,50.0,37.777777777777786,12.222222222222214,10.999999999999996,4.0,124.0,27.999999999999996,-17.0,-17.0,27.999999999999996
OPUSDT,fast_alt,dump_reclaim,0.8,3.0,1.5,480,2,1,1,0,0,50.0,50.0,37.777777777777786,12.222222222222214,10.999999999999996,4.0,124.0,27.999999999999996,-17.0,-17.0,27.999999999999996
OPUSDT,fast_alt,dump_reclaim,0.8,3.0,1.5,720,2,1,1,0,0,50.0,50.0,37.777777777777786,12.222222222222214,10.999999999999996,4.0,124.0,27.999999999999996,-17.0,-17.0,27.999999999999996
OPUSDT,fast_alt,dump_reclaim,1.2,1.5,1.0,240,1,1,0,0,0,100.0,100.0,47.99999999999999,52.00000000000001,13.0,2.0,26.0,13.0,0.0,13.0,13.0
OPUSDT,fast_alt,dump_reclaim,1.2,1.5,1.0,480,1,1,0,0,0,100.0,100.0,47.99999999999999,52.00000000000001,13.0,2.0,26.0,13.0,0.0,13.0,13.0
OPUSDT,fast_alt,dump_reclaim,1.2,1.5,1.0,720,1,1,0,0,0,100.0,100.0,47.99999999999999,52.00000000000001,13.0,2.0,26.0,13.0,0.0,13.0,13.0
OPUSDT,fast_alt,dump_reclaim,1.2,2.0,1.0,240,0,0,0,0,0,0.0,,39.99999999999999,,0.0,0.0,0.0,0.0,0.0,0.0,0.0
OPUSDT,fast_alt,dump_reclaim,1.2,2.0,1.0,480,0,0,0,0,0,0.0,,39.99999999999999,,0.0,0.0,0.0,0.0,0.0,0.0,0.0
OPUSDT,fast_alt,dump_reclaim,1.2,2.0,1.0,720,0,0,0,0,0,0.0,,39.99999999999999,,0.0,0.0,0.0,0.0,0.0,0.0,0.0
OPUSDT,fast_alt,dump_reclaim,1.2,2.0,1.5,240,0,0,0,0,0,0.0,,48.57142857142857,,0.0,0.0,0.0,0.0,0.0,0.0,0.0
OPUSDT,fast_alt,dump_reclaim,1.2,2.0,1.5,480,0,0,0,0,0,0.0,,48.57142857142857,,0.0,0.0,0.0,0.0,0.0,0.0,0.0
OPUSDT,fast_alt,dump_reclaim,1.2,2.0,1.5,720,0,0,0,0,0,0.0,,48.57142857142857,,0.0,0.0,0.0,0.0,0.0,0.0,0.0
OPUSDT,fast_alt,dump_reclaim,1.2,2.5,1.2,240,0,0,0,0,0,0.0,,37.837837837837846,,0.0,0.0,0.0,0.0,0.0,0.0,0.0
OPUSDT,fast_alt,dump_reclaim,1.2,2.5,1.2,480,0,0,0,0,0,0.0,,37.837837837837846,,0.0,0.0,0.0,0.0,0.0,0.0,0.0
OPUSDT,fast_alt,dump_reclaim,1.2,2.5,1.2,720,0,0,0,0,0,0.0,,37.837837837837846,,0.0,0.0,0.0,0.0,0.0,0.0,0.0
OPUSDT,fast_alt,dump_reclaim,1.2,3.0,1.5,240,0,0,0,0,0,0.0,,37.777777777777786,,0.0,0.0,0.0,0.0,0.0,0.0,0.0
OPUSDT,fast_alt,dump_reclaim,1.2,3.0,1.5,480,0,0,0,0,0,0.0,,37.777777777777786,,0.0,0.0,0.0,0.0,0.0,0.0,0.0
OPUSDT,fast_alt,dump_reclaim,1.2,3.0,1.5,720,0,0,0,0,0,0.0,,37.777777777777786,,0.0,0.0,0.0,0.0,0.0,0.0,0.0
OPUSDT,fast_alt,dump_reclaim,1.5,1.5,1.0,240,1,1,0,0,0,100.0,100.0,47.99999999999999,52.00000000000001,13.0,2.0,26.0,13.0,0.0,13.0,13.0
OPUSDT,fast_alt,dump_reclaim,1.5,1.5,1.0,480,1,1,0,0,0,100.0,100.0,47.99999999999999,52.00000000000001,13.0,2.0,26.0,13.0,0.0,13.0,13.0
OPUSDT,fast_alt,dump_reclaim,1.5,1.5,1.0,720,1,1,0,0,0,100.0,100.0,47.99999999999999,52.00000000000001,13.0,2.0,26.0,13.0,0.0,13.0,13.0
OPUSDT,fast_alt,dump_reclaim,1.5,2.0,1.0,240,0,0,0,0,0,0.0,,39.99999999999999,,0.0,0.0,0.0,0.0,0.0,0.0,0.0
OPUSDT,fast_alt,dump_reclaim,1.5,2.0,1.0,480,0,0,0,0,0,0.0,,39.99999999999999,,0.0,0.0,0.0,0.0,0.0,0.0,0.0
OPUSDT,fast_alt,dump_reclaim,1.5,2.0,1.0,720,0,0,0,0,0,0.0,,39.99999999999999,,0.0,0.0,0.0,0.0,0.0,0.0,0.0
OPUSDT,fast_alt,dump_reclaim,1.5,2.0,1.5,240,0,0,0,0,0,0.0,,48.57142857142857,,0.0,0.0,0.0,0.0,0.0,0.0,0.0
OPUSDT,fast_alt,dump_reclaim,1.5,2.0,1.5,480,0,0,0,0,0,0.0,,48.57142857142857,,0.0,0.0,0.0,0.0,0.0,0.0,0.0
OPUSDT,fast_alt,dump_reclaim,1.5,2.0,1.5,720,0,0,0,0,0,0.0,,48.57142857142857,,0.0,0.0,0.0,0.0,0.0,0.0,0.0
OPUSDT,fast_alt,dump_reclaim,1.5,2.5,1.2,240,0,0,0,0,0,0.0,,37.837837837837846,,0.0,0.0,0.0,0.0,0.0,0.0,0.0
OPUSDT,fast_alt,dump_reclaim,1.5,2.5,1.2,480,0,0,0,0,0,0.0,,37.837837837837846,,0.0,0.0,0.0,0.0,0.0,0.0,0.0
OPUSDT,fast_alt,dump_reclaim,1.5,2.5,1.2,720,0,0,0,0,0,0.0,,37.837837837837846,,0.0,0.0,0.0,0.0,0.0,0.0,0.0
OPUSDT,fast_alt,dump_reclaim,1.5,3.0,1.5,240,0,0,0,0,0,0.0,,37.777777777777786,,0.0,0.0,0.0,0.0,0.0,0.0,0.0
OPUSDT,fast_alt,dump_reclaim,1.5,3.0,1.5,480,0,0,0,0,0,0.0,,37.777777777777786,,0.0,0.0,0.0,0.0,0.0,0.0,0.0
OPUSDT,fast_alt,dump_reclaim,1.5,3.0,1.5,720,0,0,0,0,0,0.0,,37.777777777777786,,0.0,0.0,0.0,0.0,0.0,0.0,0.0
PEPEUSDT,memecoin,always_in_15m,0.0,1.5,1.0,240,83,23,44,16,0,27.710843373493976,34.32835820895522,47.99999999999999,-13.67164179104477,-196.03151079001756,166.0,102.49397590361446,9.798673252481374,-11.228855721393032,-12.0,13.0
PEPEUSDT,memecoin,always_in_15m,0.0,1.5,1.0,480,75,26,45,4,0,34.666666666666664,36.61971830985915,47.99999999999999,-11.38028169014084,-177.6537625758601,150.0,115.29333333333334,12.078207914137996,-12.0,-12.0,13.0
PEPEUSDT,memecoin,always_in_15m,0.0,1.5,1.0,720,73,27,45,1,0,36.986301369863014,37.5,47.99999999999999,-10.499999999999993,-185.20289855072474,146.0,118.95890410958904,12.671325051759831,-12.0,-12.0,13.0
PEPEUSDT,memecoin,always_in_15m,0.0,2.0,1.0,240,68,13,34,21,0,19.11764705882353,27.659574468085108,39.99999999999999,-12.340425531914885,-108.62912435650807,136.0,126.61764705882354,10.77089483690888,-10.794489092996553,-12.0,18.000000000000004
PEPEUSDT,memecoin,always_in_15m,0.0,2.0,1.0,480,56,16,36,4,0,28.571428571428573,30.76923076923077,39.99999999999999,-9.230769230769223,-113.1398686747414,112.0,157.875,15.943006566262929,-12.0,-12.0,18.000000000000004
PEPEUSDT,memecoin,always_in_15m,0.0,2.0,1.0,720,57,18,37,2,0,31.57894736842105,32.72727272727273,39.99999999999999,-7.272727272727266,-106.33346234894432,114.0,155.17543859649123,16.883326882552783,-12.0,-12.0,18.000000000000004
PEPEUSDT,memecoin,always_in_15m,0.0,2.0,1.5,240,56,11,21,24,0,19.642857142857142,34.375,48.57142857142857,-14.19642857142857,-99.6252029791518,112.0,156.83928571428572,9.394588570342783,-14.67164846497828,-17.0,18.000000000000004
PEPEUSDT,memecoin,always_in_15m,0.0,2.0,1.5,480,43,14,21,8,0,32.55813953488372,40.0,48.57142857142857,-8.57142857142857,-82.3560935971198,86.0,208.53488372093022,15.24066502832992,-15.497030380641176,-17.0,18.000000000000004
PEPEUSDT,memecoin,always_in_15m,0.0,2.0,1.5,720,41,16,22,3,0,39.02439024390244,42.10526315789474,48.57142857142857,-6.46616541353383,-71.42648560475827,82.0,219.78048780487805,15.92492181027588,-17.0,-17.0,18.000000000000004
PEPEUSDT,memecoin,always_in_15m,0.0,2.5,1.2,240,55,4,22,29,0,7.2727272727272725,15.384615384615385,37.837837837837846,-22.45322245322246,-89.32387929336579,110.0,158.0909090909091,9.079547466141786,-11.945416459971216,-14.0,23.0
PEPEUSDT,memecoin,always_in_15m,0.0,2.5,1.2,480,41,8,24,9,0,19.51219512195122,25.0,37.837837837837846,-12.837837837837846,-92.69099006220068,82.0,218.53658536585365,16.686272304310997,-13.19173363949483,-14.0,23.0
PEPEUSDT,memecoin,always_in_15m,0.0,2.5,1.2,720,36,8,23,5,0,22.22222222222222,25.806451612903224,37.837837837837846,-12.031386224934622,-82.07487948009327,72.00000000000001,250.80555555555554,18.455778501531288,-14.0,-14.0,23.0
PEPEUSDT,memecoin,always_in_15m,0.0,3.0,1.5,240,49,2,16,31,0,4.081632653061225,11.11111111111111,37.777777777777786,-26.666666666666675,-92.94967024566871,98.0,178.9795918367347,9.424802921044739,-12.765797614029697,-17.0,27.999999999999996
PEPEUSDT,memecoin,always_in_15m,0.0,3.0,1.5,480,33,5,18,10,0,15.151515151515152,21.73913043478261,37.777777777777786,-16.038647342995176,-89.22893214493241,66.0,273.1212121212121,19.290566792310106,-15.272177792983506,-17.0,27.999999999999996
PEPEUSDT,memecoin,always_in_15m,0.0,3.0,1.5,720,30,7,16,7,0,23.333333333333332,30.434782608695652,37.777777777777786,-7.342995169082133,-32.513166727698284,60.0,302.6,23.10145845661158,-15.085747881601351,-17.0,27.999999999999996
PEPEUSDT,memecoin,dump_reclaim,0.8,1.5,1.0,240,5,2,2,1,0,40.0,50.0,47.99999999999999,2.000000000000007,5.88235294117645,10.0,86.4,9.960784313725483,-12.0,-12.0,13.0
PEPEUSDT,memecoin,dump_reclaim,0.8,1.5,1.0,480,5,2,2,1,0,40.0,50.0,47.99999999999999,2.000000000000007,8.823529411764675,10.0,134.4,10.941176470588225,-12.0,-12.0,13.0
PEPEUSDT,memecoin,dump_reclaim,0.8,1.5,1.0,720,5,2,3,0,0,40.0,40.0,47.99999999999999,-7.999999999999993,-10.0,10.0,138.8,13.0,-12.0,-12.0,13.0
PEPEUSDT,memecoin,dump_reclaim,0.8,2.0,1.0,240,5,2,2,1,0,40.0,50.0,39.99999999999999,10.000000000000007,15.882352941176457,10.0,91.4,13.294117647058819,-12.0,-12.0,18.000000000000004
PEPEUSDT,memecoin,dump_reclaim,0.8,2.0,1.0,480,5,2,2,1,0,40.0,50.0,39.99999999999999,10.000000000000007,18.82352941176468,10.0,139.4,14.27450980392156,-12.0,-12.0,18.000000000000004
PEPEUSDT,memecoin,dump_reclaim,0.8,2.0,1.0,720,5,2,3,0,0,40.0,40.0,39.99999999999999,7.105427357601002e-15,7.105427357601002e-15,10.0,143.8,18.000000000000004,-12.0,-12.0,18.000000000000004
PEPEUSDT,memecoin,dump_reclaim,0.8,2.0,1.5,240,4,2,1,1,0,50.0,66.66666666666667,48.57142857142857,18.095238095238102,22.882352941176457,8.0,119.25,13.294117647058819,-17.0,-17.0,18.000000000000004
PEPEUSDT,memecoin,dump_reclaim,0.8,2.0,1.5,480,4,2,1,1,0,50.0,66.66666666666667,48.57142857142857,18.095238095238102,25.82352941176468,8.0,179.25,14.27450980392156,-17.0,-17.0,18.000000000000004
PEPEUSDT,memecoin,dump_reclaim,0.8,2.0,1.5,720,4,2,2,0,0,50.0,50.0,48.57142857142857,1.4285714285714306,2.000000000000007,8.0,187.75,18.000000000000004,-17.0,-17.0,18.000000000000004
PEPEUSDT,memecoin,dump_reclaim,0.8,2.5,1.2,240,4,0,2,2,0,0.0,0.0,37.837837837837846,-37.837837837837846,-23.123635082775678,8.0,129.25,2.438182458612161,-14.0,-14.0,3.8823529411764497
PEPEUSDT,memecoin,dump_reclaim,0.8,2.5,1.2,480,4,0,2,2,0,0.0,0.0,37.837837837837846,-37.837837837837846,-8.206410707995742,8.0,249.25,9.896794646002128,-14.0,-14.0,12.970059880239583
PEPEUSDT,memecoin,dump_reclaim,0.8,2.5,1.2,720,4,0,3,1,0,0.0,0.0,37.837837837837846,-37.837837837837846,-44.0,8.0,317.0,0.0,-11.0,-14.0,-2.0
PEPEUSDT,memecoin,dump_reclaim,0.8,3.0,1.5,240,2,0,1,1,0,0.0,0.0,37.777777777777786,-37.777777777777786,-16.005988023952128,4.0,146.5,0.9940119760478723,-17.0,-17.0,0.9940119760478723
PEPEUSDT,memecoin,dump_reclaim,0.8,3.0,1.5,480,2,0,1,1,0,0.0,0.0,37.777777777777786,-37.777777777777786,-4.0299401197604166,4.0,266.5,12.970059880239583,-17.0,-17.0,12.970059880239583
PEPEUSDT,memecoin,dump_reclaim,0.8,3.0,1.5,720,2,0,1,1,0,0.0,0.0,37.777777777777786,-37.777777777777786,-19.0,4.0,386.5,0.0,-9.5,-17.0,-2.0
PEPEUSDT,memecoin,dump_reclaim,1.2,1.5,1.0,240,0,0,0,0,0,0.0,,47.99999999999999,,0.0,0.0,0.0,0.0,0.0,0.0,0.0
PEPEUSDT,memecoin,dump_reclaim,1.2,1.5,1.0,480,0,0,0,0,0,0.0,,47.99999999999999,,0.0,0.0,0.0,0.0,0.0,0.0,0.0
PEPEUSDT,memecoin,dump_reclaim,1.2,1.5,1.0,720,0,0,0,0,0,0.0,,47.99999999999999,,0.0,0.0,0.0,0.0,0.0,0.0,0.0
PEPEUSDT,memecoin,dump_reclaim,1.2,2.0,1.0,240,0,0,0,0,0,0.0,,39.99999999999999,,0.0,0.0,0.0,0.0,0.0,0.0,0.0
PEPEUSDT,memecoin,dump_reclaim,1.2,2.0,1.0,480,0,0,0,0,0,0.0,,39.99999999999999,,0.0,0.0,0.0,0.0,0.0,0.0,0.0
PEPEUSDT,memecoin,dump_reclaim,1.2,2.0,1.0,720,0,0,0,0,0,0.0,,39.99999999999999,,0.0,0.0,0.0,0.0,0.0,0.0,0.0
PEPEUSDT,memecoin,dump_reclaim,1.2,2.0,1.5,240,0,0,0,0,0,0.0,,48.57142857142857,,0.0,0.0,0.0,0.0,0.0,0.0,0.0
PEPEUSDT,memecoin,dump_reclaim,1.2,2.0,1.5,480,0,0,0,0,0,0.0,,48.57142857142857,,0.0,0.0,0.0,0.0,0.0,0.0,0.0
PEPEUSDT,memecoin,dump_reclaim,1.2,2.0,1.5,720,0,0,0,0,0,0.0,,48.57142857142857,,0.0,0.0,0.0,0.0,0.0,0.0,0.0
PEPEUSDT,memecoin,dump_reclaim,1.2,2.5,1.2,240,0,0,0,0,0,0.0,,37.837837837837846,,0.0,0.0,0.0,0.0,0.0,0.0,0.0
PEPEUSDT,memecoin,dump_reclaim,1.2,2.5,1.2,480,0,0,0,0,0,0.0,,37.837837837837846,,0.0,0.0,0.0,0.0,0.0,0.0,0.0
PEPEUSDT,memecoin,dump_reclaim,1.2,2.5,1.2,720,0,0,0,0,0,0.0,,37.837837837837846,,0.0,0.0,0.0,0.0,0.0,0.0,0.0
PEPEUSDT,memecoin,dump_reclaim,1.2,3.0,1.5,240,0,0,0,0,0,0.0,,37.777777777777786,,0.0,0.0,0.0,0.0,0.0,0.0,0.0
PEPEUSDT,memecoin,dump_reclaim,1.2,3.0,1.5,480,0,0,0,0,0,0.0,,37.777777777777786,,0.0,0.0,0.0,0.0,0.0,0.0,0.0
PEPEUSDT,memecoin,dump_reclaim,1.2,3.0,1.5,720,0,0,0,0,0,0.0,,37.777777777777786,,0.0,0.0,0.0,0.0,0.0,0.0,0.0
PEPEUSDT,memecoin,dump_reclaim,1.5,1.5,1.0,240,0,0,0,0,0,0.0,,47.99999999999999,,0.0,0.0,0.0,0.0,0.0,0.0,0.0
PEPEUSDT,memecoin,dump_reclaim,1.5,1.5,1.0,480,0,0,0,0,0,0.0,,47.99999999999999,,0.0,0.0,0.0,0.0,0.0,0.0,0.0
PEPEUSDT,memecoin,dump_reclaim,1.5,1.5,1.0,720,0,0,0,0,0,0.0,,47.99999999999999,,0.0,0.0,0.0,0.0,0.0,0.0,0.0
PEPEUSDT,memecoin,dump_reclaim,1.5,2.0,1.0,240,0,0,0,0,0,0.0,,39.99999999999999,,0.0,0.0,0.0,0.0,0.0,0.0,0.0
PEPEUSDT,memecoin,dump_reclaim,1.5,2.0,1.0,480,0,0,0,0,0,0.0,,39.99999999999999,,0.0,0.0,0.0,0.0,0.0,0.0,0.0
PEPEUSDT,memecoin,dump_reclaim,1.5,2.0,1.0,720,0,0,0,0,0,0.0,,39.99999999999999,,0.0,0.0,0.0,0.0,0.0,0.0,0.0
PEPEUSDT,memecoin,dump_reclaim,1.5,2.0,1.5,240,0,0,0,0,0,0.0,,48.57142857142857,,0.0,0.0,0.0,0.0,0.0,0.0,0.0
PEPEUSDT,memecoin,dump_reclaim,1.5,2.0,1.5,480,0,0,0,0,0,0.0,,48.57142857142857,,0.0,0.0,0.0,0.0,0.0,0.0,0.0
PEPEUSDT,memecoin,dump_reclaim,1.5,2.0,1.5,720,0,0,0,0,0,0.0,,48.57142857142857,,0.0,0.0,0.0,0.0,0.0,0.0,0.0
PEPEUSDT,memecoin,dump_reclaim,1.5,2.5,1.2,240,0,0,0,0,0,0.0,,37.837837837837846,,0.0,0.0,0.0,0.0,0.0,0.0,0.0
PEPEUSDT,memecoin,dump_reclaim,1.5,2.5,1.2,480,0,0,0,0,0,0.0,,37.837837837837846,,0.0,0.0,0.0,0.0,0.0,0.0,0.0
PEPEUSDT,memecoin,dump_reclaim,1.5,2.5,1.2,720,0,0,0,0,0,0.0,,37.837837837837846,,0.0,0.0,0.0,0.0,0.0,0.0,0.0
PEPEUSDT,memecoin,dump_reclaim,1.5,3.0,1.5,240,0,0,0,0,0,0.0,,37.777777777777786,,0.0,0.0,0.0,0.0,0.0,0.0,0.0
PEPEUSDT,memecoin,dump_reclaim,1.5,3.0,1.5,480,0,0,0,0,0,0.0,,37.777777777777786,,0.0,0.0,0.0,0.0,0.0,0.0,0.0
PEPEUSDT,memecoin,dump_reclaim,1.5,3.0,1.5,720,0,0,0,0,0,0.0,,37.777777777777786,,0.0,0.0,0.0,0.0,0.0,0.0,0.0
SEIUSDT,fast_alt,always_in_15m,0.0,1.5,1.0,240,54,8,23,23,0,14.814814814814815,25.806451612903224,47.99999999999999,-22.19354838709677,-188.5464957936486,108.0,162.53703703703704,8.844643188369576,-9.159606216106255,-12.0,13.0
SEIUSDT,fast_alt,always_in_15m,0.0,1.5,1.0,480,40,11,23,6,0,27.5,32.35294117647059,47.99999999999999,-15.647058823529406,-124.88670409405611,80.0,224.925,10.636961068278799,-11.377644804729522,-12.0,13.0
SEIUSDT,fast_alt,always_in_15m,0.0,1.5,1.0,720,40,13,25,2,0,32.5,34.21052631578947,47.99999999999999,-13.78947368421052,-133.3373671623026,80.0,225.0,12.158615136876007,-11.67530688763718,-12.0,13.0
SEIUSDT,fast_alt,always_in_15m,0.0,2.0,1.0,240,53,4,24,25,0,7.547169811320755,14.285714285714286,39.99999999999999,-25.714285714285708,-168.1775104776918,106.0,165.71698113207546,8.058069998535043,-9.979966983284626,-12.0,18.000000000000004
SEIUSDT,fast_alt,always_in_15m,0.0,2.0,1.0,480,36,6,19,11,0,16.666666666666668,24.0,39.99999999999999,-15.999999999999993,-92.23563603828288,72.00000000000001,249.69444444444446,11.712704826544982,-10.630469512320332,-12.0,18.000000000000004
SEIUSDT,fast_alt,always_in_15m,0.0,2.0,1.0,720,33,7,20,6,0,21.21212121212121,25.925925925925927,39.99999999999999,-14.074074074074066,-100.13930327170006,66.0,274.3939393939394,13.040805985285234,-11.07218950499262,-12.0,18.000000000000004
SEIUSDT,fast_alt,always_in_15m,0.0,2.0,1.5,240,45,6,9,30,0,13.333333333333334,40.0,48.57142857142857,-8.57142857142857,-100.42764255132498,90.0,195.42222222222222,10.039716334818047,-9.68224358011542,-17.0,18.000000000000004
SEIUSDT,fast_alt,always_in_15m,0.0,2.0,1.5,480,28,5,12,11,0,17.857142857142858,29.41176470588235,48.57142857142857,-19.159663865546218,-99.34892834874674,56.0,323.75,11.464642355188845,-14.807789788188304,-17.0,18.000000000000004
SEIUSDT,fast_alt,always_in_15m,0.0,2.0,1.5,720,25,8,11,6,0,32.0,42.10526315789474,48.57142857142857,-6.46616541353383,-58.352121924580985,50.0,364.92,13.759730719973003,-14.979225703163143,-17.0,18.000000000000004
SEIUSDT,fast_alt,always_in_15m,0.0,2.5,1.2,240,44,3,10,31,0,6.818181818181818,23.076923076923077,37.837837837837846,-14.760914760914769,-78.16053710442206,88.0,199.45454545454547,9.703118136513574,-9.004205386116768,-14.0,23.0
SEIUSDT,fast_alt,always_in_15m,0.0,2.5,1.2,480,30,4,16,10,0,13.333333333333334,20.0,37.837837837837846,-17.837837837837846,-78.44183167995541,60.0,302.03333333333336,14.378101422918684,-12.452681438529524,-14.0,23.0
SEIUSDT,fast_alt,always_in_15m,0.0,2.5,1.2,720,25,4,12,9,0,16.0,25.0,37.837837837837846,-12.837837837837846,-67.02689285297484,50.0,364.08,13.750505898219236,-11.923840371059248,-14.0,23.0
SEIUSDT,fast_alt,always_in_15m,0.0,3.0,1.5,240,42,2,8,32,0,4.761904761904762,20.0,37.777777777777786,-17.777777777777786,-116.61483890364866,84.0,209.35714285714286,9.453812783434012,-8.891722066847317,-17.0,27.999999999999996
SEIUSDT,fast_alt,always_in_15m,0.0,3.0,1.5,480,27,2,11,14,0,7.407407407407407,15.384615384615385,37.777777777777786,-22.3931623931624,-82.96218945944875,54.0,335.25925925925924,12.75700126378373,-13.955575210066861,-17.0,27.999999999999996
SEIUSDT,fast_alt,always_in_15m,0.0,3.0,1.5,720,21,2,9,10,0,9.523809523809524,18.181818181818183,37.777777777777786,-19.595959595959602,-73.88311522031844,42.0,434.42857142857144,15.62720988735288,-13.090970316556328,-17.0,27.999999999999996
SEIUSDT,fast_alt,dump_reclaim,0.8,1.5,1.0,240,0,0,0,0,0,0.0,,47.99999999999999,,0.0,0.0,0.0,0.0,0.0,0.0,0.0
SEIUSDT,fast_alt,dump_reclaim,0.8,1.5,1.0,480,0,0,0,0,0,0.0,,47.99999999999999,,0.0,0.0,0.0,0.0,0.0,0.0,0.0
SEIUSDT,fast_alt,dump_reclaim,0.8,1.5,1.0,720,0,0,0,0,0,0.0,,47.99999999999999,,0.0,0.0,0.0,0.0,0.0,0.0,0.0
SEIUSDT,fast_alt,dump_reclaim,0.8,2.0,1.0,240,0,0,0,0,0,0.0,,39.99999999999999,,0.0,0.0,0.0,0.0,0.0,0.0,0.0
SEIUSDT,fast_alt,dump_reclaim,0.8,2.0,1.0,480,0,0,0,0,0,0.0,,39.99999999999999,,0.0,0.0,0.0,0.0,0.0,0.0,0.0
SEIUSDT,fast_alt,dump_reclaim,0.8,2.0,1.0,720,0,0,0,0,0,0.0,,39.99999999999999,,0.0,0.0,0.0,0.0,0.0,0.0,0.0
SEIUSDT,fast_alt,dump_reclaim,0.8,2.0,1.5,240,0,0,0,0,0,0.0,,48.57142857142857,,0.0,0.0,0.0,0.0,0.0,0.0,0.0
SEIUSDT,fast_alt,dump_reclaim,0.8,2.0,1.5,480,0,0,0,0,0,0.0,,48.57142857142857,,0.0,0.0,0.0,0.0,0.0,0.0,0.0
SEIUSDT,fast_alt,dump_reclaim,0.8,2.0,1.5,720,0,0,0,0,0,0.0,,48.57142857142857,,0.0,0.0,0.0,0.0,0.0,0.0,0.0
SEIUSDT,fast_alt,dump_reclaim,0.8,2.5,1.2,240,0,0,0,0,0,0.0,,37.837837837837846,,0.0,0.0,0.0,0.0,0.0,0.0,0.0
SEIUSDT,fast_alt,dump_reclaim,0.8,2.5,1.2,480,0,0,0,0,0,0.0,,37.837837837837846,,0.0,0.0,0.0,0.0,0.0,0.0,0.0
SEIUSDT,fast_alt,dump_reclaim,0.8,2.5,1.2,720,0,0,0,0,0,0.0,,37.837837837837846,,0.0,0.0,0.0,0.0,0.0,0.0,0.0
SEIUSDT,fast_alt,dump_reclaim,0.8,3.0,1.5,240,0,0,0,0,0,0.0,,37.777777777777786,,0.0,0.0,0.0,0.0,0.0,0.0,0.0
SEIUSDT,fast_alt,dump_reclaim,0.8,3.0,1.5,480,0,0,0,0,0,0.0,,37.777777777777786,,0.0,0.0,0.0,0.0,0.0,0.0,0.0
SEIUSDT,fast_alt,dump_reclaim,0.8,3.0,1.5,720,0,0,0,0,0,0.0,,37.777777777777786,,0.0,0.0,0.0,0.0,0.0,0.0,0.0
SEIUSDT,fast_alt,dump_reclaim,1.2,1.5,1.0,240,0,0,0,0,0,0.0,,47.99999999999999,,0.0,0.0,0.0,0.0,0.0,0.0,0.0
SEIUSDT,fast_alt,dump_reclaim,1.2,1.5,1.0,480,0,0,0,0,0,0.0,,47.99999999999999,,0.0,0.0,0.0,0.0,0.0,0.0,0.0
SEIUSDT,fast_alt,dump_reclaim,1.2,1.5,1.0,720,0,0,0,0,0,0.0,,47.99999999999999,,0.0,0.0,0.0,0.0,0.0,0.0,0.0
SEIUSDT,fast_alt,dump_reclaim,1.2,2.0,1.0,240,0,0,0,0,0,0.0,,39.99999999999999,,0.0,0.0,0.0,0.0,0.0,0.0,0.0
SEIUSDT,fast_alt,dump_reclaim,1.2,2.0,1.0,480,0,0,0,0,0,0.0,,39.99999999999999,,0.0,0.0,0.0,0.0,0.0,0.0,0.0
SEIUSDT,fast_alt,dump_reclaim,1.2,2.0,1.0,720,0,0,0,0,0,0.0,,39.99999999999999,,0.0,0.0,0.0,0.0,0.0,0.0,0.0
SEIUSDT,fast_alt,dump_reclaim,1.2,2.0,1.5,240,0,0,0,0,0,0.0,,48.57142857142857,,0.0,0.0,0.0,0.0,0.0,0.0,0.0
SEIUSDT,fast_alt,dump_reclaim,1.2,2.0,1.5,480,0,0,0,0,0,0.0,,48.57142857142857,,0.0,0.0,0.0,0.0,0.0,0.0,0.0
SEIUSDT,fast_alt,dump_reclaim,1.2,2.0,1.5,720,0,0,0,0,0,0.0,,48.57142857142857,,0.0,0.0,0.0,0.0,0.0,0.0,0.0
SEIUSDT,fast_alt,dump_reclaim,1.2,2.5,1.2,240,0,0,0,0,0,0.0,,37.837837837837846,,0.0,0.0,0.0,0.0,0.0,0.0,0.0
SEIUSDT,fast_alt,dump_reclaim,1.2,2.5,1.2,480,0,0,0,0,0,0.0,,37.837837837837846,,0.0,0.0,0.0,0.0,0.0,0.0,0.0
SEIUSDT,fast_alt,dump_reclaim,1.2,2.5,1.2,720,0,0,0,0,0,0.0,,37.837837837837846,,0.0,0.0,0.0,0.0,0.0,0.0,0.0
SEIUSDT,fast_alt,dump_reclaim,1.2,3.0,1.5,240,0,0,0,0,0,0.0,,37.777777777777786,,0.0,0.0,0.0,0.0,0.0,0.0,0.0
SEIUSDT,fast_alt,dump_reclaim,1.2,3.0,1.5,480,0,0,0,0,0,0.0,,37.777777777777786,,0.0,0.0,0.0,0.0,0.0,0.0,0.0
SEIUSDT,fast_alt,dump_reclaim,1.2,3.0,1.5,720,0,0,0,0,0,0.0,,37.777777777777786,,0.0,0.0,0.0,0.0,0.0,0.0,0.0
SEIUSDT,fast_alt,dump_reclaim,1.5,1.5,1.0,240,0,0,0,0,0,0.0,,47.99999999999999,,0.0,0.0,0.0,0.0,0.0,0.0,0.0
SEIUSDT,fast_alt,dump_reclaim,1.5,1.5,1.0,480,0,0,0,0,0,0.0,,47.99999999999999,,0.0,0.0,0.0,0.0,0.0,0.0,0.0
SEIUSDT,fast_alt,dump_reclaim,1.5,1.5,1.0,720,0,0,0,0,0,0.0,,47.99999999999999,,0.0,0.0,0.0,0.0,0.0,0.0,0.0
SEIUSDT,fast_alt,dump_reclaim,1.5,2.0,1.0,240,0,0,0,0,0,0.0,,39.99999999999999,,0.0,0.0,0.0,0.0,0.0,0.0,0.0
SEIUSDT,fast_alt,dump_reclaim,1.5,2.0,1.0,480,0,0,0,0,0,0.0,,39.99999999999999,,0.0,0.0,0.0,0.0,0.0,0.0,0.0
SEIUSDT,fast_alt,dump_reclaim,1.5,2.0,1.0,720,0,0,0,0,0,0.0,,39.99999999999999,,0.0,0.0,0.0,0.0,0.0,0.0,0.0
SEIUSDT,fast_alt,dump_reclaim,1.5,2.0,1.5,240,0,0,0,0,0,0.0,,48.57142857142857,,0.0,0.0,0.0,0.0,0.0,0.0,0.0
SEIUSDT,fast_alt,dump_reclaim,1.5,2.0,1.5,480,0,0,0,0,0,0.0,,48.57142857142857,,0.0,0.0,0.0,0.0,0.0,0.0,0.0
SEIUSDT,fast_alt,dump_reclaim,1.5,2.0,1.5,720,0,0,0,0,0,0.0,,48.57142857142857,,0.0,0.0,0.0,0.0,0.0,0.0,0.0
SEIUSDT,fast_alt,dump_reclaim,1.5,2.5,1.2,240,0,0,0,0,0,0.0,,37.837837837837846,,0.0,0.0,0.0,0.0,0.0,0.0,0.0
SEIUSDT,fast_alt,dump_reclaim,1.5,2.5,1.2,480,0,0,0,0,0,0.0,,37.837837837837846,,0.0,0.0,0.0,0.0,0.0,0.0,0.0
SEIUSDT,fast_alt,dump_reclaim,1.5,2.5,1.2,720,0,0,0,0,0,0.0,,37.837837837837846,,0.0,0.0,0.0,0.0,0.0,0.0,0.0
SEIUSDT,fast_alt,dump_reclaim,1.5,3.0,1.5,240,0,0,0,0,0,0.0,,37.777777777777786,,0.0,0.0,0.0,0.0,0.0,0.0,0.0
SEIUSDT,fast_alt,dump_reclaim,1.5,3.0,1.5,480,0,0,0,0,0,0.0,,37.777777777777786,,0.0,0.0,0.0,0.0,0.0,0.0,0.0
SEIUSDT,fast_alt,dump_reclaim,1.5,3.0,1.5,720,0,0,0,0,0,0.0,,37.777777777777786,,0.0,0.0,0.0,0.0,0.0,0.0,0.0
SHIBUSDT,memecoin,always_in_15m,0.0,1.5,1.0,240,64,15,27,22,0,23.4375,35.714285714285715,47.99999999999999,-12.285714285714278,-133.87812268922366,128.0,135.75,8.972934540786659,-9.662484756570441,-12.0,13.0
SHIBUSDT,memecoin,always_in_15m,0.0,1.5,1.0,480,46,14,24,8,0,30.434782608695652,36.8421052631579,47.99999999999999,-11.157894736842096,-107.62185353113529,92.0,194.43478260869566,11.097800156276513,-10.977937726575448,-12.0,13.0
SHIBUSDT,memecoin,always_in_15m,0.0,1.5,1.0,720,44,16,25,3,0,36.36363636363637,39.02439024390244,47.99999999999999,-8.975609756097555,-101.91976794289606,88.0,204.5681818181818,12.567540209200324,-11.68770190738154,-12.0,13.0
SHIBUSDT,memecoin,always_in_15m,0.0,2.0,1.0,240,53,7,22,24,0,13.20754716981132,24.137931034482758,39.99999999999999,-15.862068965517235,-135.24330221491604,106.0,165.96226415094338,8.95359023262545,-8.981221077494107,-12.0,18.000000000000004
SHIBUSDT,memecoin,always_in_15m,0.0,2.0,1.0,480,40,8,23,9,0,20.0,25.806451612903224,39.99999999999999,-14.193548387096769,-104.39118536181576,80.0,224.725,13.635936919385575,-11.357473162815918,-12.0,18.000000000000004
SHIBUSDT,memecoin,always_in_15m,0.0,2.0,1.0,720,38,9,24,5,0,23.68421052631579,27.272727272727273,39.99999999999999,-12.72727272727272,-104.57787670126291,76.0,237.68421052631578,16.419780348687585,-11.600586187904382,-12.0,18.000000000000004
SHIBUSDT,memecoin,always_in_15m,0.0,2.0,1.5,240,45,6,11,28,0,13.333333333333334,35.294117647058826,48.57142857142857,-13.277310924369743,-83.38251172504741,90.0,196.13333333333333,8.636618264484488,-11.031312303300902,-17.0,18.000000000000004
SHIBUSDT,memecoin,always_in_15m,0.0,2.0,1.5,480,31,8,14,9,0,25.806451612903224,36.36363636363637,48.57142857142857,-12.207792207792203,-70.50558636850201,62.0,290.93548387096774,14.512273920839126,-14.398063741078367,-17.0,18.000000000000004
SHIBUSDT,memecoin,always_in_15m,0.0,2.0,1.5,720,25,6,12,7,0,24.0,33.333333333333336,48.57142857142857,-15.238095238095234,-82.73177981677281,50.0,363.96,14.082346346951818,-14.903682885752731,-17.0,18.000000000000004
SHIBUSDT,memecoin,always_in_15m,0.0,2.5,1.2,240,48,3,15,30,0,6.25,16.666666666666668,37.837837837837846,-21.171171171171178,-121.7848546625175,96.0,182.5,7.8187485276127315,-9.934279471956145,-14.0,23.0
SHIBUSDT,memecoin,always_in_15m,0.0,2.5,1.2,480,33,5,19,9,0,15.151515151515152,20.833333333333332,37.837837837837846,-17.004504504504514,-92.49141642176458,66.0,273.4848484848485,17.34715989339293,-12.877735238594857,-14.0,23.0
SHIBUSDT,memecoin,always_in_15m,0.0,2.5,1.2,720,31,8,19,4,0,25.806451612903224,29.62962962962963,37.837837837837846,-8.208208208208216,-80.12776497029242,62.0,293.64516129032256,19.948747591522146,-13.315011470738758,-14.0,23.0
SHIBUSDT,memecoin,always_in_15m,0.0,3.0,1.5,240,44,2,11,31,0,4.545454545454546,15.384615384615385,37.777777777777786,-22.3931623931624,-108.25702110946015,88.0,200.1590909090909,8.40277400310342,-11.513020882147023,-17.0,27.999999999999996
SHIBUSDT,memecoin,always_in_15m,0.0,3.0,1.5,480,28,2,13,13,0,7.142857142857143,13.333333333333334,37.777777777777786,-24.44444444444445,-64.40736509459273,56.0,322.92857142857144,13.706617820662643,-14.305423683909027,-17.0,27.999999999999996
SHIBUSDT,memecoin,always_in_15m,0.0,3.0,1.5,720,23,4,13,6,0,17.391304347826086,23.529411764705884,37.777777777777786,-14.248366013071902,-81.98306958094737,46.0,396.3478260869565,18.60998325162948,-15.390862372932213,-17.0,27.999999999999996
SHIBUSDT,memecoin,dump_reclaim,0.8,1.5,1.0,240,3,2,1,0,0,66.66666666666667,66.66666666666667,47.99999999999999,18.66666666666668,14.0,6.0,32.333333333333336,13.0,-12.0,-12.0,13.0
SHIBUSDT,memecoin,dump_reclaim,0.8,1.5,1.0,480,3,2,1,0,0,66.66666666666667,66.66666666666667,47.99999999999999,18.66666666666668,14.0,6.0,32.333333333333336,13.0,-12.0,-12.0,13.0
SHIBUSDT,memecoin,dump_reclaim,0.8,1.5,1.0,720,3,2,1,0,0,66.66666666666667,66.66666666666667,47.99999999999999,18.66666666666668,14.0,6.0,32.333333333333336,13.0,-12.0,-12.0,13.0
SHIBUSDT,memecoin,dump_reclaim,0.8,2.0,1.0,240,2,1,1,0,0,50.0,50.0,39.99999999999999,10.000000000000007,6.0000000000000036,4.0,16.0,18.000000000000004,-12.0,-12.0,18.000000000000004
SHIBUSDT,memecoin,dump_reclaim,0.8,2.0,1.0,480,2,1,1,0,0,50.0,50.0,39.99999999999999,10.000000000000007,6.0000000000000036,4.0,16.0,18.000000000000004,-12.0,-12.0,18.000000000000004
SHIBUSDT,memecoin,dump_reclaim,0.8,2.0,1.0,720,2,1,1,0,0,50.0,50.0,39.99999999999999,10.000000000000007,6.0000000000000036,4.0,16.0,18.000000000000004,-12.0,-12.0,18.000000000000004
SHIBUSDT,memecoin,dump_reclaim,0.8,2.0,1.5,240,2,1,1,0,0,50.0,50.0,48.57142857142857,1.4285714285714306,1.0000000000000036,4.0,21.0,18.000000000000004,-17.0,-17.0,18.000000000000004
SHIBUSDT,memecoin,dump_reclaim,0.8,2.0,1.5,480,2,1,1,0,0,50.0,50.0,48.57142857142857,1.4285714285714306,1.0000000000000036,4.0,21.0,18.000000000000004,-17.0,-17.0,18.000000000000004
SHIBUSDT,memecoin,dump_reclaim,0.8,2.0,1.5,720,2,1,1,0,0,50.0,50.0,48.57142857142857,1.4285714285714306,1.0000000000000036,4.0,21.0,18.000000000000004,-17.0,-17.0,18.000000000000004
SHIBUSDT,memecoin,dump_reclaim,0.8,2.5,1.2,240,2,1,1,0,0,50.0,50.0,37.837837837837846,12.162162162162154,9.0,4.0,84.0,23.0,-14.0,-14.0,23.0
SHIBUSDT,memecoin,dump_reclaim,0.8,2.5,1.2,480,2,1,1,0,0,50.0,50.0,37.837837837837846,12.162162162162154,9.0,4.0,84.0,23.0,-14.0,-14.0,23.0
SHIBUSDT,memecoin,dump_reclaim,0.8,2.5,1.2,720,2,1,1,0,0,50.0,50.0,37.837837837837846,12.162162162162154,9.0,4.0,84.0,23.0,-14.0,-14.0,23.0
SHIBUSDT,memecoin,dump_reclaim,0.8,3.0,1.5,240,2,1,1,0,0,50.0,50.0,37.777777777777786,12.222222222222214,10.999999999999996,4.0,135.5,27.999999999999996,-17.0,-17.0,27.999999999999996
SHIBUSDT,memecoin,dump_reclaim,0.8,3.0,1.5,480,2,1,1,0,0,50.0,50.0,37.777777777777786,12.222222222222214,10.999999999999996,4.0,135.5,27.999999999999996,-17.0,-17.0,27.999999999999996
SHIBUSDT,memecoin,dump_reclaim,0.8,3.0,1.5,720,2,1,1,0,0,50.0,50.0,37.777777777777786,12.222222222222214,10.999999999999996,4.0,135.5,27.999999999999996,-17.0,-17.0,27.999999999999996
SHIBUSDT,memecoin,dump_reclaim,1.2,1.5,1.0,240,0,0,0,0,0,0.0,,47.99999999999999,,0.0,0.0,0.0,0.0,0.0,0.0,0.0
SHIBUSDT,memecoin,dump_reclaim,1.2,1.5,1.0,480,0,0,0,0,0,0.0,,47.99999999999999,,0.0,0.0,0.0,0.0,0.0,0.0,0.0
SHIBUSDT,memecoin,dump_reclaim,1.2,1.5,1.0,720,0,0,0,0,0,0.0,,47.99999999999999,,0.0,0.0,0.0,0.0,0.0,0.0,0.0
SHIBUSDT,memecoin,dump_reclaim,1.2,2.0,1.0,240,0,0,0,0,0,0.0,,39.99999999999999,,0.0,0.0,0.0,0.0,0.0,0.0,0.0
SHIBUSDT,memecoin,dump_reclaim,1.2,2.0,1.0,480,0,0,0,0,0,0.0,,39.99999999999999,,0.0,0.0,0.0,0.0,0.0,0.0,0.0
SHIBUSDT,memecoin,dump_reclaim,1.2,2.0,1.0,720,0,0,0,0,0,0.0,,39.99999999999999,,0.0,0.0,0.0,0.0,0.0,0.0,0.0
SHIBUSDT,memecoin,dump_reclaim,1.2,2.0,1.5,240,0,0,0,0,0,0.0,,48.57142857142857,,0.0,0.0,0.0,0.0,0.0,0.0,0.0
SHIBUSDT,memecoin,dump_reclaim,1.2,2.0,1.5,480,0,0,0,0,0,0.0,,48.57142857142857,,0.0,0.0,0.0,0.0,0.0,0.0,0.0
SHIBUSDT,memecoin,dump_reclaim,1.2,2.0,1.5,720,0,0,0,0,0,0.0,,48.57142857142857,,0.0,0.0,0.0,0.0,0.0,0.0,0.0
SHIBUSDT,memecoin,dump_reclaim,1.2,2.5,1.2,240,0,0,0,0,0,0.0,,37.837837837837846,,0.0,0.0,0.0,0.0,0.0,0.0,0.0
SHIBUSDT,memecoin,dump_reclaim,1.2,2.5,1.2,480,0,0,0,0,0,0.0,,37.837837837837846,,0.0,0.0,0.0,0.0,0.0,0.0,0.0
SHIBUSDT,memecoin,dump_reclaim,1.2,2.5,1.2,720,0,0,0,0,0,0.0,,37.837837837837846,,0.0,0.0,0.0,0.0,0.0,0.0,0.0
SHIBUSDT,memecoin,dump_reclaim,1.2,3.0,1.5,240,0,0,0,0,0,0.0,,37.777777777777786,,0.0,0.0,0.0,0.0,0.0,0.0,0.0
SHIBUSDT,memecoin,dump_reclaim,1.2,3.0,1.5,480,0,0,0,0,0,0.0,,37.777777777777786,,0.0,0.0,0.0,0.0,0.0,0.0,0.0
SHIBUSDT,memecoin,dump_reclaim,1.2,3.0,1.5,720,0,0,0,0,0,0.0,,37.777777777777786,,0.0,0.0,0.0,0.0,0.0,0.0,0.0
SHIBUSDT,memecoin,dump_reclaim,1.5,1.5,1.0,240,0,0,0,0,0,0.0,,47.99999999999999,,0.0,0.0,0.0,0.0,0.0,0.0,0.0
SHIBUSDT,memecoin,dump_reclaim,1.5,1.5,1.0,480,0,0,0,0,0,0.0,,47.99999999999999,,0.0,0.0,0.0,0.0,0.0,0.0,0.0
SHIBUSDT,memecoin,dump_reclaim,1.5,1.5,1.0,720,0,0,0,0,0,0.0,,47.99999999999999,,0.0,0.0,0.0,0.0,0.0,0.0,0.0
SHIBUSDT,memecoin,dump_reclaim,1.5,2.0,1.0,240,0,0,0,0,0,0.0,,39.99999999999999,,0.0,0.0,0.0,0.0,0.0,0.0,0.0
SHIBUSDT,memecoin,dump_reclaim,1.5,2.0,1.0,480,0,0,0,0,0,0.0,,39.99999999999999,,0.0,0.0,0.0,0.0,0.0,0.0,0.0
SHIBUSDT,memecoin,dump_reclaim,1.5,2.0,1.0,720,0,0,0,0,0,0.0,,39.99999999999999,,0.0,0.0,0.0,0.0,0.0,0.0,0.0
SHIBUSDT,memecoin,dump_reclaim,1.5,2.0,1.5,240,0,0,0,0,0,0.0,,48.57142857142857,,0.0,0.0,0.0,0.0,0.0,0.0,0.0
SHIBUSDT,memecoin,dump_reclaim,1.5,2.0,1.5,480,0,0,0,0,0,0.0,,48.57142857142857,,0.0,0.0,0.0,0.0,0.0,0.0,0.0
SHIBUSDT,memecoin,dump_reclaim,1.5,2.0,1.5,720,0,0,0,0,0,0.0,,48.57142857142857,,0.0,0.0,0.0,0.0,0.0,0.0,0.0
SHIBUSDT,memecoin,dump_reclaim,1.5,2.5,1.2,240,0,0,0,0,0,0.0,,37.837837837837846,,0.0,0.0,0.0,0.0,0.0,0.0,0.0
SHIBUSDT,memecoin,dump_reclaim,1.5,2.5,1.2,480,0,0,0,0,0,0.0,,37.837837837837846,,0.0,0.0,0.0,0.0,0.0,0.0,0.0
SHIBUSDT,memecoin,dump_reclaim,1.5,2.5,1.2,720,0,0,0,0,0,0.0,,37.837837837837846,,0.0,0.0,0.0,0.0,0.0,0.0,0.0
SHIBUSDT,memecoin,dump_reclaim,1.5,3.0,1.5,240,0,0,0,0,0,0.0,,37.777777777777786,,0.0,0.0,0.0,0.0,0.0,0.0,0.0
SHIBUSDT,memecoin,dump_reclaim,1.5,3.0,1.5,480,0,0,0,0,0,0.0,,37.777777777777786,,0.0,0.0,0.0,0.0,0.0,0.0,0.0
SHIBUSDT,memecoin,dump_reclaim,1.5,3.0,1.5,720,0,0,0,0,0,0.0,,37.777777777777786,,0.0,0.0,0.0,0.0,0.0,0.0,0.0
SOLUSDT,large_alt,always_in_15m,0.0,1.5,1.0,240,52,8,19,25,0,15.384615384615385,29.62962962962963,47.99999999999999,-18.370370370370363,-133.5944362649079,104.00000000000001,168.71153846153845,8.112907456397943,-8.719384179892996,-12.0,13.0
SOLUSDT,large_alt,always_in_15m,0.0,1.5,1.0,480,41,11,21,9,0,26.829268292682926,34.375,47.99999999999999,-13.624999999999993,-106.24529107145719,82.0,219.1951219512195,10.94946228777429,-10.403354822618136,-12.0,13.0
SOLUSDT,large_alt,always_in_15m,0.0,1.5,1.0,720,40,12,24,4,0,30.0,33.333333333333336,47.99999999999999,-14.666666666666657,-136.68990495943612,80.0,225.7,11.35221560155921,-11.37003551466404,-12.0,13.0
SOLUSDT,large_alt,always_in_15m,0.0,2.0,1.0,240,49,5,16,28,0,10.204081632653061,23.80952380952381,39.99999999999999,-16.190476190476183,-115.40125281804077,98.0,179.3469387755102,8.17959469331428,-8.472063138635415,-12.0,18.000000000000004
SOLUSDT,large_alt,always_in_15m,0.0,2.0,1.0,480,35,6,17,12,0,17.142857142857142,26.08695652173913,39.99999999999999,-13.913043478260864,-90.21656835710976,70.0,257.51428571428573,11.828007886676792,-10.09359404335788,-12.0,18.000000000000004
SOLUSDT,large_alt,always_in_15m,0.0,2.0,1.0,720,33,7,19,7,0,21.21212121212121,26.923076923076923,39.99999999999999,-13.07692307692307,-87.78847995817617,66.0,275.0,13.73158065744888,-10.856175781368812,-12.0,18.000000000000004
SOLUSDT,large_alt,always_in_15m,0.0,2.0,1.5,240,43,3,6,34,0,6.976744186046512,33.333333333333336,48.57142857142857,-15.238095238095234,-97.01832291783653,86.0,204.1860465116279,6.86128504989472,-7.6592179154130395,-17.0,18.000000000000004
SOLUSDT,large_alt,always_in_15m,0.0,2.0,1.5,480,25,2,9,14,0,8.0,18.181818181818183,48.57142857142857,-30.389610389610386,-76.64655781222825,50.0,362.4,7.579819658155694,-14.598684447354357,-17.0,18.000000000000004
SOLUSDT,large_alt,always_in_15m,0.0,2.0,1.5,720,22,5,9,8,0,22.727272727272727,35.714285714285715,48.57142857142857,-12.857142857142854,-58.370414095513375,44.0,414.40909090909093,14.870686454441303,-12.666850409360274,-17.0,18.000000000000004
SOLUSDT,large_alt,always_in_15m,0.0,2.5,1.2,240,45,3,10,32,0,6.666666666666667,23.076923076923077,37.837837837837846,-14.760914760914769,-77.10372949924393,90.0,195.93333333333334,8.14705741509155,-8.287065295218218,-14.0,23.0
SOLUSDT,large_alt,always_in_15m,0.0,2.5,1.2,480,32,4,15,13,0,12.5,21.05263157894737,37.837837837837846,-16.785206258890476,-74.24445255392796,64.0,282.4375,13.397712014563245,-10.553299272101127,-14.0,23.0
SOLUSDT,large_alt,always_in_15m,0.0,2.5,1.2,720,25,4,12,9,0,16.0,25.0,37.837837837837846,-12.837837837837846,-52.15747137211593,50.0,363.96,17.13505631088762,-11.131642462306877,-14.0,23.0
SOLUSDT,large_alt,always_in_15m,0.0,3.0,1.5,240,42,1,6,35,0,2.380952380952381,14.285714285714286,37.777777777777786,-23.4920634920635,-106.4674173323036,84.0,208.97619047619048,6.392270934858459,-8.02860585730919,-17.0,27.999999999999996
SOLUSDT,large_alt,always_in_15m,0.0,3.0,1.5,480,25,1,9,15,0,4.0,10.0,37.777777777777786,-27.777777777777786,-69.35363097446776,50.0,362.4,7.586302616409835,-13.997963748982968,-17.0,27.999999999999996
SOLUSDT,large_alt,always_in_15m,0.0,3.0,1.5,720,21,1,9,11,0,4.761904761904762,10.0,37.777777777777786,-27.777777777777786,-72.88856421756859,42.0,434.14285714285717,14.921048787639318,-12.666850409360274,-17.0,27.999999999999996
SOLUSDT,large_alt,dump_reclaim,0.8,1.5,1.0,240,1,1,0,0,0,100.0,100.0,47.99999999999999,52.00000000000001,13.0,2.0,102.0,13.0,0.0,13.0,13.0
SOLUSDT,large_alt,dump_reclaim,0.8,1.5,1.0,480,1,1,0,0,0,100.0,100.0,47.99999999999999,52.00000000000001,13.0,2.0,102.0,13.0,0.0,13.0,13.0
SOLUSDT,large_alt,dump_reclaim,0.8,1.5,1.0,720,1,1,0,0,0,100.0,100.0,47.99999999999999,52.00000000000001,13.0,2.0,102.0,13.0,0.0,13.0,13.0
SOLUSDT,large_alt,dump_reclaim,0.8,2.0,1.0,240,1,0,0,1,0,0.0,,39.99999999999999,,4.013999802819692,2.0,240.0,4.013999802819692,0.0,4.013999802819692,4.013999802819692
SOLUSDT,large_alt,dump_reclaim,0.8,2.0,1.0,480,1,0,0,1,0,0.0,,39.99999999999999,,1.6478359459723997,2.0,480.0,1.6478359459723997,0.0,1.6478359459723997,1.6478359459723997
SOLUSDT,large_alt,dump_reclaim,0.8,2.0,1.0,720,1,0,0,1,0,0.0,,39.99999999999999,,0.4647540175490867,2.0,720.0,0.4647540175490867,0.0,0.4647540175490867,0.4647540175490867
SOLUSDT,large_alt,dump_reclaim,0.8,2.0,1.5,240,1,0,0,1,0,0.0,,48.57142857142857,,4.013999802819692,2.0,240.0,4.013999802819692,0.0,4.013999802819692,4.013999802819692
SOLUSDT,large_alt,dump_reclaim,0.8,2.0,1.5,480,1,0,0,1,0,0.0,,48.57142857142857,,1.6478359459723997,2.0,480.0,1.6478359459723997,0.0,1.6478359459723997,1.6478359459723997
SOLUSDT,large_alt,dump_reclaim,0.8,2.0,1.5,720,1,0,0,1,0,0.0,,48.57142857142857,,0.4647540175490867,2.0,720.0,0.4647540175490867,0.0,0.4647540175490867,0.4647540175490867
SOLUSDT,large_alt,dump_reclaim,0.8,2.5,1.2,240,1,0,0,1,0,0.0,,37.837837837837846,,4.013999802819692,2.0,240.0,4.013999802819692,0.0,4.013999802819692,4.013999802819692
SOLUSDT,large_alt,dump_reclaim,0.8,2.5,1.2,480,1,0,0,1,0,0.0,,37.837837837837846,,1.6478359459723997,2.0,480.0,1.6478359459723997,0.0,1.6478359459723997,1.6478359459723997
SOLUSDT,large_alt,dump_reclaim,0.8,2.5,1.2,720,1,0,0,1,0,0.0,,37.837837837837846,,0.4647540175490867,2.0,720.0,0.4647540175490867,0.0,0.4647540175490867,0.4647540175490867
SOLUSDT,large_alt,dump_reclaim,0.8,3.0,1.5,240,1,0,0,1,0,0.0,,37.777777777777786,,4.013999802819692,2.0,240.0,4.013999802819692,0.0,4.013999802819692,4.013999802819692
SOLUSDT,large_alt,dump_reclaim,0.8,3.0,1.5,480,1,0,0,1,0,0.0,,37.777777777777786,,1.6478359459723997,2.0,480.0,1.6478359459723997,0.0,1.6478359459723997,1.6478359459723997
SOLUSDT,large_alt,dump_reclaim,0.8,3.0,1.5,720,1,0,0,1,0,0.0,,37.777777777777786,,0.4647540175490867,2.0,720.0,0.4647540175490867,0.0,0.4647540175490867,0.4647540175490867
SOLUSDT,large_alt,dump_reclaim,1.2,1.5,1.0,240,0,0,0,0,0,0.0,,47.99999999999999,,0.0,0.0,0.0,0.0,0.0,0.0,0.0
SOLUSDT,large_alt,dump_reclaim,1.2,1.5,1.0,480,0,0,0,0,0,0.0,,47.99999999999999,,0.0,0.0,0.0,0.0,0.0,0.0,0.0
SOLUSDT,large_alt,dump_reclaim,1.2,1.5,1.0,720,0,0,0,0,0,0.0,,47.99999999999999,,0.0,0.0,0.0,0.0,0.0,0.0,0.0
SOLUSDT,large_alt,dump_reclaim,1.2,2.0,1.0,240,0,0,0,0,0,0.0,,39.99999999999999,,0.0,0.0,0.0,0.0,0.0,0.0,0.0
SOLUSDT,large_alt,dump_reclaim,1.2,2.0,1.0,480,0,0,0,0,0,0.0,,39.99999999999999,,0.0,0.0,0.0,0.0,0.0,0.0,0.0
SOLUSDT,large_alt,dump_reclaim,1.2,2.0,1.0,720,0,0,0,0,0,0.0,,39.99999999999999,,0.0,0.0,0.0,0.0,0.0,0.0,0.0
SOLUSDT,large_alt,dump_reclaim,1.2,2.0,1.5,240,0,0,0,0,0,0.0,,48.57142857142857,,0.0,0.0,0.0,0.0,0.0,0.0,0.0
SOLUSDT,large_alt,dump_reclaim,1.2,2.0,1.5,480,0,0,0,0,0,0.0,,48.57142857142857,,0.0,0.0,0.0,0.0,0.0,0.0,0.0
SOLUSDT,large_alt,dump_reclaim,1.2,2.0,1.5,720,0,0,0,0,0,0.0,,48.57142857142857,,0.0,0.0,0.0,0.0,0.0,0.0,0.0
SOLUSDT,large_alt,dump_reclaim,1.2,2.5,1.2,240,0,0,0,0,0,0.0,,37.837837837837846,,0.0,0.0,0.0,0.0,0.0,0.0,0.0
SOLUSDT,large_alt,dump_reclaim,1.2,2.5,1.2,480,0,0,0,0,0,0.0,,37.837837837837846,,0.0,0.0,0.0,0.0,0.0,0.0,0.0
SOLUSDT,large_alt,dump_reclaim,1.2,2.5,1.2,720,0,0,0,0,0,0.0,,37.837837837837846,,0.0,0.0,0.0,0.0,0.0,0.0,0.0
SOLUSDT,large_alt,dump_reclaim,1.2,3.0,1.5,240,0,0,0,0,0,0.0,,37.777777777777786,,0.0,0.0,0.0,0.0,0.0,0.0,0.0
SOLUSDT,large_alt,dump_reclaim,1.2,3.0,1.5,480,0,0,0,0,0,0.0,,37.777777777777786,,0.0,0.0,0.0,0.0,0.0,0.0,0.0
SOLUSDT,large_alt,dump_reclaim,1.2,3.0,1.5,720,0,0,0,0,0,0.0,,37.777777777777786,,0.0,0.0,0.0,0.0,0.0,0.0,0.0
SOLUSDT,large_alt,dump_reclaim,1.5,1.5,1.0,240,0,0,0,0,0,0.0,,47.99999999999999,,0.0,0.0,0.0,0.0,0.0,0.0,0.0
SOLUSDT,large_alt,dump_reclaim,1.5,1.5,1.0,480,0,0,0,0,0,0.0,,47.99999999999999,,0.0,0.0,0.0,0.0,0.0,0.0,0.0
SOLUSDT,large_alt,dump_reclaim,1.5,1.5,1.0,720,0,0,0,0,0,0.0,,47.99999999999999,,0.0,0.0,0.0,0.0,0.0,0.0,0.0
SOLUSDT,large_alt,dump_reclaim,1.5,2.0,1.0,240,0,0,0,0,0,0.0,,39.99999999999999,,0.0,0.0,0.0,0.0,0.0,0.0,0.0
SOLUSDT,large_alt,dump_reclaim,1.5,2.0,1.0,480,0,0,0,0,0,0.0,,39.99999999999999,,0.0,0.0,0.0,0.0,0.0,0.0,0.0
SOLUSDT,large_alt,dump_reclaim,1.5,2.0,1.0,720,0,0,0,0,0,0.0,,39.99999999999999,,0.0,0.0,0.0,0.0,0.0,0.0,0.0
SOLUSDT,large_alt,dump_reclaim,1.5,2.0,1.5,240,0,0,0,0,0,0.0,,48.57142857142857,,0.0,0.0,0.0,0.0,0.0,0.0,0.0
SOLUSDT,large_alt,dump_reclaim,1.5,2.0,1.5,480,0,0,0,0,0,0.0,,48.57142857142857,,0.0,0.0,0.0,0.0,0.0,0.0,0.0
SOLUSDT,large_alt,dump_reclaim,1.5,2.0,1.5,720,0,0,0,0,0,0.0,,48.57142857142857,,0.0,0.0,0.0,0.0,0.0,0.0,0.0
SOLUSDT,large_alt,dump_reclaim,1.5,2.5,1.2,240,0,0,0,0,0,0.0,,37.837837837837846,,0.0,0.0,0.0,0.0,0.0,0.0,0.0
SOLUSDT,large_alt,dump_reclaim,1.5,2.5,1.2,480,0,0,0,0,0,0.0,,37.837837837837846,,0.0,0.0,0.0,0.0,0.0,0.0,0.0
SOLUSDT,large_alt,dump_reclaim,1.5,2.5,1.2,720,0,0,0,0,0,0.0,,37.837837837837846,,0.0,0.0,0.0,0.0,0.0,0.0,0.0
SOLUSDT,large_alt,dump_reclaim,1.5,3.0,1.5,240,0,0,0,0,0,0.0,,37.777777777777786,,0.0,0.0,0.0,0.0,0.0,0.0,0.0
SOLUSDT,large_alt,dump_reclaim,1.5,3.0,1.5,480,0,0,0,0,0,0.0,,37.777777777777786,,0.0,0.0,0.0,0.0,0.0,0.0,0.0
SOLUSDT,large_alt,dump_reclaim,1.5,3.0,1.5,720,0,0,0,0,0,0.0,,37.777777777777786,,0.0,0.0,0.0,0.0,0.0,0.0,0.0
SUIUSDT,fast_alt,always_in_15m,0.0,1.5,1.0,240,66,15,30,21,0,22.727272727272727,33.333333333333336,47.99999999999999,-14.666666666666657,-169.13642802218902,132.0,131.3939393939394,8.946124504773534,-10.043391628657522,-12.0,13.0
SUIUSDT,fast_alt,always_in_15m,0.0,1.5,1.0,480,57,17,33,7,0,29.82456140350877,34.0,47.99999999999999,-13.999999999999993,-165.0986009142185,114.0,155.28070175438597,11.366642007555576,-11.216613418691269,-12.0,13.0
SUIUSDT,fast_alt,always_in_15m,0.0,1.5,1.0,720,55,19,34,2,0,34.54545454545455,35.84905660377358,47.99999999999999,-12.15094339622641,-159.7230846152415,110.0,161.6727272727273,12.652330743618206,-11.793419985360162,-12.0,13.0
SUIUSDT,fast_alt,always_in_15m,0.0,2.0,1.0,240,61,10,29,22,0,16.39344262295082,25.641025641025642,39.99999999999999,-14.35897435897435,-151.78130301082496,122.0,142.65573770491804,9.849685277502417,-9.955896431404751,-12.0,18.000000000000004
SUIUSDT,fast_alt,always_in_15m,0.0,2.0,1.0,480,52,12,32,8,0,23.076923076923077,27.272727272727273,39.99999999999999,-12.72727272727272,-154.20193861363444,104.00000000000001,170.75,13.870320277050984,-11.142782380671463,-12.0,18.000000000000004
SUIUSDT,fast_alt,always_in_15m,0.0,2.0,1.0,720,46,13,30,3,0,28.26086956521739,30.232558139534884,39.99999999999999,-9.767441860465109,-125.2031344229878,92.0,194.65217391304347,17.14618677659744,-11.414054665479746,-12.0,18.000000000000004
SUIUSDT,fast_alt,always_in_15m,0.0,2.0,1.5,240,54,10,18,26,0,18.51851851851852,35.714285714285715,48.57142857142857,-12.857142857142854,-135.08396701757556,108.0,162.2037037037037,10.640360098526086,-12.252008041408889,-17.0,18.000000000000004
SUIUSDT,fast_alt,always_in_15m,0.0,2.0,1.5,480,40,12,20,8,0,30.0,37.5,48.57142857142857,-11.07142857142857,-125.68109910817059,80.0,224.725,14.436567127146017,-14.86109054760445,-17.0,18.000000000000004
SUIUSDT,fast_alt,always_in_15m,0.0,2.0,1.5,720,35,11,19,5,0,31.428571428571427,36.666666666666664,48.57142857142857,-11.904761904761905,-126.18100663121245,70.0,258.51428571428573,17.435261707988985,-14.582789005525228,-17.0,18.000000000000004
SUIUSDT,fast_alt,always_in_15m,0.0,2.5,1.2,240,54,6,20,28,0,11.11111111111111,23.076923076923077,37.837837837837846,-14.760914760914769,-114.86334015826202,108.0,162.24074074074073,10.295004080170736,-10.66729468506307,-14.0,23.0
SUIUSDT,fast_alt,always_in_15m,0.0,2.5,1.2,480,43,7,24,12,0,16.27906976744186,22.580645161290324,37.837837837837846,-15.257192676547522,-140.0977122496459,86.0,209.13953488372093,14.429715741902081,-12.733694584934899,-14.0,23.0
SUIUSDT,fast_alt,always_in_15m,0.0,2.5,1.2,720,34,7,21,6,0,20.58823529411765,25.0,37.837837837837846,-12.837837837837846,-102.37092725066344,68.0,267.3529411764706,18.272503987313257,-13.189933526569966,-14.0,23.0
SUIUSDT,fast_alt,always_in_15m,0.0,3.0,1.5,240,47,5,15,27,0,10.638297872340425,25.0,37.777777777777786,-12.777777777777786,-96.33496764779409,94.0,187.61702127659575,11.221293276377803,-11.880030858346302,-17.0,27.999999999999996
SUIUSDT,fast_alt,always_in_15m,0.0,3.0,1.5,480,33,6,17,10,0,18.181818181818183,26.08695652173913,37.777777777777786,-11.690821256038657,-91.39084555231692,66.0,273.3333333333333,17.972036272420763,-14.62168003911267,-17.0,27.999999999999996
SUIUSDT,fast_alt,always_in_15m,0.0,3.0,1.5,720,28,6,15,7,0,21.428571428571427,28.571428571428573,37.777777777777786,-9.206349206349213,-77.10739071216881,56.0,324.64285714285717,24.018771479451146,-13.4628781273889,-17.0,27.999999999999996
SUIUSDT,fast_alt,dump_reclaim,0.8,1.5,1.0,240,5,1,4,0,0,20.0,20.0,47.99999999999999,-27.999999999999993,-35.0,10.0,59.0,13.0,-12.0,-12.0,13.0
SUIUSDT,fast_alt,dump_reclaim,0.8,1.5,1.0,480,5,1,4,0,0,20.0,20.0,47.99999999999999,-27.999999999999993,-35.0,10.0,59.0,13.0,-12.0,-12.0,13.0
SUIUSDT,fast_alt,dump_reclaim,0.8,1.5,1.0,720,5,1,4,0,0,20.0,20.0,47.99999999999999,-27.999999999999993,-35.0,10.0,59.0,13.0,-12.0,-12.0,13.0
SUIUSDT,fast_alt,dump_reclaim,0.8,2.0,1.0,240,5,1,4,0,0,20.0,20.0,39.99999999999999,-19.999999999999993,-29.999999999999996,10.0,59.6,18.000000000000004,-12.0,-12.0,18.000000000000004
SUIUSDT,fast_alt,dump_reclaim,0.8,2.0,1.0,480,5,1,4,0,0,20.0,20.0,39.99999999999999,-19.999999999999993,-29.999999999999996,10.0,59.6,18.000000000000004,-12.0,-12.0,18.000000000000004
SUIUSDT,fast_alt,dump_reclaim,0.8,2.0,1.0,720,5,1,4,0,0,20.0,20.0,39.99999999999999,-19.999999999999993,-29.999999999999996,10.0,59.6,18.000000000000004,-12.0,-12.0,18.000000000000004
SUIUSDT,fast_alt,dump_reclaim,0.8,2.0,1.5,240,4,1,1,2,0,25.0,50.0,48.57142857142857,1.4285714285714306,-7.970385046965006,8.0,165.0,9.019962115692776,-13.005154639175279,-17.0,18.000000000000004
SUIUSDT,fast_alt,dump_reclaim,0.8,2.0,1.5,480,4,1,1,2,0,25.0,50.0,48.57142857142857,1.4285714285714306,7.191369327931637,8.0,285.0,13.026956141629071,-9.431271477663252,-17.0,18.000000000000004
SUIUSDT,fast_alt,dump_reclaim,0.8,2.0,1.5,720,4,1,1,2,0,25.0,50.0,48.57142857142857,1.4285714285714306,-12.902555313041404,8.0,405.0,18.000000000000004,-10.300851771013802,-17.0,18.000000000000004
SUIUSDT,fast_alt,dump_reclaim,0.8,2.5,1.2,240,4,0,2,2,0,0.0,0.0,37.837837837837846,-37.837837837837846,-18.11181624451494,8.0,153.25,18.898493033835617,-12.336769759450187,-14.0,18.898493033835617
SUIUSDT,fast_alt,dump_reclaim,0.8,2.5,1.2,480,4,1,3,0,0,25.0,25.0,37.837837837837846,-12.837837837837846,-19.0,8.0,179.0,23.0,-14.0,-14.0,23.0
SUIUSDT,fast_alt,dump_reclaim,0.8,2.5,1.2,720,4,1,3,0,0,25.0,25.0,37.837837837837846,-12.837837837837846,-19.0,8.0,179.0,23.0,-14.0,-14.0,23.0
SUIUSDT,fast_alt,dump_reclaim,0.8,3.0,1.5,240,4,0,1,3,0,0.0,0.0,37.777777777777786,-37.777777777777786,-7.071892013129393,8.0,199.5,9.469208632610583,-13.005154639175279,-17.0,18.898493033835617
SUIUSDT,fast_alt,dump_reclaim,0.8,3.0,1.5,480,4,1,1,2,0,25.0,50.0,37.777777777777786,12.222222222222214,17.191369327931632,8.0,339.5,18.026956141629068,-9.431271477663252,-17.0,27.999999999999996
SUIUSDT,fast_alt,dump_reclaim,0.8,3.0,1.5,720,4,1,1,2,0,25.0,50.0,37.777777777777786,12.222222222222214,-2.90255531304141,8.0,459.5,27.999999999999996,-10.300851771013802,-17.0,27.999999999999996
SUIUSDT,fast_alt,dump_reclaim,1.2,1.5,1.0,240,0,0,0,0,0,0.0,,47.99999999999999,,0.0,0.0,0.0,0.0,0.0,0.0,0.0
SUIUSDT,fast_alt,dump_reclaim,1.2,1.5,1.0,480,0,0,0,0,0,0.0,,47.99999999999999,,0.0,0.0,0.0,0.0,0.0,0.0,0.0
SUIUSDT,fast_alt,dump_reclaim,1.2,1.5,1.0,720,0,0,0,0,0,0.0,,47.99999999999999,,0.0,0.0,0.0,0.0,0.0,0.0,0.0
SUIUSDT,fast_alt,dump_reclaim,1.2,2.0,1.0,240,0,0,0,0,0,0.0,,39.99999999999999,,0.0,0.0,0.0,0.0,0.0,0.0,0.0
SUIUSDT,fast_alt,dump_reclaim,1.2,2.0,1.0,480,0,0,0,0,0,0.0,,39.99999999999999,,0.0,0.0,0.0,0.0,0.0,0.0,0.0
SUIUSDT,fast_alt,dump_reclaim,1.2,2.0,1.0,720,0,0,0,0,0,0.0,,39.99999999999999,,0.0,0.0,0.0,0.0,0.0,0.0,0.0
SUIUSDT,fast_alt,dump_reclaim,1.2,2.0,1.5,240,0,0,0,0,0,0.0,,48.57142857142857,,0.0,0.0,0.0,0.0,0.0,0.0,0.0
SUIUSDT,fast_alt,dump_reclaim,1.2,2.0,1.5,480,0,0,0,0,0,0.0,,48.57142857142857,,0.0,0.0,0.0,0.0,0.0,0.0,0.0
SUIUSDT,fast_alt,dump_reclaim,1.2,2.0,1.5,720,0,0,0,0,0,0.0,,48.57142857142857,,0.0,0.0,0.0,0.0,0.0,0.0,0.0
SUIUSDT,fast_alt,dump_reclaim,1.2,2.5,1.2,240,0,0,0,0,0,0.0,,37.837837837837846,,0.0,0.0,0.0,0.0,0.0,0.0,0.0
SUIUSDT,fast_alt,dump_reclaim,1.2,2.5,1.2,480,0,0,0,0,0,0.0,,37.837837837837846,,0.0,0.0,0.0,0.0,0.0,0.0,0.0
SUIUSDT,fast_alt,dump_reclaim,1.2,2.5,1.2,720,0,0,0,0,0,0.0,,37.837837837837846,,0.0,0.0,0.0,0.0,0.0,0.0,0.0
SUIUSDT,fast_alt,dump_reclaim,1.2,3.0,1.5,240,0,0,0,0,0,0.0,,37.777777777777786,,0.0,0.0,0.0,0.0,0.0,0.0,0.0
SUIUSDT,fast_alt,dump_reclaim,1.2,3.0,1.5,480,0,0,0,0,0,0.0,,37.777777777777786,,0.0,0.0,0.0,0.0,0.0,0.0,0.0
SUIUSDT,fast_alt,dump_reclaim,1.2,3.0,1.5,720,0,0,0,0,0,0.0,,37.777777777777786,,0.0,0.0,0.0,0.0,0.0,0.0,0.0
SUIUSDT,fast_alt,dump_reclaim,1.5,1.5,1.0,240,0,0,0,0,0,0.0,,47.99999999999999,,0.0,0.0,0.0,0.0,0.0,0.0,0.0
SUIUSDT,fast_alt,dump_reclaim,1.5,1.5,1.0,480,0,0,0,0,0,0.0,,47.99999999999999,,0.0,0.0,0.0,0.0,0.0,0.0,0.0
SUIUSDT,fast_alt,dump_reclaim,1.5,1.5,1.0,720,0,0,0,0,0,0.0,,47.99999999999999,,0.0,0.0,0.0,0.0,0.0,0.0,0.0
SUIUSDT,fast_alt,dump_reclaim,1.5,2.0,1.0,240,0,0,0,0,0,0.0,,39.99999999999999,,0.0,0.0,0.0,0.0,0.0,0.0,0.0
SUIUSDT,fast_alt,dump_reclaim,1.5,2.0,1.0,480,0,0,0,0,0,0.0,,39.99999999999999,,0.0,0.0,0.0,0.0,0.0,0.0,0.0
SUIUSDT,fast_alt,dump_reclaim,1.5,2.0,1.0,720,0,0,0,0,0,0.0,,39.99999999999999,,0.0,0.0,0.0,0.0,0.0,0.0,0.0
SUIUSDT,fast_alt,dump_reclaim,1.5,2.0,1.5,240,0,0,0,0,0,0.0,,48.57142857142857,,0.0,0.0,0.0,0.0,0.0,0.0,0.0
SUIUSDT,fast_alt,dump_reclaim,1.5,2.0,1.5,480,0,0,0,0,0,0.0,,48.57142857142857,,0.0,0.0,0.0,0.0,0.0,0.0,0.0
SUIUSDT,fast_alt,dump_reclaim,1.5,2.0,1.5,720,0,0,0,0,0,0.0,,48.57142857142857,,0.0,0.0,0.0,0.0,0.0,0.0,0.0
SUIUSDT,fast_alt,dump_reclaim,1.5,2.5,1.2,240,0,0,0,0,0,0.0,,37.837837837837846,,0.0,0.0,0.0,0.0,0.0,0.0,0.0
SUIUSDT,fast_alt,dump_reclaim,1.5,2.5,1.2,480,0,0,0,0,0,0.0,,37.837837837837846,,0.0,0.0,0.0,0.0,0.0,0.0,0.0
SUIUSDT,fast_alt,dump_reclaim,1.5,2.5,1.2,720,0,0,0,0,0,0.0,,37.837837837837846,,0.0,0.0,0.0,0.0,0.0,0.0,0.0
SUIUSDT,fast_alt,dump_reclaim,1.5,3.0,1.5,240,0,0,0,0,0,0.0,,37.777777777777786,,0.0,0.0,0.0,0.0,0.0,0.0,0.0
SUIUSDT,fast_alt,dump_reclaim,1.5,3.0,1.5,480,0,0,0,0,0,0.0,,37.777777777777786,,0.0,0.0,0.0,0.0,0.0,0.0,0.0
SUIUSDT,fast_alt,dump_reclaim,1.5,3.0,1.5,720,0,0,0,0,0,0.0,,37.777777777777786,,0.0,0.0,0.0,0.0,0.0,0.0,0.0
TIAUSDT,fast_alt,always_in_15m,0.0,1.5,1.0,240,73,22,39,12,0,30.136986301369863,36.0655737704918,47.99999999999999,-11.93442622950819,-223.57838973145704,146.0,118.61643835616438,11.665975480081013,-10.73391201528088,-12.0,13.0
TIAUSDT,fast_alt,always_in_15m,0.0,1.5,1.0,480,63,21,39,3,0,33.333333333333336,35.0,47.99999999999999,-12.999999999999993,-197.69670967971211,126.0,139.5079365079365,12.483102022175421,-11.5201208333554,-12.0,13.0
TIAUSDT,fast_alt,always_in_15m,0.0,1.5,1.0,720,62,21,39,2,0,33.87096774193548,35.0,47.99999999999999,-12.999999999999993,-201.55647508523992,124.0,142.01612903225808,13.0,-11.57454817281073,-12.0,13.0
TIAUSDT,fast_alt,always_in_15m,0.0,2.0,1.0,240,62,12,35,15,0,19.35483870967742,25.53191489361702,39.99999999999999,-14.468085106382972,-175.97058355155048,124.0,140.3548387096774,13.007498411253112,-10.954342687508921,-12.0,18.000000000000004
TIAUSDT,fast_alt,always_in_15m,0.0,2.0,1.0,480,54,14,36,4,0,25.925925925925927,28.0,39.99999999999999,-11.999999999999993,-174.2308249130599,108.0,164.07407407407408,16.469444329417843,-11.519524583782772,-12.0,18.000000000000004
TIAUSDT,fast_alt,always_in_15m,0.0,2.0,1.0,720,51,15,35,1,0,29.41176470588235,30.0,39.99999999999999,-9.999999999999993,-154.3021582733812,102.00000000000001,174.41176470588235,18.000000000000004,-11.786171063149478,-12.0,18.000000000000004
TIAUSDT,fast_alt,always_in_15m,0.0,2.0,1.5,240,50,8,18,24,0,16.0,30.76923076923077,48.57142857142857,-17.8021978021978,-185.89905432158608,100.0,175.22,11.87289043998603,-12.487846320041708,-17.0,18.000000000000004
TIAUSDT,fast_alt,always_in_15m,0.0,2.0,1.5,480,40,11,22,7,0,27.5,33.333333333333336,48.57142857142857,-15.238095238095234,-173.77345426476947,80.0,223.65,15.30558984573973,-14.925065850197143,-17.0,18.000000000000004
TIAUSDT,fast_alt,always_in_15m,0.0,2.0,1.5,720,32,10,20,2,0,31.25,33.333333333333336,48.57142857142857,-15.238095238095234,-161.68819333951464,64.0,283.09375,16.601269539442416,-16.39534087016101,-17.0,18.000000000000004
TIAUSDT,fast_alt,always_in_15m,0.0,2.5,1.2,240,50,3,23,24,0,6.0,11.538461538461538,37.837837837837846,-26.299376299376306,-173.94490764400445,100.0,175.78,12.053208886294986,-11.480286627606644,-14.0,23.0
TIAUSDT,fast_alt,always_in_15m,0.0,2.5,1.2,480,41,10,25,6,0,24.390243902439025,28.571428571428573,37.837837837837846,-9.266409266409273,-120.14808065104698,82.0,219.0487804878049,20.12592577255712,-12.471006549025256,-14.0,23.0
TIAUSDT,fast_alt,always_in_15m,0.0,2.5,1.2,720,39,11,26,2,0,28.205128205128204,29.72972972972973,37.837837837837846,-8.108108108108116,-108.71726025555296,78.0,231.56410256410257,21.96568928461774,-13.789093765591327,-14.0,23.0
TIAUSDT,fast_alt,always_in_15m,0.0,3.0,1.5,240,47,4,17,26,0,8.51063829787234,19.047619047619047,37.777777777777786,-18.730158730158738,-168.58402706199539,94.0,186.5744680851064,13.564547901003431,-12.439251402517753,-17.0,27.999999999999996
TIAUSDT,fast_alt,always_in_15m,0.0,3.0,1.5,480,35,6,20,9,0,17.142857142857142,23.076923076923077,37.777777777777786,-14.700854700854709,-123.49207503542499,70.0,257.0857142857143,18.743187426395696,-15.148274963137972,-17.0,27.999999999999996
TIAUSDT,fast_alt,always_in_15m,0.0,3.0,1.5,720,29,5,20,4,0,17.24137931034483,20.0,37.777777777777786,-17.777777777777786,-160.53636498559626,58.0,313.2413793103448,19.940403890489304,-17.0,-17.0,27.999999999999996
TIAUSDT,fast_alt,dump_reclaim,0.8,1.5,1.0,240,1,0,0,1,0,0.0,,47.99999999999999,,-1.1918103448276245,2.0,240.0,0.0,-1.1918103448276245,-1.1918103448276245,-1.1918103448276245
TIAUSDT,fast_alt,dump_reclaim,0.8,1.5,1.0,480,1,0,0,1,0,0.0,,47.99999999999999,,-1.4612068965516016,2.0,480.0,0.0,-1.4612068965516016,-1.4612068965516016,-1.4612068965516016
TIAUSDT,fast_alt,dump_reclaim,0.8,1.5,1.0,720,1,0,1,0,0,0.0,0.0,47.99999999999999,-47.99999999999999,-12.0,2.0,586.0,0.0,-12.0,-12.0,-12.0
TIAUSDT,fast_alt,dump_reclaim,0.8,2.0,1.0,240,1,0,0,1,0,0.0,,39.99999999999999,,-1.1918103448276245,2.0,240.0,0.0,-1.1918103448276245,-1.1918103448276245,-1.1918103448276245
TIAUSDT,fast_alt,dump_reclaim,0.8,2.0,1.0,480,1,0,0,1,0,0.0,,39.99999999999999,,-1.4612068965516016,2.0,480.0,0.0,-1.4612068965516016,-1.4612068965516016,-1.4612068965516016
TIAUSDT,fast_alt,dump_reclaim,0.8,2.0,1.0,720,1,0,1,0,0,0.0,0.0,39.99999999999999,-39.99999999999999,-12.0,2.0,586.0,0.0,-12.0,-12.0,-12.0
TIAUSDT,fast_alt,dump_reclaim,0.8,2.0,1.5,240,1,0,0,1,0,0.0,,48.57142857142857,,-1.1918103448276245,2.0,240.0,0.0,-1.1918103448276245,-1.1918103448276245,-1.1918103448276245
TIAUSDT,fast_alt,dump_reclaim,0.8,2.0,1.5,480,1,0,0,1,0,0.0,,48.57142857142857,,-1.4612068965516016,2.0,480.0,0.0,-1.4612068965516016,-1.4612068965516016,-1.4612068965516016
TIAUSDT,fast_alt,dump_reclaim,0.8,2.0,1.5,720,1,0,1,0,0,0.0,0.0,48.57142857142857,-48.57142857142857,-17.0,2.0,606.0,0.0,-17.0,-17.0,-17.0
TIAUSDT,fast_alt,dump_reclaim,0.8,2.5,1.2,240,1,0,0,1,0,0.0,,37.837837837837846,,-1.1918103448276245,2.0,240.0,0.0,-1.1918103448276245,-1.1918103448276245,-1.1918103448276245
TIAUSDT,fast_alt,dump_reclaim,0.8,2.5,1.2,480,1,0,0,1,0,0.0,,37.837837837837846,,-1.4612068965516016,2.0,480.0,0.0,-1.4612068965516016,-1.4612068965516016,-1.4612068965516016
TIAUSDT,fast_alt,dump_reclaim,0.8,2.5,1.2,720,1,0,1,0,0,0.0,0.0,37.837837837837846,-37.837837837837846,-14.0,2.0,605.0,0.0,-14.0,-14.0,-14.0
TIAUSDT,fast_alt,dump_reclaim,0.8,3.0,1.5,240,1,0,0,1,0,0.0,,37.777777777777786,,-1.1918103448276245,2.0,240.0,0.0,-1.1918103448276245,-1.1918103448276245,-1.1918103448276245
TIAUSDT,fast_alt,dump_reclaim,0.8,3.0,1.5,480,1,0,0,1,0,0.0,,37.777777777777786,,-1.4612068965516016,2.0,480.0,0.0,-1.4612068965516016,-1.4612068965516016,-1.4612068965516016
TIAUSDT,fast_alt,dump_reclaim,0.8,3.0,1.5,720,1,0,1,0,0,0.0,0.0,37.777777777777786,-37.777777777777786,-17.0,2.0,606.0,0.0,-17.0,-17.0,-17.0
TIAUSDT,fast_alt,dump_reclaim,1.2,1.5,1.0,240,0,0,0,0,0,0.0,,47.99999999999999,,0.0,0.0,0.0,0.0,0.0,0.0,0.0
TIAUSDT,fast_alt,dump_reclaim,1.2,1.5,1.0,480,0,0,0,0,0,0.0,,47.99999999999999,,0.0,0.0,0.0,0.0,0.0,0.0,0.0
TIAUSDT,fast_alt,dump_reclaim,1.2,1.5,1.0,720,0,0,0,0,0,0.0,,47.99999999999999,,0.0,0.0,0.0,0.0,0.0,0.0,0.0
TIAUSDT,fast_alt,dump_reclaim,1.2,2.0,1.0,240,0,0,0,0,0,0.0,,39.99999999999999,,0.0,0.0,0.0,0.0,0.0,0.0,0.0
TIAUSDT,fast_alt,dump_reclaim,1.2,2.0,1.0,480,0,0,0,0,0,0.0,,39.99999999999999,,0.0,0.0,0.0,0.0,0.0,0.0,0.0
TIAUSDT,fast_alt,dump_reclaim,1.2,2.0,1.0,720,0,0,0,0,0,0.0,,39.99999999999999,,0.0,0.0,0.0,0.0,0.0,0.0,0.0
TIAUSDT,fast_alt,dump_reclaim,1.2,2.0,1.5,240,0,0,0,0,0,0.0,,48.57142857142857,,0.0,0.0,0.0,0.0,0.0,0.0,0.0
TIAUSDT,fast_alt,dump_reclaim,1.2,2.0,1.5,480,0,0,0,0,0,0.0,,48.57142857142857,,0.0,0.0,0.0,0.0,0.0,0.0,0.0
TIAUSDT,fast_alt,dump_reclaim,1.2,2.0,1.5,720,0,0,0,0,0,0.0,,48.57142857142857,,0.0,0.0,0.0,0.0,0.0,0.0,0.0
TIAUSDT,fast_alt,dump_reclaim,1.2,2.5,1.2,240,0,0,0,0,0,0.0,,37.837837837837846,,0.0,0.0,0.0,0.0,0.0,0.0,0.0
TIAUSDT,fast_alt,dump_reclaim,1.2,2.5,1.2,480,0,0,0,0,0,0.0,,37.837837837837846,,0.0,0.0,0.0,0.0,0.0,0.0,0.0
TIAUSDT,fast_alt,dump_reclaim,1.2,2.5,1.2,720,0,0,0,0,0,0.0,,37.837837837837846,,0.0,0.0,0.0,0.0,0.0,0.0,0.0
TIAUSDT,fast_alt,dump_reclaim,1.2,3.0,1.5,240,0,0,0,0,0,0.0,,37.777777777777786,,0.0,0.0,0.0,0.0,0.0,0.0,0.0
TIAUSDT,fast_alt,dump_reclaim,1.2,3.0,1.5,480,0,0,0,0,0,0.0,,37.777777777777786,,0.0,0.0,0.0,0.0,0.0,0.0,0.0
TIAUSDT,fast_alt,dump_reclaim,1.2,3.0,1.5,720,0,0,0,0,0,0.0,,37.777777777777786,,0.0,0.0,0.0,0.0,0.0,0.0,0.0
TIAUSDT,fast_alt,dump_reclaim,1.5,1.5,1.0,240,0,0,0,0,0,0.0,,47.99999999999999,,0.0,0.0,0.0,0.0,0.0,0.0,0.0
TIAUSDT,fast_alt,dump_reclaim,1.5,1.5,1.0,480,0,0,0,0,0,0.0,,47.99999999999999,,0.0,0.0,0.0,0.0,0.0,0.0,0.0
TIAUSDT,fast_alt,dump_reclaim,1.5,1.5,1.0,720,0,0,0,0,0,0.0,,47.99999999999999,,0.0,0.0,0.0,0.0,0.0,0.0,0.0
TIAUSDT,fast_alt,dump_reclaim,1.5,2.0,1.0,240,0,0,0,0,0,0.0,,39.99999999999999,,0.0,0.0,0.0,0.0,0.0,0.0,0.0
TIAUSDT,fast_alt,dump_reclaim,1.5,2.0,1.0,480,0,0,0,0,0,0.0,,39.99999999999999,,0.0,0.0,0.0,0.0,0.0,0.0,0.0
TIAUSDT,fast_alt,dump_reclaim,1.5,2.0,1.0,720,0,0,0,0,0,0.0,,39.99999999999999,,0.0,0.0,0.0,0.0,0.0,0.0,0.0
TIAUSDT,fast_alt,dump_reclaim,1.5,2.0,1.5,240,0,0,0,0,0,0.0,,48.57142857142857,,0.0,0.0,0.0,0.0,0.0,0.0,0.0
TIAUSDT,fast_alt,dump_reclaim,1.5,2.0,1.5,480,0,0,0,0,0,0.0,,48.57142857142857,,0.0,0.0,0.0,0.0,0.0,0.0,0.0
TIAUSDT,fast_alt,dump_reclaim,1.5,2.0,1.5,720,0,0,0,0,0,0.0,,48.57142857142857,,0.0,0.0,0.0,0.0,0.0,0.0,0.0
TIAUSDT,fast_alt,dump_reclaim,1.5,2.5,1.2,240,0,0,0,0,0,0.0,,37.837837837837846,,0.0,0.0,0.0,0.0,0.0,0.0,0.0
TIAUSDT,fast_alt,dump_reclaim,1.5,2.5,1.2,480,0,0,0,0,0,0.0,,37.837837837837846,,0.0,0.0,0.0,0.0,0.0,0.0,0.0
TIAUSDT,fast_alt,dump_reclaim,1.5,2.5,1.2,720,0,0,0,0,0,0.0,,37.837837837837846,,0.0,0.0,0.0,0.0,0.0,0.0,0.0
TIAUSDT,fast_alt,dump_reclaim,1.5,3.0,1.5,240,0,0,0,0,0,0.0,,37.777777777777786,,0.0,0.0,0.0,0.0,0.0,0.0,0.0
TIAUSDT,fast_alt,dump_reclaim,1.5,3.0,1.5,480,0,0,0,0,0,0.0,,37.777777777777786,,0.0,0.0,0.0,0.0,0.0,0.0,0.0
TIAUSDT,fast_alt,dump_reclaim,1.5,3.0,1.5,720,0,0,0,0,0,0.0,,37.777777777777786,,0.0,0.0,0.0,0.0,0.0,0.0,0.0
WIFUSDT,memecoin,always_in_15m,0.0,1.5,1.0,240,72,17,36,19,0,23.61111111111111,32.075471698113205,47.99999999999999,-15.924528301886788,-227.62318381229386,144.00000000000003,119.26388888888889,10.426628086389227,-10.38912523344733,-12.0,13.0
WIFUSDT,memecoin,always_in_15m,0.0,1.5,1.0,480,61,19,35,7,0,31.147540983606557,35.18518518518518,47.99999999999999,-12.81481481481481,-202.87659641375535,122.0,143.9344262295082,11.943651907603847,-11.342332161835902,-12.0,13.0
WIFUSDT,memecoin,always_in_15m,0.0,1.5,1.0,720,57,19,36,2,0,33.333333333333336,34.54545454545455,47.99999999999999,-13.454545454545446,-200.10535626976952,114.0,155.2280701754386,13.0,-11.76593042815183,-12.0,13.0
WIFUSDT,memecoin,always_in_15m,0.0,2.0,1.0,240,66,10,34,22,0,15.151515151515152,22.727272727272727,39.99999999999999,-17.272727272727266,-211.67053070175564,132.0,131.0151515151515,12.169988122386428,-10.383117361597124,-12.0,18.000000000000004
WIFUSDT,memecoin,always_in_15m,0.0,2.0,1.0,480,52,12,33,7,0,23.076923076923077,26.666666666666668,39.99999999999999,-13.333333333333325,-165.05212525937523,104.00000000000001,170.75,15.414888920300703,-11.435842999560736,-12.0,18.000000000000004
WIFUSDT,memecoin,always_in_15m,0.0,2.0,1.0,720,46,12,31,3,0,26.08695652173913,27.906976744186046,39.99999999999999,-12.093023255813947,-164.87511589151046,92.0,194.52173913043478,16.74096842441418,-11.591142588148328,-12.0,18.000000000000004
WIFUSDT,memecoin,always_in_15m,0.0,2.0,1.5,240,49,9,17,23,0,18.367346938775512,34.61538461538461,48.57142857142857,-13.956043956043956,-138.57964449161904,98.0,179.85714285714286,12.41323970623568,-12.481039963669899,-17.0,18.000000000000004
WIFUSDT,memecoin,always_in_15m,0.0,2.0,1.5,480,41,13,20,8,0,31.70731707317073,39.39393939393939,48.57142857142857,-9.177489177489178,-116.41643490809307,82.0,219.09756097560975,16.347174109362474,-15.118848826315705,-17.0,18.000000000000004
WIFUSDT,memecoin,always_in_15m,0.0,2.0,1.5,720,37,14,20,3,0,37.83783783783784,41.1764705882353,48.57142857142857,-7.394957983193272,-118.55979481604398,74.0,245.02702702702703,18.000000000000004,-16.111295426784523,-17.0,18.000000000000004
WIFUSDT,memecoin,always_in_15m,0.0,2.5,1.2,240,58,8,26,24,0,13.793103448275861,23.529411764705884,37.837837837837846,-14.308426073131962,-172.43139975507654,116.0,150.67241379310346,13.040716971649818,-11.401203662844022,-14.0,23.0
WIFUSDT,memecoin,always_in_15m,0.0,2.5,1.2,480,43,9,25,9,0,20.930232558139537,26.470588235294116,37.837837837837846,-11.36724960254373,-131.94684515383747,86.0,208.32558139534885,20.13031524082033,-12.048729936892949,-14.0,23.0
WIFUSDT,memecoin,always_in_15m,0.0,2.5,1.2,720,40,12,26,2,0,30.0,31.57894736842105,37.837837837837846,-6.258890469416794,-105.78331226745944,80.0,225.85,23.0,-13.635118295266409,-14.0,23.0
WIFUSDT,memecoin,always_in_15m,0.0,3.0,1.5,240,46,3,14,29,0,6.521739130434782,17.647058823529413,37.777777777777786,-20.130718954248373,-90.11439819904761,92.0,191.6304347826087,14.556112487706882,-11.640286568622919,-17.0,27.999999999999996
WIFUSDT,memecoin,always_in_15m,0.0,3.0,1.5,480,36,7,19,10,0,19.444444444444443,26.923076923076923,37.777777777777786,-10.854700854700862,-88.4586905121485,72.00000000000001,250.80555555555554,23.256201410758496,-15.313879476718773,-17.0,27.999999999999996
WIFUSDT,memecoin,always_in_15m,0.0,3.0,1.5,720,28,5,15,8,0,17.857142857142858,25.0,37.777777777777786,-12.777777777777786,-65.8701563734304,56.0,324.82142857142856,22.058030405417174,-15.913914468200119,-17.0,27.999999999999996
WIFUSDT,memecoin,dump_reclaim,0.8,1.5,1.0,240,8,4,3,1,0,50.0,57.142857142857146,47.99999999999999,9.142857142857153,19.649717514124355,16.0,76.375,11.12994350282487,-12.0,-12.0,13.0
WIFUSDT,memecoin,dump_reclaim,0.8,1.5,1.0,480,8,5,3,0,0,62.5,62.5,47.99999999999999,14.500000000000007,29.0,16.0,95.375,13.0,-12.0,-12.0,13.0
WIFUSDT,memecoin,dump_reclaim,0.8,1.5,1.0,720,8,5,3,0,0,62.5,62.5,47.99999999999999,14.500000000000007,29.0,16.0,95.375,13.0,-12.0,-12.0,13.0
WIFUSDT,memecoin,dump_reclaim,0.8,2.0,1.0,240,6,4,1,1,0,66.66666666666667,80.0,39.99999999999999,40.00000000000001,63.649717514124376,12.0,112.33333333333333,15.129943502824876,-12.0,-12.0,18.000000000000004
WIFUSDT,memecoin,dump_reclaim,0.8,2.0,1.0,480,6,4,1,1,0,66.66666666666667,80.0,39.99999999999999,40.00000000000001,74.38418079096061,12.0,152.33333333333334,17.276836158192122,-12.0,-12.0,18.000000000000004
WIFUSDT,memecoin,dump_reclaim,0.8,2.0,1.0,720,6,4,1,1,0,66.66666666666667,80.0,39.99999999999999,40.00000000000001,57.43502824858767,12.0,192.33333333333334,18.000000000000004,-7.282485875706174,-12.0,18.000000000000004
WIFUSDT,memecoin,dump_reclaim,0.8,2.0,1.5,240,6,4,1,1,0,66.66666666666667,80.0,48.57142857142857,31.42857142857143,58.649717514124376,12.0,113.0,15.129943502824876,-17.0,-17.0,18.000000000000004
WIFUSDT,memecoin,dump_reclaim,0.8,2.0,1.5,480,6,4,1,1,0,66.66666666666667,80.0,48.57142857142857,31.42857142857143,69.38418079096061,12.0,153.0,17.276836158192122,-17.0,-17.0,18.000000000000004
WIFUSDT,memecoin,dump_reclaim,0.8,2.0,1.5,720,6,4,1,1,0,66.66666666666667,80.0,48.57142857142857,31.42857142857143,52.43502824858767,12.0,193.0,18.000000000000004,-9.782485875706174,-17.0,18.000000000000004
WIFUSDT,memecoin,dump_reclaim,0.8,2.5,1.2,240,5,2,1,2,0,40.0,66.66666666666667,37.837837837837846,28.828828828828826,51.964735829142604,10.0,144.2,16.49118395728565,-14.0,-14.0,23.0
WIFUSDT,memecoin,dump_reclaim,0.8,2.5,1.2,480,5,3,1,1,0,60.0,75.0,37.837837837837846,37.162162162162154,69.3841807909606,10.0,196.6,20.84604519774015,-14.0,-14.0,23.0
WIFUSDT,memecoin,dump_reclaim,0.8,2.5,1.2,720,5,3,1,1,0,60.0,75.0,37.837837837837846,37.162162162162154,52.435028248587656,10.0,244.6,23.0,-8.282485875706174,-14.0,23.0
WIFUSDT,memecoin,dump_reclaim,0.8,3.0,1.5,240,4,1,1,2,0,25.0,50.0,37.777777777777786,12.222222222222214,30.964735829142597,8.0,164.75,15.988245276380868,-17.0,-17.0,27.999999999999996
WIFUSDT,memecoin,dump_reclaim,0.8,3.0,1.5,480,4,1,1,2,0,25.0,50.0,37.777777777777786,12.222222222222214,39.606054155691176,8.0,284.75,18.868684718563724,-17.0,-17.0,27.999999999999996
WIFUSDT,memecoin,dump_reclaim,0.8,3.0,1.5,720,4,1,1,2,0,25.0,50.0,37.777777777777786,12.222222222222214,18.993897950314576,8.0,404.75,19.27943485086346,-9.782485875706174,-17.0,27.999999999999996
WIFUSDT,memecoin,dump_reclaim,1.2,1.5,1.0,240,2,1,1,0,0,50.0,50.0,47.99999999999999,2.000000000000007,1.0,4.0,52.5,13.0,-12.0,-12.0,13.0
WIFUSDT,memecoin,dump_reclaim,1.2,1.5,1.0,480,2,1,1,0,0,50.0,50.0,47.99999999999999,2.000000000000007,1.0,4.0,52.5,13.0,-12.0,-12.0,13.0
WIFUSDT,memecoin,dump_reclaim,1.2,1.5,1.0,720,2,1,1,0,0,50.0,50.0,47.99999999999999,2.000000000000007,1.0,4.0,52.5,13.0,-12.0,-12.0,13.0
WIFUSDT,memecoin,dump_reclaim,1.2,2.0,1.0,240,1,1,0,0,0,100.0,100.0,39.99999999999999,60.00000000000001,18.000000000000004,2.0,152.0,18.000000000000004,0.0,18.000000000000004,18.000000000000004
WIFUSDT,memecoin,dump_reclaim,1.2,2.0,1.0,480,1,1,0,0,0,100.0,100.0,39.99999999999999,60.00000000000001,18.000000000000004,2.0,152.0,18.000000000000004,0.0,18.000000000000004,18.000000000000004
WIFUSDT,memecoin,dump_reclaim,1.2,2.0,1.0,720,1,1,0,0,0,100.0,100.0,39.99999999999999,60.00000000000001,18.000000000000004,2.0,152.0,18.000000000000004,0.0,18.000000000000004,18.000000000000004
WIFUSDT,memecoin,dump_reclaim,1.2,2.0,1.5,240,1,1,0,0,0,100.0,100.0,48.57142857142857,51.42857142857143,18.000000000000004,2.0,152.0,18.000000000000004,0.0,18.000000000000004,18.000000000000004
WIFUSDT,memecoin,dump_reclaim,1.2,2.0,1.5,480,1,1,0,0,0,100.0,100.0,48.57142857142857,51.42857142857143,18.000000000000004,2.0,152.0,18.000000000000004,0.0,18.000000000000004,18.000000000000004
WIFUSDT,memecoin,dump_reclaim,1.2,2.0,1.5,720,1,1,0,0,0,100.0,100.0,48.57142857142857,51.42857142857143,18.000000000000004,2.0,152.0,18.000000000000004,0.0,18.000000000000004,18.000000000000004
WIFUSDT,memecoin,dump_reclaim,1.2,2.5,1.2,240,1,1,0,0,0,100.0,100.0,37.837837837837846,62.162162162162154,23.0,2.0,154.0,23.0,0.0,23.0,23.0
WIFUSDT,memecoin,dump_reclaim,1.2,2.5,1.2,480,1,1,0,0,0,100.0,100.0,37.837837837837846,62.162162162162154,23.0,2.0,154.0,23.0,0.0,23.0,23.0
WIFUSDT,memecoin,dump_reclaim,1.2,2.5,1.2,720,1,1,0,0,0,100.0,100.0,37.837837837837846,62.162162162162154,23.0,2.0,154.0,23.0,0.0,23.0,23.0
WIFUSDT,memecoin,dump_reclaim,1.2,3.0,1.5,240,1,1,0,0,0,100.0,100.0,37.777777777777786,62.222222222222214,27.999999999999996,2.0,156.0,27.999999999999996,0.0,27.999999999999996,27.999999999999996
WIFUSDT,memecoin,dump_reclaim,1.2,3.0,1.5,480,1,1,0,0,0,100.0,100.0,37.777777777777786,62.222222222222214,27.999999999999996,2.0,156.0,27.999999999999996,0.0,27.999999999999996,27.999999999999996
WIFUSDT,memecoin,dump_reclaim,1.2,3.0,1.5,720,1,1,0,0,0,100.0,100.0,37.777777777777786,62.222222222222214,27.999999999999996,2.0,156.0,27.999999999999996,0.0,27.999999999999996,27.999999999999996
WIFUSDT,memecoin,dump_reclaim,1.5,1.5,1.0,240,0,0,0,0,0,0.0,,47.99999999999999,,0.0,0.0,0.0,0.0,0.0,0.0,0.0
WIFUSDT,memecoin,dump_reclaim,1.5,1.5,1.0,480,0,0,0,0,0,0.0,,47.99999999999999,,0.0,0.0,0.0,0.0,0.0,0.0,0.0
WIFUSDT,memecoin,dump_reclaim,1.5,1.5,1.0,720,0,0,0,0,0,0.0,,47.99999999999999,,0.0,0.0,0.0,0.0,0.0,0.0,0.0
WIFUSDT,memecoin,dump_reclaim,1.5,2.0,1.0,240,0,0,0,0,0,0.0,,39.99999999999999,,0.0,0.0,0.0,0.0,0.0,0.0,0.0
WIFUSDT,memecoin,dump_reclaim,1.5,2.0,1.0,480,0,0,0,0,0,0.0,,39.99999999999999,,0.0,0.0,0.0,0.0,0.0,0.0,0.0
WIFUSDT,memecoin,dump_reclaim,1.5,2.0,1.0,720,0,0,0,0,0,0.0,,39.99999999999999,,0.0,0.0,0.0,0.0,0.0,0.0,0.0
WIFUSDT,memecoin,dump_reclaim,1.5,2.0,1.5,240,0,0,0,0,0,0.0,,48.57142857142857,,0.0,0.0,0.0,0.0,0.0,0.0,0.0
WIFUSDT,memecoin,dump_reclaim,1.5,2.0,1.5,480,0,0,0,0,0,0.0,,48.57142857142857,,0.0,0.0,0.0,0.0,0.0,0.0,0.0
WIFUSDT,memecoin,dump_reclaim,1.5,2.0,1.5,720,0,0,0,0,0,0.0,,48.57142857142857,,0.0,0.0,0.0,0.0,0.0,0.0,0.0
WIFUSDT,memecoin,dump_reclaim,1.5,2.5,1.2,240,0,0,0,0,0,0.0,,37.837837837837846,,0.0,0.0,0.0,0.0,0.0,0.0,0.0
WIFUSDT,memecoin,dump_reclaim,1.5,2.5,1.2,480,0,0,0,0,0,0.0,,37.837837837837846,,0.0,0.0,0.0,0.0,0.0,0.0,0.0
WIFUSDT,memecoin,dump_reclaim,1.5,2.5,1.2,720,0,0,0,0,0,0.0,,37.837837837837846,,0.0,0.0,0.0,0.0,0.0,0.0,0.0
WIFUSDT,memecoin,dump_reclaim,1.5,3.0,1.5,240,0,0,0,0,0,0.0,,37.777777777777786,,0.0,0.0,0.0,0.0,0.0,0.0,0.0
WIFUSDT,memecoin,dump_reclaim,1.5,3.0,1.5,480,0,0,0,0,0,0.0,,37.777777777777786,,0.0,0.0,0.0,0.0,0.0,0.0,0.0
WIFUSDT,memecoin,dump_reclaim,1.5,3.0,1.5,720,0,0,0,0,0,0.0,,37.777777777777786,,0.0,0.0,0.0,0.0,0.0,0.0,0.0
XRPUSDT,large_alt,always_in_15m,0.0,1.5,1.0,240,71,16,33,22,0,22.535211267605632,32.6530612244898,47.99999999999999,-15.346938775510196,-169.64052200808698,142.00000000000003,121.28169014084507,9.767259579017912,-10.305204423734617,-12.0,13.0
XRPUSDT,large_alt,always_in_15m,0.0,1.5,1.0,480,60,19,34,7,0,31.666666666666668,35.84905660377358,47.99999999999999,-12.15094339622641,-156.12707361649797,120.0,146.9,11.591595327193925,-11.425236922755628,-12.0,13.0
XRPUSDT,large_alt,always_in_15m,0.0,1.5,1.0,720,58,20,34,4,0,34.48275862068966,37.03703703703704,47.99999999999999,-10.962962962962955,-153.34728434666576,116.0,152.5,11.984669735651075,-11.583611625860817,-12.0,13.0
XRPUSDT,large_alt,always_in_15m,0.0,2.0,1.0,240,68,12,32,24,0,17.647058823529413,27.272727272727273,39.99999999999999,-12.72727272727272,-128.87056945109765,136.0,126.63235294117646,11.640547954434018,-10.274400387294813,-12.0,18.000000000000004
XRPUSDT,large_alt,always_in_15m,0.0,2.0,1.0,480,55,15,33,7,0,27.272727272727273,31.25,39.99999999999999,-8.749999999999993,-112.14957023040401,110.0,160.6727272727273,14.7023645789385,-11.605624623119256,-12.0,18.000000000000004
XRPUSDT,large_alt,always_in_15m,0.0,2.0,1.0,720,54,16,33,5,0,29.62962962962963,32.6530612244898,39.99999999999999,-7.346938775510196,-103.00848277904525,108.0,164.0185185185185,15.502704297816967,-11.35885326964479,-12.0,18.000000000000004
XRPUSDT,large_alt,always_in_15m,0.0,2.0,1.5,240,53,8,17,28,0,15.09433962264151,32.0,48.57142857142857,-16.57142857142857,-138.99540483422024,106.0,164.1509433962264,9.943561314029935,-12.256577168563625,-17.0,18.000000000000004
XRPUSDT,large_alt,always_in_15m,0.0,2.0,1.5,480,39,11,18,10,0,28.205128205128204,37.93103448275862,48.57142857142857,-10.64039408866995,-105.19295673830551,78.0,229.5897435897436,12.290099810816688,-15.543559682524089,-17.0,18.000000000000004
XRPUSDT,large_alt,always_in_15m,0.0,2.0,1.5,720,37,11,19,7,0,29.72972972972973,36.666666666666664,48.57142857142857,-11.904761904761905,-119.34495181979173,74.0,242.59459459459458,14.278041859810923,-15.159799078043436,-17.0,18.000000000000004
XRPUSDT,large_alt,always_in_15m,0.0,2.5,1.2,240,56,6,23,27,0,10.714285714285714,20.689655172413794,37.837837837837846,-17.148182665424052,-151.19378185634892,112.0,155.92857142857142,10.492973997955987,-11.236447347393545,-14.0,23.0
XRPUSDT,large_alt,always_in_15m,0.0,2.5,1.2,480,45,10,27,8,0,22.22222222222222,27.027027027027028,37.837837837837846,-10.810810810810818,-125.97787898324881,90.0,198.95555555555555,16.585791433854844,-13.494846273273323,-14.0,23.0
XRPUSDT,large_alt,always_in_15m,0.0,2.5,1.2,720,41,9,24,8,0,21.951219512195124,27.272727272727273,37.837837837837846,-10.565110565110572,-110.44154463923094,82.0,219.17073170731706,17.1525071405727,-12.984320170638842,-14.0,23.0
XRPUSDT,large_alt,always_in_15m,0.0,3.0,1.5,240,51,6,17,28,0,11.764705882352942,26.08695652173913,37.777777777777786,-11.690821256038657,-74.32755827488722,102.00000000000001,171.6078431372549,12.771204887521202,-12.251519510357024,-17.0,27.999999999999996
XRPUSDT,large_alt,always_in_15m,0.0,3.0,1.5,480,37,7,21,9,0,18.91891891891892,25.0,37.777777777777786,-12.777777777777786,-122.56156759534416,74.0,243.35135135135135,17.40230055160516,-15.921468492078972,-17.0,27.999999999999996
XRPUSDT,large_alt,always_in_15m,0.0,3.0,1.5,720,32,7,17,8,0,21.875,29.166666666666668,37.777777777777786,-8.611111111111118,-62.48018672341441,64.0,282.65625,19.995527976780952,-15.12132612223929,-17.0,27.999999999999996
XRPUSDT,large_alt,dump_reclaim,0.8,1.5,1.0,240,2,0,0,2,0,0.0,,47.99999999999999,,-3.480338762407272,4.0,240.0,4.32763065385511,-7.807969416262382,-7.807969416262382,4.32763065385511
XRPUSDT,large_alt,dump_reclaim,0.8,1.5,1.0,480,2,1,1,0,0,50.0,50.0,47.99999999999999,2.000000000000007,1.0,4.0,307.5,13.0,-12.0,-12.0,13.0
XRPUSDT,large_alt,dump_reclaim,0.8,1.5,1.0,720,2,1,1,0,0,50.0,50.0,47.99999999999999,2.000000000000007,1.0,4.0,307.5,13.0,-12.0,-12.0,13.0
XRPUSDT,large_alt,dump_reclaim,0.8,2.0,1.0,240,2,0,0,2,0,0.0,,39.99999999999999,,-3.480338762407272,4.0,240.0,4.32763065385511,-7.807969416262382,-7.807969416262382,4.32763065385511
XRPUSDT,large_alt,dump_reclaim,0.8,2.0,1.0,480,2,1,1,0,0,50.0,50.0,39.99999999999999,10.000000000000007,6.0000000000000036,4.0,355.0,18.000000000000004,-12.0,-12.0,18.000000000000004
XRPUSDT,large_alt,dump_reclaim,0.8,2.0,1.0,720,2,1,1,0,0,50.0,50.0,39.99999999999999,10.000000000000007,6.0000000000000036,4.0,355.0,18.000000000000004,-12.0,-12.0,18.000000000000004
XRPUSDT,large_alt,dump_reclaim,0.8,2.0,1.5,240,2,0,0,2,0,0.0,,48.57142857142857,,-3.480338762407272,4.0,240.0,4.32763065385511,-7.807969416262382,-7.807969416262382,4.32763065385511
XRPUSDT,large_alt,dump_reclaim,0.8,2.0,1.5,480,2,1,0,1,0,50.0,100.0,48.57142857142857,51.42857142857143,17.543890604322808,4.0,463.5,18.000000000000004,-0.45610939567719383,-0.45610939567719383,18.000000000000004
XRPUSDT,large_alt,dump_reclaim,0.8,2.0,1.5,720,2,1,0,1,0,50.0,100.0,48.57142857142857,51.42857142857143,18.058520805763745,4.0,583.5,9.029260402881873,0.0,0.05852080576374159,18.000000000000004
XRPUSDT,large_alt,dump_reclaim,0.8,2.5,1.2,240,2,0,0,2,0,0.0,,37.837837837837846,,-3.480338762407272,4.0,240.0,4.32763065385511,-7.807969416262382,-7.807969416262382,4.32763065385511
XRPUSDT,large_alt,dump_reclaim,0.8,2.5,1.2,480,2,1,0,1,0,50.0,100.0,37.837837837837846,62.162162162162154,22.543890604322804,4.0,469.5,23.0,-0.45610939567719383,-0.45610939567719383,23.0
XRPUSDT,large_alt,dump_reclaim,0.8,2.5,1.2,720,2,1,0,1,0,50.0,100.0,37.837837837837846,62.162162162162154,23.05852080576374,4.0,589.5,11.52926040288187,0.0,0.05852080576374159,23.0
XRPUSDT,large_alt,dump_reclaim,0.8,3.0,1.5,240,2,0,0,2,0,0.0,,37.777777777777786,,-3.480338762407272,4.0,240.0,4.32763065385511,-7.807969416262382,-7.807969416262382,4.32763065385511
XRPUSDT,large_alt,dump_reclaim,0.8,3.0,1.5,480,2,0,0,2,0,0.0,,37.777777777777786,,16.761139256771695,4.0,480.0,17.21724865244889,-0.45610939567719383,-0.45610939567719383,17.21724865244889
XRPUSDT,large_alt,dump_reclaim,0.8,3.0,1.5,720,2,0,0,2,0,0.0,,37.777777777777786,,-1.3165280185469772,4.0,720.0,0.05852080576374159,-1.3750488243107188,-1.3750488243107188,0.05852080576374159
XRPUSDT,large_alt,dump_reclaim,1.2,1.5,1.0,240,1,0,0,1,0,0.0,,47.99999999999999,,4.32763065385511,2.0,240.0,4.32763065385511,0.0,4.32763065385511,4.32763065385511
XRPUSDT,large_alt,dump_reclaim,1.2,1.5,1.0,480,1,1,0,0,0,100.0,100.0,47.99999999999999,52.00000000000001,13.0,2.0,352.0,13.0,0.0,13.0,13.0
XRPUSDT,large_alt,dump_reclaim,1.2,1.5,1.0,720,1,1,0,0,0,100.0,100.0,47.99999999999999,52.00000000000001,13.0,2.0,352.0,13.0,0.0,13.0,13.0
XRPUSDT,large_alt,dump_reclaim,1.2,2.0,1.0,240,1,0,0,1,0,0.0,,39.99999999999999,,4.32763065385511,2.0,240.0,4.32763065385511,0.0,4.32763065385511,4.32763065385511
XRPUSDT,large_alt,dump_reclaim,1.2,2.0,1.0,480,1,1,0,0,0,100.0,100.0,39.99999999999999,60.00000000000001,18.000000000000004,2.0,447.0,18.000000000000004,0.0,18.000000000000004,18.000000000000004
XRPUSDT,large_alt,dump_reclaim,1.2,2.0,1.0,720,1,1,0,0,0,100.0,100.0,39.99999999999999,60.00000000000001,18.000000000000004,2.0,447.0,18.000000000000004,0.0,18.000000000000004,18.000000000000004
XRPUSDT,large_alt,dump_reclaim,1.2,2.0,1.5,240,1,0,0,1,0,0.0,,48.57142857142857,,4.32763065385511,2.0,240.0,4.32763065385511,0.0,4.32763065385511,4.32763065385511
XRPUSDT,large_alt,dump_reclaim,1.2,2.0,1.5,480,1,1,0,0,0,100.0,100.0,48.57142857142857,51.42857142857143,18.000000000000004,2.0,447.0,18.000000000000004,0.0,18.000000000000004,18.000000000000004
XRPUSDT,large_alt,dump_reclaim,1.2,2.0,1.5,720,1,1,0,0,0,100.0,100.0,48.57142857142857,51.42857142857143,18.000000000000004,2.0,447.0,18.000000000000004,0.0,18.000000000000004,18.000000000000004
XRPUSDT,large_alt,dump_reclaim,1.2,2.5,1.2,240,1,0,0,1,0,0.0,,37.837837837837846,,4.32763065385511,2.0,240.0,4.32763065385511,0.0,4.32763065385511,4.32763065385511
XRPUSDT,large_alt,dump_reclaim,1.2,2.5,1.2,480,1,1,0,0,0,100.0,100.0,37.837837837837846,62.162162162162154,23.0,2.0,459.0,23.0,0.0,23.0,23.0
XRPUSDT,large_alt,dump_reclaim,1.2,2.5,1.2,720,1,1,0,0,0,100.0,100.0,37.837837837837846,62.162162162162154,23.0,2.0,459.0,23.0,0.0,23.0,23.0
XRPUSDT,large_alt,dump_reclaim,1.2,3.0,1.5,240,1,0,0,1,0,0.0,,37.777777777777786,,4.32763065385511,2.0,240.0,4.32763065385511,0.0,4.32763065385511,4.32763065385511
XRPUSDT,large_alt,dump_reclaim,1.2,3.0,1.5,480,1,0,0,1,0,0.0,,37.777777777777786,,17.21724865244889,2.0,480.0,17.21724865244889,0.0,17.21724865244889,17.21724865244889
XRPUSDT,large_alt,dump_reclaim,1.2,3.0,1.5,720,1,0,0,1,0,0.0,,37.777777777777786,,-1.3750488243107188,2.0,720.0,0.0,-1.3750488243107188,-1.3750488243107188,-1.3750488243107188
XRPUSDT,large_alt,dump_reclaim,1.5,1.5,1.0,240,1,0,0,1,0,0.0,,47.99999999999999,,4.32763065385511,2.0,240.0,4.32763065385511,0.0,4.32763065385511,4.32763065385511
XRPUSDT,large_alt,dump_reclaim,1.5,1.5,1.0,480,1,1,0,0,0,100.0,100.0,47.99999999999999,52.00000000000001,13.0,2.0,352.0,13.0,0.0,13.0,13.0
XRPUSDT,large_alt,dump_reclaim,1.5,1.5,1.0,720,1,1,0,0,0,100.0,100.0,47.99999999999999,52.00000000000001,13.0,2.0,352.0,13.0,0.0,13.0,13.0
XRPUSDT,large_alt,dump_reclaim,1.5,2.0,1.0,240,1,0,0,1,0,0.0,,39.99999999999999,,4.32763065385511,2.0,240.0,4.32763065385511,0.0,4.32763065385511,4.32763065385511
XRPUSDT,large_alt,dump_reclaim,1.5,2.0,1.0,480,1,1,0,0,0,100.0,100.0,39.99999999999999,60.00000000000001,18.000000000000004,2.0,447.0,18.000000000000004,0.0,18.000000000000004,18.000000000000004
XRPUSDT,large_alt,dump_reclaim,1.5,2.0,1.0,720,1,1,0,0,0,100.0,100.0,39.99999999999999,60.00000000000001,18.000000000000004,2.0,447.0,18.000000000000004,0.0,18.000000000000004,18.000000000000004
XRPUSDT,large_alt,dump_reclaim,1.5,2.0,1.5,240,1,0,0,1,0,0.0,,48.57142857142857,,4.32763065385511,2.0,240.0,4.32763065385511,0.0,4.32763065385511,4.32763065385511
XRPUSDT,large_alt,dump_reclaim,1.5,2.0,1.5,480,1,1,0,0,0,100.0,100.0,48.57142857142857,51.42857142857143,18.000000000000004,2.0,447.0,18.000000000000004,0.0,18.000000000000004,18.000000000000004
XRPUSDT,large_alt,dump_reclaim,1.5,2.0,1.5,720,1,1,0,0,0,100.0,100.0,48.57142857142857,51.42857142857143,18.000000000000004,2.0,447.0,18.000000000000004,0.0,18.000000000000004,18.000000000000004
XRPUSDT,large_alt,dump_reclaim,1.5,2.5,1.2,240,1,0,0,1,0,0.0,,37.837837837837846,,4.32763065385511,2.0,240.0,4.32763065385511,0.0,4.32763065385511,4.32763065385511
XRPUSDT,large_alt,dump_reclaim,1.5,2.5,1.2,480,1,1,0,0,0,100.0,100.0,37.837837837837846,62.162162162162154,23.0,2.0,459.0,23.0,0.0,23.0,23.0
XRPUSDT,large_alt,dump_reclaim,1.5,2.5,1.2,720,1,1,0,0,0,100.0,100.0,37.837837837837846,62.162162162162154,23.0,2.0,459.0,23.0,0.0,23.0,23.0
XRPUSDT,large_alt,dump_reclaim,1.5,3.0,1.5,240,1,0,0,1,0,0.0,,37.777777777777786,,4.32763065385511,2.0,240.0,4.32763065385511,0.0,4.32763065385511,4.32763065385511
XRPUSDT,large_alt,dump_reclaim,1.5,3.0,1.5,480,1,0,0,1,0,0.0,,37.777777777777786,,17.21724865244889,2.0,480.0,17.21724865244889,0.0,17.21724865244889,17.21724865244889
XRPUSDT,large_alt,dump_reclaim,1.5,3.0,1.5,720,1,0,0,1,0,0.0,,37.777777777777786,,-1.3750488243107188,2.0,720.0,0.0,-1.3750488243107188,-1.3750488243107188,-1.3750488243107188
