2026-09-19 19:01:20  INFO     Log (this run) D:\jev-trading\data\setup_scan\setup_scan_20260919_190120.log
2026-09-19 19:01:20  INFO     Log (latest)   D:\jev-trading\data\setup_scan\scan.log
2026-09-19 19:01:20  INFO     Setup scan: dump+reclaim+room vs always-in 15m. No Jev.
2026-09-19 19:01:20  INFO     Pairs 1.5/1.0, 2.0/1.0, 2.0/1.5, 2.5/1.2, 3.0/1.5
2026-09-19 19:01:20  INFO     Timeouts hours [4, 8, 12]
2026-09-19 19:01:20  INFO     Dump pcts [0.8, 1.2, 1.5]
2026-09-19 19:01:20  INFO     Coins 24: ADAUSDT, APTUSDT, ARBUSDT, ATOMUSDT, AVAXUSDT, BCHUSDT, BNBUSDT, BTCUSDT, DOGEUSDT, DOTUSDT, ETHUSDT, FILUSDT, LINKUSDT, LTCUSDT, NEARUSDT, OPUSDT, PEPEUSDT, SEIUSDT, SHIBUSDT, SOLUSDT, SUIUSDT, TIAUSDT, WIFUSDT, XRPUSDT
2026-09-19 19:01:20  INFO     ADAUSDT: ADAUSDT_1m_1789038480000_1789643280000.json
2026-09-19 19:01:20  INFO     ADAUSDT: 10,081 1-minute bars
2026-09-19 19:01:20  INFO     ADAUSDT  always_in_15m  dump=0.00  TP 1.50 SL 1.00  4h  n=65  W/L/T=13/32/20  res=28.9  be=48.0  net=$-184.71
2026-09-19 19:01:20  INFO     ADAUSDT  always_in_15m  dump=0.00  TP 1.50 SL 1.00  8h  n=53  W/L/T=18/30/5  res=37.5  be=48.0  net=$-140.31
2026-09-19 19:01:20  INFO     ADAUSDT  always_in_15m  dump=0.00  TP 1.50 SL 1.00  12h  n=52  W/L/T=18/32/2  res=36.0  be=48.0  net=$-157.40
2026-09-19 19:01:20  INFO     ADAUSDT  always_in_15m  dump=0.00  TP 2.00 SL 1.00  4h  n=60  W/L/T=8/29/23  res=21.6  be=40.0  net=$-134.88
2026-09-19 19:01:20  INFO     ADAUSDT  always_in_15m  dump=0.00  TP 2.00 SL 1.00  8h  n=49  W/L/T=12/31/6  res=27.9  be=40.0  net=$-132.61
2026-09-19 19:01:20  INFO     ADAUSDT  always_in_15m  dump=0.00  TP 2.00 SL 1.00  12h  n=45  W/L/T=13/30/2  res=30.2  be=40.0  net=$-128.43
2026-09-19 19:01:20  INFO     ADAUSDT  always_in_15m  dump=0.00  TP 2.00 SL 1.50  4h  n=49  W/L/T=5/16/28  res=23.8  be=48.6  net=$-126.08
2026-09-19 19:01:20  INFO     ADAUSDT  always_in_15m  dump=0.00  TP 2.00 SL 1.50  8h  n=36  W/L/T=11/18/7  res=37.9  be=48.6  net=$-117.17
2026-09-19 19:01:20  INFO     ADAUSDT  always_in_15m  dump=0.00  TP 2.00 SL 1.50  12h  n=32  W/L/T=11/18/3  res=37.9  be=48.6  net=$-112.13
2026-09-19 19:01:20  INFO     ADAUSDT  always_in_15m  dump=0.00  TP 2.50 SL 1.20  4h  n=52  W/L/T=3/21/28  res=12.5  be=37.8  net=$-120.78
2026-09-19 19:01:20  INFO     ADAUSDT  always_in_15m  dump=0.00  TP 2.50 SL 1.20  8h  n=39  W/L/T=6/22/11  res=21.4  be=37.8  net=$-103.44
2026-09-19 19:01:20  INFO     ADAUSDT  always_in_15m  dump=0.00  TP 2.50 SL 1.20  12h  n=33  W/L/T=8/20/5  res=28.6  be=37.8  net=$-82.62
2026-09-19 19:01:20  INFO     ADAUSDT  always_in_15m  dump=0.00  TP 3.00 SL 1.50  4h  n=46  W/L/T=2/14/30  res=12.5  be=37.8  net=$-110.63
2026-09-19 19:01:20  INFO     ADAUSDT  always_in_15m  dump=0.00  TP 3.00 SL 1.50  8h  n=33  W/L/T=5/17/11  res=22.7  be=37.8  net=$-73.55
2026-09-19 19:01:20  INFO     ADAUSDT  always_in_15m  dump=0.00  TP 3.00 SL 1.50  12h  n=26  W/L/T=4/15/7  res=21.1  be=37.8  net=$-85.61
2026-09-19 19:01:20  INFO     ADAUSDT  dump_reclaim  dump=0.80  TP 1.50 SL 1.00  4h  n=1  W/L/T=0/0/1  res=-1.0  be=48.0  net=$10.15
2026-09-19 19:01:20  INFO     ADAUSDT  dump_reclaim  dump=0.80  TP 1.50 SL 1.00  8h  n=1  W/L/T=1/0/0  res=100.0  be=48.0  net=$13.00
2026-09-19 19:01:20  INFO     ADAUSDT  dump_reclaim  dump=0.80  TP 1.50 SL 1.00  12h  n=1  W/L/T=1/0/0  res=100.0  be=48.0  net=$13.00
2026-09-19 19:01:20  INFO     ADAUSDT  dump_reclaim  dump=0.80  TP 2.00 SL 1.00  4h  n=1  W/L/T=0/0/1  res=-1.0  be=40.0  net=$10.15
2026-09-19 19:01:20  INFO     ADAUSDT  dump_reclaim  dump=0.80  TP 2.00 SL 1.00  8h  n=1  W/L/T=0/0/1  res=-1.0  be=40.0  net=$6.75
2026-09-19 19:01:20  INFO     ADAUSDT  dump_reclaim  dump=0.80  TP 2.00 SL 1.00  12h  n=1  W/L/T=0/0/1  res=-1.0  be=40.0  net=$12.09
2026-09-19 19:01:20  INFO     ADAUSDT  dump_reclaim  dump=0.80  TP 2.00 SL 1.50  4h  n=1  W/L/T=0/0/1  res=-1.0  be=48.6  net=$10.15
2026-09-19 19:01:20  INFO     ADAUSDT  dump_reclaim  dump=0.80  TP 2.00 SL 1.50  8h  n=1  W/L/T=0/0/1  res=-1.0  be=48.6  net=$6.75
2026-09-19 19:01:20  INFO     ADAUSDT  dump_reclaim  dump=0.80  TP 2.00 SL 1.50  12h  n=1  W/L/T=0/0/1  res=-1.0  be=48.6  net=$12.09
2026-09-19 19:01:20  INFO     ADAUSDT  dump_reclaim  dump=0.80  TP 2.50 SL 1.20  4h  n=1  W/L/T=0/0/1  res=-1.0  be=37.8  net=$10.15
2026-09-19 19:01:20  INFO     ADAUSDT  dump_reclaim  dump=0.80  TP 2.50 SL 1.20  8h  n=1  W/L/T=0/0/1  res=-1.0  be=37.8  net=$6.75
2026-09-19 19:01:20  INFO     ADAUSDT  dump_reclaim  dump=0.80  TP 2.50 SL 1.20  12h  n=1  W/L/T=0/0/1  res=-1.0  be=37.8  net=$12.09
2026-09-19 19:01:20  INFO     ADAUSDT  dump_reclaim  dump=0.80  TP 3.00 SL 1.50  4h  n=1  W/L/T=0/0/1  res=-1.0  be=37.8  net=$10.15
2026-09-19 19:01:20  INFO     ADAUSDT  dump_reclaim  dump=0.80  TP 3.00 SL 1.50  8h  n=1  W/L/T=0/0/1  res=-1.0  be=37.8  net=$6.75
2026-09-19 19:01:20  INFO     ADAUSDT  dump_reclaim  dump=0.80  TP 3.00 SL 1.50  12h  n=1  W/L/T=0/0/1  res=-1.0  be=37.8  net=$12.09
2026-09-19 19:01:20  INFO     ADAUSDT  dump_reclaim  dump=1.20  TP 1.50 SL 1.00  4h  n=0  W/L/T=0/0/0  res=-1.0  be=48.0  net=$0.00
2026-09-19 19:01:20  INFO     ADAUSDT  dump_reclaim  dump=1.20  TP 1.50 SL 1.00  8h  n=0  W/L/T=0/0/0  res=-1.0  be=48.0  net=$0.00
2026-09-19 19:01:20  INFO     ADAUSDT  dump_reclaim  dump=1.20  TP 1.50 SL 1.00  12h  n=0  W/L/T=0/0/0  res=-1.0  be=48.0  net=$0.00
2026-09-19 19:01:20  INFO     ADAUSDT  dump_reclaim  dump=1.20  TP 2.00 SL 1.00  4h  n=0  W/L/T=0/0/0  res=-1.0  be=40.0  net=$0.00
2026-09-19 19:01:20  INFO     ADAUSDT  dump_reclaim  dump=1.20  TP 2.00 SL 1.00  8h  n=0  W/L/T=0/0/0  res=-1.0  be=40.0  net=$0.00
2026-09-19 19:01:20  INFO     ADAUSDT  dump_reclaim  dump=1.20  TP 2.00 SL 1.00  12h  n=0  W/L/T=0/0/0  res=-1.0  be=40.0  net=$0.00
2026-09-19 19:01:20  INFO     ADAUSDT  dump_reclaim  dump=1.20  TP 2.00 SL 1.50  4h  n=0  W/L/T=0/0/0  res=-1.0  be=48.6  net=$0.00
2026-09-19 19:01:20  INFO     ADAUSDT  dump_reclaim  dump=1.20  TP 2.00 SL 1.50  8h  n=0  W/L/T=0/0/0  res=-1.0  be=48.6  net=$0.00
2026-09-19 19:01:20  INFO     ADAUSDT  dump_reclaim  dump=1.20  TP 2.00 SL 1.50  12h  n=0  W/L/T=0/0/0  res=-1.0  be=48.6  net=$0.00
2026-09-19 19:01:20  INFO     ADAUSDT  dump_reclaim  dump=1.20  TP 2.50 SL 1.20  4h  n=0  W/L/T=0/0/0  res=-1.0  be=37.8  net=$0.00
2026-09-19 19:01:20  INFO     ADAUSDT  dump_reclaim  dump=1.20  TP 2.50 SL 1.20  8h  n=0  W/L/T=0/0/0  res=-1.0  be=37.8  net=$0.00
2026-09-19 19:01:20  INFO     ADAUSDT  dump_reclaim  dump=1.20  TP 2.50 SL 1.20  12h  n=0  W/L/T=0/0/0  res=-1.0  be=37.8  net=$0.00
2026-09-19 19:01:20  INFO     ADAUSDT  dump_reclaim  dump=1.20  TP 3.00 SL 1.50  4h  n=0  W/L/T=0/0/0  res=-1.0  be=37.8  net=$0.00
2026-09-19 19:01:20  INFO     ADAUSDT  dump_reclaim  dump=1.20  TP 3.00 SL 1.50  8h  n=0  W/L/T=0/0/0  res=-1.0  be=37.8  net=$0.00
2026-09-19 19:01:20  INFO     ADAUSDT  dump_reclaim  dump=1.20  TP 3.00 SL 1.50  12h  n=0  W/L/T=0/0/0  res=-1.0  be=37.8  net=$0.00
2026-09-19 19:01:20  INFO     ADAUSDT  dump_reclaim  dump=1.50  TP 1.50 SL 1.00  4h  n=0  W/L/T=0/0/0  res=-1.0  be=48.0  net=$0.00
2026-09-19 19:01:20  INFO     ADAUSDT  dump_reclaim  dump=1.50  TP 1.50 SL 1.00  8h  n=0  W/L/T=0/0/0  res=-1.0  be=48.0  net=$0.00
2026-09-19 19:01:20  INFO     ADAUSDT  dump_reclaim  dump=1.50  TP 1.50 SL 1.00  12h  n=0  W/L/T=0/0/0  res=-1.0  be=48.0  net=$0.00
2026-09-19 19:01:20  INFO     ADAUSDT  dump_reclaim  dump=1.50  TP 2.00 SL 1.00  4h  n=0  W/L/T=0/0/0  res=-1.0  be=40.0  net=$0.00
2026-09-19 19:01:20  INFO     ADAUSDT  dump_reclaim  dump=1.50  TP 2.00 SL 1.00  8h  n=0  W/L/T=0/0/0  res=-1.0  be=40.0  net=$0.00
2026-09-19 19:01:20  INFO     ADAUSDT  dump_reclaim  dump=1.50  TP 2.00 SL 1.00  12h  n=0  W/L/T=0/0/0  res=-1.0  be=40.0  net=$0.00
2026-09-19 19:01:20  INFO     ADAUSDT  dump_reclaim  dump=1.50  TP 2.00 SL 1.50  4h  n=0  W/L/T=0/0/0  res=-1.0  be=48.6  net=$0.00
2026-09-19 19:01:20  INFO     ADAUSDT  dump_reclaim  dump=1.50  TP 2.00 SL 1.50  8h  n=0  W/L/T=0/0/0  res=-1.0  be=48.6  net=$0.00
2026-09-19 19:01:20  INFO     ADAUSDT  dump_reclaim  dump=1.50  TP 2.00 SL 1.50  12h  n=0  W/L/T=0/0/0  res=-1.0  be=48.6  net=$0.00
2026-09-19 19:01:20  INFO     ADAUSDT  dump_reclaim  dump=1.50  TP 2.50 SL 1.20  4h  n=0  W/L/T=0/0/0  res=-1.0  be=37.8  net=$0.00
2026-09-19 19:01:20  INFO     ADAUSDT  dump_reclaim  dump=1.50  TP 2.50 SL 1.20  8h  n=0  W/L/T=0/0/0  res=-1.0  be=37.8  net=$0.00
2026-09-19 19:01:20  INFO     ADAUSDT  dump_reclaim  dump=1.50  TP 2.50 SL 1.20  12h  n=0  W/L/T=0/0/0  res=-1.0  be=37.8  net=$0.00
2026-09-19 19:01:20  INFO     ADAUSDT  dump_reclaim  dump=1.50  TP 3.00 SL 1.50  4h  n=0  W/L/T=0/0/0  res=-1.0  be=37.8  net=$0.00
2026-09-19 19:01:20  INFO     ADAUSDT  dump_reclaim  dump=1.50  TP 3.00 SL 1.50  8h  n=0  W/L/T=0/0/0  res=-1.0  be=37.8  net=$0.00
2026-09-19 19:01:20  INFO     ADAUSDT  dump_reclaim  dump=1.50  TP 3.00 SL 1.50  12h  n=0  W/L/T=0/0/0  res=-1.0  be=37.8  net=$0.00
2026-09-19 19:01:20  INFO     APTUSDT: APTUSDT_1m_1789038480000_1789643280000.json
2026-09-19 19:01:20  INFO     APTUSDT: 10,081 1-minute bars
2026-09-19 19:01:20  INFO     APTUSDT  always_in_15m  dump=0.00  TP 1.50 SL 1.00  4h  n=91  W/L/T=24/57/10  res=29.6  be=48.0  net=$-393.09
2026-09-19 19:01:20  INFO     APTUSDT  always_in_15m  dump=0.00  TP 1.50 SL 1.00  8h  n=82  W/L/T=23/57/2  res=28.8  be=48.0  net=$-380.97
2026-09-19 19:01:20  INFO     APTUSDT  always_in_15m  dump=0.00  TP 1.50 SL 1.00  12h  n=80  W/L/T=23/55/2  res=29.5  be=48.0  net=$-363.48
2026-09-19 19:01:20  INFO     APTUSDT  always_in_15m  dump=0.00  TP 2.00 SL 1.00  4h  n=76  W/L/T=13/50/13  res=20.6  be=40.0  net=$-352.14
2026-09-19 19:01:20  INFO     APTUSDT  always_in_15m  dump=0.00  TP 2.00 SL 1.00  8h  n=65  W/L/T=14/49/2  res=22.2  be=40.0  net=$-336.85
2026-09-19 19:01:20  INFO     APTUSDT  always_in_15m  dump=0.00  TP 2.00 SL 1.00  12h  n=64  W/L/T=14/48/2  res=22.6  be=40.0  net=$-329.74
2026-09-19 19:01:20  INFO     APTUSDT  always_in_15m  dump=0.00  TP 2.00 SL 1.50  4h  n=59  W/L/T=13/28/18  res=31.7  be=48.6  net=$-274.91
2026-09-19 19:01:20  INFO     APTUSDT  always_in_15m  dump=0.00  TP 2.00 SL 1.50  8h  n=42  W/L/T=12/25/5  res=32.4  be=48.6  net=$-218.60
2026-09-19 19:01:20  INFO     APTUSDT  always_in_15m  dump=0.00  TP 2.00 SL 1.50  12h  n=43  W/L/T=13/28/2  res=31.7  be=48.6  net=$-237.49
2026-09-19 19:01:20  INFO     APTUSDT  always_in_15m  dump=0.00  TP 2.50 SL 1.20  4h  n=61  W/L/T=10/34/17  res=22.7  be=37.8  net=$-265.17
2026-09-19 19:01:20  INFO     APTUSDT  always_in_15m  dump=0.00  TP 2.50 SL 1.20  8h  n=52  W/L/T=11/37/4  res=22.9  be=37.8  net=$-274.09
2026-09-19 19:01:20  INFO     APTUSDT  always_in_15m  dump=0.00  TP 2.50 SL 1.20  12h  n=50  W/L/T=11/37/2  res=22.9  be=37.8  net=$-265.74
2026-09-19 19:01:20  INFO     APTUSDT  always_in_15m  dump=0.00  TP 3.00 SL 1.50  4h  n=53  W/L/T=6/27/20  res=18.2  be=37.8  net=$-240.57
2026-09-19 19:01:21  INFO     APTUSDT  always_in_15m  dump=0.00  TP 3.00 SL 1.50  8h  n=38  W/L/T=7/25/6  res=21.9  be=37.8  net=$-227.73
2026-09-19 19:01:21  INFO     APTUSDT  always_in_15m  dump=0.00  TP 3.00 SL 1.50  12h  n=36  W/L/T=7/26/3  res=21.2  be=37.8  net=$-236.83
2026-09-19 19:01:21  INFO     APTUSDT  dump_reclaim  dump=0.80  TP 1.50 SL 1.00  4h  n=5  W/L/T=1/3/1  res=25.0  be=48.0  net=$-19.85
2026-09-19 19:01:21  INFO     APTUSDT  dump_reclaim  dump=0.80  TP 1.50 SL 1.00  8h  n=5  W/L/T=1/4/0  res=20.0  be=48.0  net=$-35.00
2026-09-19 19:01:21  INFO     APTUSDT  dump_reclaim  dump=0.80  TP 1.50 SL 1.00  12h  n=5  W/L/T=1/4/0  res=20.0  be=48.0  net=$-35.00
2026-09-19 19:01:21  INFO     APTUSDT  dump_reclaim  dump=0.80  TP 2.00 SL 1.00  4h  n=5  W/L/T=1/3/1  res=25.0  be=40.0  net=$-14.85
2026-09-19 19:01:21  INFO     APTUSDT  dump_reclaim  dump=0.80  TP 2.00 SL 1.00  8h  n=5  W/L/T=1/4/0  res=20.0  be=40.0  net=$-30.00
2026-09-19 19:01:21  INFO     APTUSDT  dump_reclaim  dump=0.80  TP 2.00 SL 1.00  12h  n=5  W/L/T=1/4/0  res=20.0  be=40.0  net=$-30.00
2026-09-19 19:01:21  INFO     APTUSDT  dump_reclaim  dump=0.80  TP 2.00 SL 1.50  4h  n=4  W/L/T=1/2/1  res=33.3  be=48.6  net=$-12.85
2026-09-19 19:01:21  INFO     APTUSDT  dump_reclaim  dump=0.80  TP 2.00 SL 1.50  8h  n=4  W/L/T=1/3/0  res=25.0  be=48.6  net=$-33.00
2026-09-19 19:01:21  INFO     APTUSDT  dump_reclaim  dump=0.80  TP 2.00 SL 1.50  12h  n=4  W/L/T=1/3/0  res=25.0  be=48.6  net=$-33.00
2026-09-19 19:01:21  INFO     APTUSDT  dump_reclaim  dump=0.80  TP 2.50 SL 1.20  4h  n=5  W/L/T=1/3/1  res=25.0  be=37.8  net=$-15.85
2026-09-19 19:01:21  INFO     APTUSDT  dump_reclaim  dump=0.80  TP 2.50 SL 1.20  8h  n=5  W/L/T=1/4/0  res=20.0  be=37.8  net=$-33.00
2026-09-19 19:01:21  INFO     APTUSDT  dump_reclaim  dump=0.80  TP 2.50 SL 1.20  12h  n=5  W/L/T=1/4/0  res=20.0  be=37.8  net=$-33.00
2026-09-19 19:01:21  INFO     APTUSDT  dump_reclaim  dump=0.80  TP 3.00 SL 1.50  4h  n=3  W/L/T=0/2/1  res=0.0  be=37.8  net=$-30.85
2026-09-19 19:01:21  INFO     APTUSDT  dump_reclaim  dump=0.80  TP 3.00 SL 1.50  8h  n=3  W/L/T=0/3/0  res=0.0  be=37.8  net=$-51.00
2026-09-19 19:01:21  INFO     APTUSDT  dump_reclaim  dump=0.80  TP 3.00 SL 1.50  12h  n=3  W/L/T=0/3/0  res=0.0  be=37.8  net=$-51.00
2026-09-19 19:01:21  INFO     APTUSDT  dump_reclaim  dump=1.20  TP 1.50 SL 1.00  4h  n=0  W/L/T=0/0/0  res=-1.0  be=48.0  net=$0.00
2026-09-19 19:01:21  INFO     APTUSDT  dump_reclaim  dump=1.20  TP 1.50 SL 1.00  8h  n=0  W/L/T=0/0/0  res=-1.0  be=48.0  net=$0.00
2026-09-19 19:01:21  INFO     APTUSDT  dump_reclaim  dump=1.20  TP 1.50 SL 1.00  12h  n=0  W/L/T=0/0/0  res=-1.0  be=48.0  net=$0.00
2026-09-19 19:01:21  INFO     APTUSDT  dump_reclaim  dump=1.20  TP 2.00 SL 1.00  4h  n=0  W/L/T=0/0/0  res=-1.0  be=40.0  net=$0.00
2026-09-19 19:01:21  INFO     APTUSDT  dump_reclaim  dump=1.20  TP 2.00 SL 1.00  8h  n=0  W/L/T=0/0/0  res=-1.0  be=40.0  net=$0.00
2026-09-19 19:01:21  INFO     APTUSDT  dump_reclaim  dump=1.20  TP 2.00 SL 1.00  12h  n=0  W/L/T=0/0/0  res=-1.0  be=40.0  net=$0.00
2026-09-19 19:01:21  INFO     APTUSDT  dump_reclaim  dump=1.20  TP 2.00 SL 1.50  4h  n=0  W/L/T=0/0/0  res=-1.0  be=48.6  net=$0.00
2026-09-19 19:01:21  INFO     APTUSDT  dump_reclaim  dump=1.20  TP 2.00 SL 1.50  8h  n=0  W/L/T=0/0/0  res=-1.0  be=48.6  net=$0.00
2026-09-19 19:01:21  INFO     APTUSDT  dump_reclaim  dump=1.20  TP 2.00 SL 1.50  12h  n=0  W/L/T=0/0/0  res=-1.0  be=48.6  net=$0.00
2026-09-19 19:01:21  INFO     APTUSDT  dump_reclaim  dump=1.20  TP 2.50 SL 1.20  4h  n=0  W/L/T=0/0/0  res=-1.0  be=37.8  net=$0.00
2026-09-19 19:01:21  INFO     APTUSDT  dump_reclaim  dump=1.20  TP 2.50 SL 1.20  8h  n=0  W/L/T=0/0/0  res=-1.0  be=37.8  net=$0.00
2026-09-19 19:01:21  INFO     APTUSDT  dump_reclaim  dump=1.20  TP 2.50 SL 1.20  12h  n=0  W/L/T=0/0/0  res=-1.0  be=37.8  net=$0.00
2026-09-19 19:01:21  INFO     APTUSDT  dump_reclaim  dump=1.20  TP 3.00 SL 1.50  4h  n=0  W/L/T=0/0/0  res=-1.0  be=37.8  net=$0.00
2026-09-19 19:01:21  INFO     APTUSDT  dump_reclaim  dump=1.20  TP 3.00 SL 1.50  8h  n=0  W/L/T=0/0/0  res=-1.0  be=37.8  net=$0.00
2026-09-19 19:01:21  INFO     APTUSDT  dump_reclaim  dump=1.20  TP 3.00 SL 1.50  12h  n=0  W/L/T=0/0/0  res=-1.0  be=37.8  net=$0.00
2026-09-19 19:01:21  INFO     APTUSDT  dump_reclaim  dump=1.50  TP 1.50 SL 1.00  4h  n=0  W/L/T=0/0/0  res=-1.0  be=48.0  net=$0.00
2026-09-19 19:01:21  INFO     APTUSDT  dump_reclaim  dump=1.50  TP 1.50 SL 1.00  8h  n=0  W/L/T=0/0/0  res=-1.0  be=48.0  net=$0.00
2026-09-19 19:01:21  INFO     APTUSDT  dump_reclaim  dump=1.50  TP 1.50 SL 1.00  12h  n=0  W/L/T=0/0/0  res=-1.0  be=48.0  net=$0.00
2026-09-19 19:01:21  INFO     APTUSDT  dump_reclaim  dump=1.50  TP 2.00 SL 1.00  4h  n=0  W/L/T=0/0/0  res=-1.0  be=40.0  net=$0.00
2026-09-19 19:01:21  INFO     APTUSDT  dump_reclaim  dump=1.50  TP 2.00 SL 1.00  8h  n=0  W/L/T=0/0/0  res=-1.0  be=40.0  net=$0.00
2026-09-19 19:01:21  INFO     APTUSDT  dump_reclaim  dump=1.50  TP 2.00 SL 1.00  12h  n=0  W/L/T=0/0/0  res=-1.0  be=40.0  net=$0.00
2026-09-19 19:01:21  INFO     APTUSDT  dump_reclaim  dump=1.50  TP 2.00 SL 1.50  4h  n=0  W/L/T=0/0/0  res=-1.0  be=48.6  net=$0.00
2026-09-19 19:01:21  INFO     APTUSDT  dump_reclaim  dump=1.50  TP 2.00 SL 1.50  8h  n=0  W/L/T=0/0/0  res=-1.0  be=48.6  net=$0.00
2026-09-19 19:01:21  INFO     APTUSDT  dump_reclaim  dump=1.50  TP 2.00 SL 1.50  12h  n=0  W/L/T=0/0/0  res=-1.0  be=48.6  net=$0.00
2026-09-19 19:01:21  INFO     APTUSDT  dump_reclaim  dump=1.50  TP 2.50 SL 1.20  4h  n=0  W/L/T=0/0/0  res=-1.0  be=37.8  net=$0.00
2026-09-19 19:01:21  INFO     APTUSDT  dump_reclaim  dump=1.50  TP 2.50 SL 1.20  8h  n=0  W/L/T=0/0/0  res=-1.0  be=37.8  net=$0.00
2026-09-19 19:01:21  INFO     APTUSDT  dump_reclaim  dump=1.50  TP 2.50 SL 1.20  12h  n=0  W/L/T=0/0/0  res=-1.0  be=37.8  net=$0.00
2026-09-19 19:01:21  INFO     APTUSDT  dump_reclaim  dump=1.50  TP 3.00 SL 1.50  4h  n=0  W/L/T=0/0/0  res=-1.0  be=37.8  net=$0.00
2026-09-19 19:01:21  INFO     APTUSDT  dump_reclaim  dump=1.50  TP 3.00 SL 1.50  8h  n=0  W/L/T=0/0/0  res=-1.0  be=37.8  net=$0.00
2026-09-19 19:01:21  INFO     APTUSDT  dump_reclaim  dump=1.50  TP 3.00 SL 1.50  12h  n=0  W/L/T=0/0/0  res=-1.0  be=37.8  net=$0.00
2026-09-19 19:01:21  INFO     ARBUSDT: ARBUSDT_1m_1789038480000_1789643280000.json
2026-09-19 19:01:21  INFO     ARBUSDT: 10,081 1-minute bars
2026-09-19 19:01:21  INFO     ARBUSDT  always_in_15m  dump=0.00  TP 1.50 SL 1.00  4h  n=175  W/L/T=72/100/3  res=41.9  be=48.0  net=$-265.76
2026-09-19 19:01:21  INFO     ARBUSDT  always_in_15m  dump=0.00  TP 1.50 SL 1.00  8h  n=177  W/L/T=74/103/0  res=41.8  be=48.0  net=$-274.00
2026-09-19 19:01:21  INFO     ARBUSDT  always_in_15m  dump=0.00  TP 1.50 SL 1.00  12h  n=177  W/L/T=74/103/0  res=41.8  be=48.0  net=$-274.00
2026-09-19 19:01:21  INFO     ARBUSDT  always_in_15m  dump=0.00  TP 2.00 SL 1.00  4h  n=137  W/L/T=40/89/8  res=31.0  be=40.0  net=$-333.46
2026-09-19 19:01:21  INFO     ARBUSDT  always_in_15m  dump=0.00  TP 2.00 SL 1.00  8h  n=133  W/L/T=42/91/0  res=31.6  be=40.0  net=$-336.00
2026-09-19 19:01:21  INFO     ARBUSDT  always_in_15m  dump=0.00  TP 2.00 SL 1.00  12h  n=133  W/L/T=42/91/0  res=31.6  be=40.0  net=$-336.00
2026-09-19 19:01:21  INFO     ARBUSDT  always_in_15m  dump=0.00  TP 2.00 SL 1.50  4h  n=108  W/L/T=41/56/11  res=42.3  be=48.6  net=$-217.69
2026-09-19 19:01:21  INFO     ARBUSDT  always_in_15m  dump=0.00  TP 2.00 SL 1.50  8h  n=104  W/L/T=41/60/3  res=40.6  be=48.6  net=$-285.44
2026-09-19 19:01:21  INFO     ARBUSDT  always_in_15m  dump=0.00  TP 2.00 SL 1.50  12h  n=101  W/L/T=40/59/2  res=40.4  be=48.6  net=$-269.58
2026-09-19 19:01:21  INFO     ARBUSDT  always_in_15m  dump=0.00  TP 2.50 SL 1.20  4h  n=110  W/L/T=31/68/11  res=31.3  be=37.8  net=$-190.62
2026-09-19 19:01:21  INFO     ARBUSDT  always_in_15m  dump=0.00  TP 2.50 SL 1.20  8h  n=107  W/L/T=34/70/3  res=32.7  be=37.8  net=$-179.78
2026-09-19 19:01:21  INFO     ARBUSDT  always_in_15m  dump=0.00  TP 2.50 SL 1.20  12h  n=108  W/L/T=35/72/1  res=32.7  be=37.8  net=$-186.64
2026-09-19 19:01:21  INFO     ARBUSDT  always_in_15m  dump=0.00  TP 3.00 SL 1.50  4h  n=93  W/L/T=27/53/13  res=33.8  be=37.8  net=$-140.72
2026-09-19 19:01:21  INFO     ARBUSDT  always_in_15m  dump=0.00  TP 3.00 SL 1.50  8h  n=86  W/L/T=28/54/4  res=34.1  be=37.8  net=$-128.54
2026-09-19 19:01:21  INFO     ARBUSDT  always_in_15m  dump=0.00  TP 3.00 SL 1.50  12h  n=85  W/L/T=28/55/2  res=33.7  be=37.8  net=$-137.58
2026-09-19 19:01:21  INFO     ARBUSDT  dump_reclaim  dump=0.80  TP 1.50 SL 1.00  4h  n=11  W/L/T=4/7/0  res=36.4  be=48.0  net=$-32.00
2026-09-19 19:01:21  INFO     ARBUSDT  dump_reclaim  dump=0.80  TP 1.50 SL 1.00  8h  n=11  W/L/T=4/7/0  res=36.4  be=48.0  net=$-32.00
2026-09-19 19:01:21  INFO     ARBUSDT  dump_reclaim  dump=0.80  TP 1.50 SL 1.00  12h  n=11  W/L/T=4/7/0  res=36.4  be=48.0  net=$-32.00
2026-09-19 19:01:21  INFO     ARBUSDT  dump_reclaim  dump=0.80  TP 2.00 SL 1.00  4h  n=11  W/L/T=3/8/0  res=27.3  be=40.0  net=$-42.00
2026-09-19 19:01:21  INFO     ARBUSDT  dump_reclaim  dump=0.80  TP 2.00 SL 1.00  8h  n=11  W/L/T=3/8/0  res=27.3  be=40.0  net=$-42.00
2026-09-19 19:01:21  INFO     ARBUSDT  dump_reclaim  dump=0.80  TP 2.00 SL 1.00  12h  n=11  W/L/T=3/8/0  res=27.3  be=40.0  net=$-42.00
2026-09-19 19:01:21  INFO     ARBUSDT  dump_reclaim  dump=0.80  TP 2.00 SL 1.50  4h  n=11  W/L/T=5/6/0  res=45.5  be=48.6  net=$-12.00
2026-09-19 19:01:21  INFO     ARBUSDT  dump_reclaim  dump=0.80  TP 2.00 SL 1.50  8h  n=11  W/L/T=5/6/0  res=45.5  be=48.6  net=$-12.00
2026-09-19 19:01:21  INFO     ARBUSDT  dump_reclaim  dump=0.80  TP 2.00 SL 1.50  12h  n=11  W/L/T=5/6/0  res=45.5  be=48.6  net=$-12.00
2026-09-19 19:01:21  INFO     ARBUSDT  dump_reclaim  dump=0.80  TP 2.50 SL 1.20  4h  n=10  W/L/T=5/5/0  res=50.0  be=37.8  net=$45.00
2026-09-19 19:01:21  INFO     ARBUSDT  dump_reclaim  dump=0.80  TP 2.50 SL 1.20  8h  n=10  W/L/T=5/5/0  res=50.0  be=37.8  net=$45.00
2026-09-19 19:01:21  INFO     ARBUSDT  dump_reclaim  dump=0.80  TP 2.50 SL 1.20  12h  n=10  W/L/T=5/5/0  res=50.0  be=37.8  net=$45.00
2026-09-19 19:01:21  INFO     ARBUSDT  dump_reclaim  dump=0.80  TP 3.00 SL 1.50  4h  n=9  W/L/T=4/4/1  res=50.0  be=37.8  net=$56.37
2026-09-19 19:01:21  INFO     ARBUSDT  dump_reclaim  dump=0.80  TP 3.00 SL 1.50  8h  n=9  W/L/T=4/4/1  res=50.0  be=37.8  net=$53.49
2026-09-19 19:01:21  INFO     ARBUSDT  dump_reclaim  dump=0.80  TP 3.00 SL 1.50  12h  n=9  W/L/T=5/4/0  res=55.6  be=37.8  net=$72.00
2026-09-19 19:01:21  INFO     ARBUSDT  dump_reclaim  dump=1.20  TP 1.50 SL 1.00  4h  n=7  W/L/T=2/5/0  res=28.6  be=48.0  net=$-34.00
2026-09-19 19:01:21  INFO     ARBUSDT  dump_reclaim  dump=1.20  TP 1.50 SL 1.00  8h  n=7  W/L/T=2/5/0  res=28.6  be=48.0  net=$-34.00
2026-09-19 19:01:21  INFO     ARBUSDT  dump_reclaim  dump=1.20  TP 1.50 SL 1.00  12h  n=7  W/L/T=2/5/0  res=28.6  be=48.0  net=$-34.00
2026-09-19 19:01:21  INFO     ARBUSDT  dump_reclaim  dump=1.20  TP 2.00 SL 1.00  4h  n=7  W/L/T=1/6/0  res=14.3  be=40.0  net=$-54.00
2026-09-19 19:01:21  INFO     ARBUSDT  dump_reclaim  dump=1.20  TP 2.00 SL 1.00  8h  n=7  W/L/T=1/6/0  res=14.3  be=40.0  net=$-54.00
2026-09-19 19:01:21  INFO     ARBUSDT  dump_reclaim  dump=1.20  TP 2.00 SL 1.00  12h  n=7  W/L/T=1/6/0  res=14.3  be=40.0  net=$-54.00
2026-09-19 19:01:21  INFO     ARBUSDT  dump_reclaim  dump=1.20  TP 2.00 SL 1.50  4h  n=7  W/L/T=3/4/0  res=42.9  be=48.6  net=$-14.00
2026-09-19 19:01:21  INFO     ARBUSDT  dump_reclaim  dump=1.20  TP 2.00 SL 1.50  8h  n=7  W/L/T=3/4/0  res=42.9  be=48.6  net=$-14.00
2026-09-19 19:01:21  INFO     ARBUSDT  dump_reclaim  dump=1.20  TP 2.00 SL 1.50  12h  n=7  W/L/T=3/4/0  res=42.9  be=48.6  net=$-14.00
2026-09-19 19:01:21  INFO     ARBUSDT  dump_reclaim  dump=1.20  TP 2.50 SL 1.20  4h  n=6  W/L/T=3/3/0  res=50.0  be=37.8  net=$27.00
2026-09-19 19:01:21  INFO     ARBUSDT  dump_reclaim  dump=1.20  TP 2.50 SL 1.20  8h  n=6  W/L/T=3/3/0  res=50.0  be=37.8  net=$27.00
2026-09-19 19:01:21  INFO     ARBUSDT  dump_reclaim  dump=1.20  TP 2.50 SL 1.20  12h  n=6  W/L/T=3/3/0  res=50.0  be=37.8  net=$27.00
2026-09-19 19:01:21  INFO     ARBUSDT  dump_reclaim  dump=1.20  TP 3.00 SL 1.50  4h  n=6  W/L/T=2/3/1  res=40.0  be=37.8  net=$17.37
2026-09-19 19:01:21  INFO     ARBUSDT  dump_reclaim  dump=1.20  TP 3.00 SL 1.50  8h  n=6  W/L/T=2/3/1  res=40.0  be=37.8  net=$14.49
2026-09-19 19:01:21  INFO     ARBUSDT  dump_reclaim  dump=1.20  TP 3.00 SL 1.50  12h  n=6  W/L/T=3/3/0  res=50.0  be=37.8  net=$33.00
2026-09-19 19:01:21  INFO     ARBUSDT  dump_reclaim  dump=1.50  TP 1.50 SL 1.00  4h  n=1  W/L/T=1/0/0  res=100.0  be=48.0  net=$13.00
2026-09-19 19:01:21  INFO     ARBUSDT  dump_reclaim  dump=1.50  TP 1.50 SL 1.00  8h  n=1  W/L/T=1/0/0  res=100.0  be=48.0  net=$13.00
2026-09-19 19:01:21  INFO     ARBUSDT  dump_reclaim  dump=1.50  TP 1.50 SL 1.00  12h  n=1  W/L/T=1/0/0  res=100.0  be=48.0  net=$13.00
2026-09-19 19:01:21  INFO     ARBUSDT  dump_reclaim  dump=1.50  TP 2.00 SL 1.00  4h  n=1  W/L/T=0/1/0  res=0.0  be=40.0  net=$-12.00
2026-09-19 19:01:21  INFO     ARBUSDT  dump_reclaim  dump=1.50  TP 2.00 SL 1.00  8h  n=1  W/L/T=0/1/0  res=0.0  be=40.0  net=$-12.00
2026-09-19 19:01:21  INFO     ARBUSDT  dump_reclaim  dump=1.50  TP 2.00 SL 1.00  12h  n=1  W/L/T=0/1/0  res=0.0  be=40.0  net=$-12.00
2026-09-19 19:01:21  INFO     ARBUSDT  dump_reclaim  dump=1.50  TP 2.00 SL 1.50  4h  n=1  W/L/T=0/1/0  res=0.0  be=48.6  net=$-17.00
2026-09-19 19:01:21  INFO     ARBUSDT  dump_reclaim  dump=1.50  TP 2.00 SL 1.50  8h  n=1  W/L/T=0/1/0  res=0.0  be=48.6  net=$-17.00
2026-09-19 19:01:21  INFO     ARBUSDT  dump_reclaim  dump=1.50  TP 2.00 SL 1.50  12h  n=1  W/L/T=0/1/0  res=0.0  be=48.6  net=$-17.00
2026-09-19 19:01:21  INFO     ARBUSDT  dump_reclaim  dump=1.50  TP 2.50 SL 1.20  4h  n=1  W/L/T=0/1/0  res=0.0  be=37.8  net=$-14.00
2026-09-19 19:01:21  INFO     ARBUSDT  dump_reclaim  dump=1.50  TP 2.50 SL 1.20  8h  n=1  W/L/T=0/1/0  res=0.0  be=37.8  net=$-14.00
2026-09-19 19:01:21  INFO     ARBUSDT  dump_reclaim  dump=1.50  TP 2.50 SL 1.20  12h  n=1  W/L/T=0/1/0  res=0.0  be=37.8  net=$-14.00
2026-09-19 19:01:21  INFO     ARBUSDT  dump_reclaim  dump=1.50  TP 3.00 SL 1.50  4h  n=1  W/L/T=0/1/0  res=0.0  be=37.8  net=$-17.00
2026-09-19 19:01:21  INFO     ARBUSDT  dump_reclaim  dump=1.50  TP 3.00 SL 1.50  8h  n=1  W/L/T=0/1/0  res=0.0  be=37.8  net=$-17.00
2026-09-19 19:01:21  INFO     ARBUSDT  dump_reclaim  dump=1.50  TP 3.00 SL 1.50  12h  n=1  W/L/T=0/1/0  res=0.0  be=37.8  net=$-17.00
2026-09-19 19:01:21  INFO     ATOMUSDT: ATOMUSDT_1m_1789038480000_1789643280000.json
2026-09-19 19:01:22  INFO     ATOMUSDT: 10,081 1-minute bars
2026-09-19 19:01:22  INFO     ATOMUSDT  always_in_15m  dump=0.00  TP 1.50 SL 1.00  4h  n=70  W/L/T=15/38/17  res=28.3  be=48.0  net=$-285.34
2026-09-19 19:01:22  INFO     ATOMUSDT  always_in_15m  dump=0.00  TP 1.50 SL 1.00  8h  n=65  W/L/T=19/41/5  res=31.7  be=48.0  net=$-246.58
2026-09-19 19:01:22  INFO     ATOMUSDT  always_in_15m  dump=0.00  TP 1.50 SL 1.00  12h  n=62  W/L/T=20/41/1  res=32.8  be=48.0  net=$-241.80
2026-09-19 19:01:22  INFO     ATOMUSDT  always_in_15m  dump=0.00  TP 2.00 SL 1.00  4h  n=64  W/L/T=9/37/18  res=19.6  be=40.0  net=$-280.15
2026-09-19 19:01:22  INFO     ATOMUSDT  always_in_15m  dump=0.00  TP 2.00 SL 1.00  8h  n=51  W/L/T=11/33/7  res=25.0  be=40.0  net=$-215.79
2026-09-19 19:01:22  INFO     ATOMUSDT  always_in_15m  dump=0.00  TP 2.00 SL 1.00  12h  n=48  W/L/T=10/35/3  res=22.2  be=40.0  net=$-230.49
2026-09-19 19:01:22  INFO     ATOMUSDT  always_in_15m  dump=0.00  TP 2.00 SL 1.50  4h  n=49  W/L/T=7/17/25  res=29.2  be=48.6  net=$-232.11
2026-09-19 19:01:22  INFO     ATOMUSDT  always_in_15m  dump=0.00  TP 2.00 SL 1.50  8h  n=35  W/L/T=8/19/8  res=29.6  be=48.6  net=$-210.04
2026-09-19 19:01:22  INFO     ATOMUSDT  always_in_15m  dump=0.00  TP 2.00 SL 1.50  12h  n=34  W/L/T=10/21/3  res=32.3  be=48.6  net=$-197.96
2026-09-19 19:01:22  INFO     ATOMUSDT  always_in_15m  dump=0.00  TP 2.50 SL 1.20  4h  n=52  W/L/T=2/25/25  res=7.4  be=37.8  net=$-266.32
2026-09-19 19:01:22  INFO     ATOMUSDT  always_in_15m  dump=0.00  TP 2.50 SL 1.20  8h  n=39  W/L/T=4/27/8  res=12.9  be=37.8  net=$-260.17
2026-09-19 19:01:22  INFO     ATOMUSDT  always_in_15m  dump=0.00  TP 2.50 SL 1.20  12h  n=36  W/L/T=4/26/6  res=13.3  be=37.8  net=$-239.92
2026-09-19 19:01:22  INFO     ATOMUSDT  always_in_15m  dump=0.00  TP 3.00 SL 1.50  4h  n=46  W/L/T=2/17/27  res=10.5  be=37.8  net=$-255.39
2026-09-19 19:01:22  INFO     ATOMUSDT  always_in_15m  dump=0.00  TP 3.00 SL 1.50  8h  n=30  W/L/T=2/17/11  res=10.5  be=37.8  net=$-224.46
2026-09-19 19:01:22  INFO     ATOMUSDT  always_in_15m  dump=0.00  TP 3.00 SL 1.50  12h  n=27  W/L/T=3/18/6  res=14.3  be=37.8  net=$-228.27
2026-09-19 19:01:22  INFO     ATOMUSDT  dump_reclaim  dump=0.80  TP 1.50 SL 1.00  4h  n=2  W/L/T=1/1/0  res=50.0  be=48.0  net=$1.00
2026-09-19 19:01:22  INFO     ATOMUSDT  dump_reclaim  dump=0.80  TP 1.50 SL 1.00  8h  n=2  W/L/T=1/1/0  res=50.0  be=48.0  net=$1.00
2026-09-19 19:01:22  INFO     ATOMUSDT  dump_reclaim  dump=0.80  TP 1.50 SL 1.00  12h  n=2  W/L/T=1/1/0  res=50.0  be=48.0  net=$1.00
2026-09-19 19:01:22  INFO     ATOMUSDT  dump_reclaim  dump=0.80  TP 2.00 SL 1.00  4h  n=1  W/L/T=0/1/0  res=0.0  be=40.0  net=$-12.00
2026-09-19 19:01:22  INFO     ATOMUSDT  dump_reclaim  dump=0.80  TP 2.00 SL 1.00  8h  n=1  W/L/T=0/1/0  res=0.0  be=40.0  net=$-12.00
2026-09-19 19:01:22  INFO     ATOMUSDT  dump_reclaim  dump=0.80  TP 2.00 SL 1.00  12h  n=1  W/L/T=0/1/0  res=0.0  be=40.0  net=$-12.00
2026-09-19 19:01:22  INFO     ATOMUSDT  dump_reclaim  dump=0.80  TP 2.00 SL 1.50  4h  n=1  W/L/T=0/1/0  res=0.0  be=48.6  net=$-17.00
2026-09-19 19:01:22  INFO     ATOMUSDT  dump_reclaim  dump=0.80  TP 2.00 SL 1.50  8h  n=1  W/L/T=0/1/0  res=0.0  be=48.6  net=$-17.00
2026-09-19 19:01:22  INFO     ATOMUSDT  dump_reclaim  dump=0.80  TP 2.00 SL 1.50  12h  n=1  W/L/T=0/1/0  res=0.0  be=48.6  net=$-17.00
2026-09-19 19:01:22  INFO     ATOMUSDT  dump_reclaim  dump=0.80  TP 2.50 SL 1.20  4h  n=1  W/L/T=0/1/0  res=0.0  be=37.8  net=$-14.00
2026-09-19 19:01:22  INFO     ATOMUSDT  dump_reclaim  dump=0.80  TP 2.50 SL 1.20  8h  n=1  W/L/T=0/1/0  res=0.0  be=37.8  net=$-14.00
2026-09-19 19:01:22  INFO     ATOMUSDT  dump_reclaim  dump=0.80  TP 2.50 SL 1.20  12h  n=1  W/L/T=0/1/0  res=0.0  be=37.8  net=$-14.00
2026-09-19 19:01:22  INFO     ATOMUSDT  dump_reclaim  dump=0.80  TP 3.00 SL 1.50  4h  n=1  W/L/T=0/1/0  res=0.0  be=37.8  net=$-17.00
2026-09-19 19:01:22  INFO     ATOMUSDT  dump_reclaim  dump=0.80  TP 3.00 SL 1.50  8h  n=1  W/L/T=0/1/0  res=0.0  be=37.8  net=$-17.00
2026-09-19 19:01:22  INFO     ATOMUSDT  dump_reclaim  dump=0.80  TP 3.00 SL 1.50  12h  n=1  W/L/T=0/1/0  res=0.0  be=37.8  net=$-17.00
2026-09-19 19:01:22  INFO     ATOMUSDT  dump_reclaim  dump=1.20  TP 1.50 SL 1.00  4h  n=0  W/L/T=0/0/0  res=-1.0  be=48.0  net=$0.00
2026-09-19 19:01:22  INFO     ATOMUSDT  dump_reclaim  dump=1.20  TP 1.50 SL 1.00  8h  n=0  W/L/T=0/0/0  res=-1.0  be=48.0  net=$0.00
2026-09-19 19:01:22  INFO     ATOMUSDT  dump_reclaim  dump=1.20  TP 1.50 SL 1.00  12h  n=0  W/L/T=0/0/0  res=-1.0  be=48.0  net=$0.00
2026-09-19 19:01:22  INFO     ATOMUSDT  dump_reclaim  dump=1.20  TP 2.00 SL 1.00  4h  n=0  W/L/T=0/0/0  res=-1.0  be=40.0  net=$0.00
2026-09-19 19:01:22  INFO     ATOMUSDT  dump_reclaim  dump=1.20  TP 2.00 SL 1.00  8h  n=0  W/L/T=0/0/0  res=-1.0  be=40.0  net=$0.00
2026-09-19 19:01:22  INFO     ATOMUSDT  dump_reclaim  dump=1.20  TP 2.00 SL 1.00  12h  n=0  W/L/T=0/0/0  res=-1.0  be=40.0  net=$0.00
2026-09-19 19:01:22  INFO     ATOMUSDT  dump_reclaim  dump=1.20  TP 2.00 SL 1.50  4h  n=0  W/L/T=0/0/0  res=-1.0  be=48.6  net=$0.00
2026-09-19 19:01:22  INFO     ATOMUSDT  dump_reclaim  dump=1.20  TP 2.00 SL 1.50  8h  n=0  W/L/T=0/0/0  res=-1.0  be=48.6  net=$0.00
2026-09-19 19:01:22  INFO     ATOMUSDT  dump_reclaim  dump=1.20  TP 2.00 SL 1.50  12h  n=0  W/L/T=0/0/0  res=-1.0  be=48.6  net=$0.00
2026-09-19 19:01:22  INFO     ATOMUSDT  dump_reclaim  dump=1.20  TP 2.50 SL 1.20  4h  n=0  W/L/T=0/0/0  res=-1.0  be=37.8  net=$0.00
2026-09-19 19:01:22  INFO     ATOMUSDT  dump_reclaim  dump=1.20  TP 2.50 SL 1.20  8h  n=0  W/L/T=0/0/0  res=-1.0  be=37.8  net=$0.00
2026-09-19 19:01:22  INFO     ATOMUSDT  dump_reclaim  dump=1.20  TP 2.50 SL 1.20  12h  n=0  W/L/T=0/0/0  res=-1.0  be=37.8  net=$0.00
2026-09-19 19:01:22  INFO     ATOMUSDT  dump_reclaim  dump=1.20  TP 3.00 SL 1.50  4h  n=0  W/L/T=0/0/0  res=-1.0  be=37.8  net=$0.00
2026-09-19 19:01:22  INFO     ATOMUSDT  dump_reclaim  dump=1.20  TP 3.00 SL 1.50  8h  n=0  W/L/T=0/0/0  res=-1.0  be=37.8  net=$0.00
2026-09-19 19:01:22  INFO     ATOMUSDT  dump_reclaim  dump=1.20  TP 3.00 SL 1.50  12h  n=0  W/L/T=0/0/0  res=-1.0  be=37.8  net=$0.00
2026-09-19 19:01:22  INFO     ATOMUSDT  dump_reclaim  dump=1.50  TP 1.50 SL 1.00  4h  n=0  W/L/T=0/0/0  res=-1.0  be=48.0  net=$0.00
2026-09-19 19:01:22  INFO     ATOMUSDT  dump_reclaim  dump=1.50  TP 1.50 SL 1.00  8h  n=0  W/L/T=0/0/0  res=-1.0  be=48.0  net=$0.00
2026-09-19 19:01:22  INFO     ATOMUSDT  dump_reclaim  dump=1.50  TP 1.50 SL 1.00  12h  n=0  W/L/T=0/0/0  res=-1.0  be=48.0  net=$0.00
2026-09-19 19:01:22  INFO     ATOMUSDT  dump_reclaim  dump=1.50  TP 2.00 SL 1.00  4h  n=0  W/L/T=0/0/0  res=-1.0  be=40.0  net=$0.00
2026-09-19 19:01:22  INFO     ATOMUSDT  dump_reclaim  dump=1.50  TP 2.00 SL 1.00  8h  n=0  W/L/T=0/0/0  res=-1.0  be=40.0  net=$0.00
2026-09-19 19:01:22  INFO     ATOMUSDT  dump_reclaim  dump=1.50  TP 2.00 SL 1.00  12h  n=0  W/L/T=0/0/0  res=-1.0  be=40.0  net=$0.00
2026-09-19 19:01:22  INFO     ATOMUSDT  dump_reclaim  dump=1.50  TP 2.00 SL 1.50  4h  n=0  W/L/T=0/0/0  res=-1.0  be=48.6  net=$0.00
2026-09-19 19:01:22  INFO     ATOMUSDT  dump_reclaim  dump=1.50  TP 2.00 SL 1.50  8h  n=0  W/L/T=0/0/0  res=-1.0  be=48.6  net=$0.00
2026-09-19 19:01:22  INFO     ATOMUSDT  dump_reclaim  dump=1.50  TP 2.00 SL 1.50  12h  n=0  W/L/T=0/0/0  res=-1.0  be=48.6  net=$0.00
2026-09-19 19:01:22  INFO     ATOMUSDT  dump_reclaim  dump=1.50  TP 2.50 SL 1.20  4h  n=0  W/L/T=0/0/0  res=-1.0  be=37.8  net=$0.00
2026-09-19 19:01:22  INFO     ATOMUSDT  dump_reclaim  dump=1.50  TP 2.50 SL 1.20  8h  n=0  W/L/T=0/0/0  res=-1.0  be=37.8  net=$0.00
2026-09-19 19:01:22  INFO     ATOMUSDT  dump_reclaim  dump=1.50  TP 2.50 SL 1.20  12h  n=0  W/L/T=0/0/0  res=-1.0  be=37.8  net=$0.00
2026-09-19 19:01:22  INFO     ATOMUSDT  dump_reclaim  dump=1.50  TP 3.00 SL 1.50  4h  n=0  W/L/T=0/0/0  res=-1.0  be=37.8  net=$0.00
2026-09-19 19:01:22  INFO     ATOMUSDT  dump_reclaim  dump=1.50  TP 3.00 SL 1.50  8h  n=0  W/L/T=0/0/0  res=-1.0  be=37.8  net=$0.00
2026-09-19 19:01:22  INFO     ATOMUSDT  dump_reclaim  dump=1.50  TP 3.00 SL 1.50  12h  n=0  W/L/T=0/0/0  res=-1.0  be=37.8  net=$0.00
2026-09-19 19:01:22  INFO     AVAXUSDT: AVAXUSDT_1m_1789038480000_1789643280000.json
2026-09-19 19:01:22  INFO     AVAXUSDT: 10,081 1-minute bars
2026-09-19 19:01:22  INFO     AVAXUSDT  always_in_15m  dump=0.00  TP 1.50 SL 1.00  4h  n=55  W/L/T=12/20/23  res=37.5  be=48.0  net=$-94.10
2026-09-19 19:01:22  INFO     AVAXUSDT  always_in_15m  dump=0.00  TP 1.50 SL 1.00  8h  n=40  W/L/T=12/19/9  res=38.7  be=48.0  net=$-75.42
2026-09-19 19:01:22  INFO     AVAXUSDT  always_in_15m  dump=0.00  TP 1.50 SL 1.00  12h  n=41  W/L/T=15/22/4  res=40.5  be=48.0  net=$-79.14
2026-09-19 19:01:22  INFO     AVAXUSDT  always_in_15m  dump=0.00  TP 2.00 SL 1.00  4h  n=49  W/L/T=5/18/26  res=21.7  be=40.0  net=$-90.41
2026-09-19 19:01:22  INFO     AVAXUSDT  always_in_15m  dump=0.00  TP 2.00 SL 1.00  8h  n=36  W/L/T=7/18/11  res=28.0  be=40.0  net=$-76.44
2026-09-19 19:01:22  INFO     AVAXUSDT  always_in_15m  dump=0.00  TP 2.00 SL 1.00  12h  n=30  W/L/T=9/17/4  res=34.6  be=40.0  net=$-52.14
2026-09-19 19:01:22  INFO     AVAXUSDT  always_in_15m  dump=0.00  TP 2.00 SL 1.50  4h  n=45  W/L/T=5/10/30  res=33.3  be=48.6  net=$-91.06
2026-09-19 19:01:22  INFO     AVAXUSDT  always_in_15m  dump=0.00  TP 2.00 SL 1.50  8h  n=31  W/L/T=5/13/13  res=27.8  be=48.6  net=$-104.94
2026-09-19 19:01:22  INFO     AVAXUSDT  always_in_15m  dump=0.00  TP 2.00 SL 1.50  12h  n=24  W/L/T=7/11/6  res=38.9  be=48.6  net=$-61.04
2026-09-19 19:01:22  INFO     AVAXUSDT  always_in_15m  dump=0.00  TP 2.50 SL 1.20  4h  n=47  W/L/T=4/13/30  res=23.5  be=37.8  net=$-68.22
2026-09-19 19:01:22  INFO     AVAXUSDT  always_in_15m  dump=0.00  TP 2.50 SL 1.20  8h  n=33  W/L/T=5/16/12  res=23.8  be=37.8  net=$-70.91
2026-09-19 19:01:22  INFO     AVAXUSDT  always_in_15m  dump=0.00  TP 2.50 SL 1.20  12h  n=24  W/L/T=5/13/6  res=27.8  be=37.8  net=$-40.91
2026-09-19 19:01:22  INFO     AVAXUSDT  always_in_15m  dump=0.00  TP 3.00 SL 1.50  4h  n=43  W/L/T=1/9/33  res=10.0  be=37.8  net=$-72.83
2026-09-19 19:01:23  INFO     AVAXUSDT  always_in_15m  dump=0.00  TP 3.00 SL 1.50  8h  n=28  W/L/T=3/12/13  res=20.0  be=37.8  net=$-94.08
2026-09-19 19:01:23  INFO     AVAXUSDT  always_in_15m  dump=0.00  TP 3.00 SL 1.50  12h  n=22  W/L/T=4/10/8  res=28.6  be=37.8  net=$-28.96
2026-09-19 19:01:23  INFO     AVAXUSDT  dump_reclaim  dump=0.80  TP 1.50 SL 1.00  4h  n=1  W/L/T=0/1/0  res=0.0  be=48.0  net=$-12.00
2026-09-19 19:01:23  INFO     AVAXUSDT  dump_reclaim  dump=0.80  TP 1.50 SL 1.00  8h  n=1  W/L/T=0/1/0  res=0.0  be=48.0  net=$-12.00
2026-09-19 19:01:23  INFO     AVAXUSDT  dump_reclaim  dump=0.80  TP 1.50 SL 1.00  12h  n=1  W/L/T=0/1/0  res=0.0  be=48.0  net=$-12.00
2026-09-19 19:01:23  INFO     AVAXUSDT  dump_reclaim  dump=0.80  TP 2.00 SL 1.00  4h  n=0  W/L/T=0/0/0  res=-1.0  be=40.0  net=$0.00
2026-09-19 19:01:23  INFO     AVAXUSDT  dump_reclaim  dump=0.80  TP 2.00 SL 1.00  8h  n=0  W/L/T=0/0/0  res=-1.0  be=40.0  net=$0.00
2026-09-19 19:01:23  INFO     AVAXUSDT  dump_reclaim  dump=0.80  TP 2.00 SL 1.00  12h  n=0  W/L/T=0/0/0  res=-1.0  be=40.0  net=$0.00
2026-09-19 19:01:23  INFO     AVAXUSDT  dump_reclaim  dump=0.80  TP 2.00 SL 1.50  4h  n=0  W/L/T=0/0/0  res=-1.0  be=48.6  net=$0.00
2026-09-19 19:01:23  INFO     AVAXUSDT  dump_reclaim  dump=0.80  TP 2.00 SL 1.50  8h  n=0  W/L/T=0/0/0  res=-1.0  be=48.6  net=$0.00
2026-09-19 19:01:23  INFO     AVAXUSDT  dump_reclaim  dump=0.80  TP 2.00 SL 1.50  12h  n=0  W/L/T=0/0/0  res=-1.0  be=48.6  net=$0.00
2026-09-19 19:01:23  INFO     AVAXUSDT  dump_reclaim  dump=0.80  TP 2.50 SL 1.20  4h  n=0  W/L/T=0/0/0  res=-1.0  be=37.8  net=$0.00
2026-09-19 19:01:23  INFO     AVAXUSDT  dump_reclaim  dump=0.80  TP 2.50 SL 1.20  8h  n=0  W/L/T=0/0/0  res=-1.0  be=37.8  net=$0.00
2026-09-19 19:01:23  INFO     AVAXUSDT  dump_reclaim  dump=0.80  TP 2.50 SL 1.20  12h  n=0  W/L/T=0/0/0  res=-1.0  be=37.8  net=$0.00
2026-09-19 19:01:23  INFO     AVAXUSDT  dump_reclaim  dump=0.80  TP 3.00 SL 1.50  4h  n=0  W/L/T=0/0/0  res=-1.0  be=37.8  net=$0.00
2026-09-19 19:01:23  INFO     AVAXUSDT  dump_reclaim  dump=0.80  TP 3.00 SL 1.50  8h  n=0  W/L/T=0/0/0  res=-1.0  be=37.8  net=$0.00
2026-09-19 19:01:23  INFO     AVAXUSDT  dump_reclaim  dump=0.80  TP 3.00 SL 1.50  12h  n=0  W/L/T=0/0/0  res=-1.0  be=37.8  net=$0.00
2026-09-19 19:01:23  INFO     AVAXUSDT  dump_reclaim  dump=1.20  TP 1.50 SL 1.00  4h  n=0  W/L/T=0/0/0  res=-1.0  be=48.0  net=$0.00
2026-09-19 19:01:23  INFO     AVAXUSDT  dump_reclaim  dump=1.20  TP 1.50 SL 1.00  8h  n=0  W/L/T=0/0/0  res=-1.0  be=48.0  net=$0.00
2026-09-19 19:01:23  INFO     AVAXUSDT  dump_reclaim  dump=1.20  TP 1.50 SL 1.00  12h  n=0  W/L/T=0/0/0  res=-1.0  be=48.0  net=$0.00
2026-09-19 19:01:23  INFO     AVAXUSDT  dump_reclaim  dump=1.20  TP 2.00 SL 1.00  4h  n=0  W/L/T=0/0/0  res=-1.0  be=40.0  net=$0.00
2026-09-19 19:01:23  INFO     AVAXUSDT  dump_reclaim  dump=1.20  TP 2.00 SL 1.00  8h  n=0  W/L/T=0/0/0  res=-1.0  be=40.0  net=$0.00
2026-09-19 19:01:23  INFO     AVAXUSDT  dump_reclaim  dump=1.20  TP 2.00 SL 1.00  12h  n=0  W/L/T=0/0/0  res=-1.0  be=40.0  net=$0.00
2026-09-19 19:01:23  INFO     AVAXUSDT  dump_reclaim  dump=1.20  TP 2.00 SL 1.50  4h  n=0  W/L/T=0/0/0  res=-1.0  be=48.6  net=$0.00
2026-09-19 19:01:23  INFO     AVAXUSDT  dump_reclaim  dump=1.20  TP 2.00 SL 1.50  8h  n=0  W/L/T=0/0/0  res=-1.0  be=48.6  net=$0.00
2026-09-19 19:01:23  INFO     AVAXUSDT  dump_reclaim  dump=1.20  TP 2.00 SL 1.50  12h  n=0  W/L/T=0/0/0  res=-1.0  be=48.6  net=$0.00
2026-09-19 19:01:23  INFO     AVAXUSDT  dump_reclaim  dump=1.20  TP 2.50 SL 1.20  4h  n=0  W/L/T=0/0/0  res=-1.0  be=37.8  net=$0.00
2026-09-19 19:01:23  INFO     AVAXUSDT  dump_reclaim  dump=1.20  TP 2.50 SL 1.20  8h  n=0  W/L/T=0/0/0  res=-1.0  be=37.8  net=$0.00
2026-09-19 19:01:23  INFO     AVAXUSDT  dump_reclaim  dump=1.20  TP 2.50 SL 1.20  12h  n=0  W/L/T=0/0/0  res=-1.0  be=37.8  net=$0.00
2026-09-19 19:01:23  INFO     AVAXUSDT  dump_reclaim  dump=1.20  TP 3.00 SL 1.50  4h  n=0  W/L/T=0/0/0  res=-1.0  be=37.8  net=$0.00
2026-09-19 19:01:23  INFO     AVAXUSDT  dump_reclaim  dump=1.20  TP 3.00 SL 1.50  8h  n=0  W/L/T=0/0/0  res=-1.0  be=37.8  net=$0.00
2026-09-19 19:01:23  INFO     AVAXUSDT  dump_reclaim  dump=1.20  TP 3.00 SL 1.50  12h  n=0  W/L/T=0/0/0  res=-1.0  be=37.8  net=$0.00
2026-09-19 19:01:23  INFO     AVAXUSDT  dump_reclaim  dump=1.50  TP 1.50 SL 1.00  4h  n=0  W/L/T=0/0/0  res=-1.0  be=48.0  net=$0.00
2026-09-19 19:01:23  INFO     AVAXUSDT  dump_reclaim  dump=1.50  TP 1.50 SL 1.00  8h  n=0  W/L/T=0/0/0  res=-1.0  be=48.0  net=$0.00
2026-09-19 19:01:23  INFO     AVAXUSDT  dump_reclaim  dump=1.50  TP 1.50 SL 1.00  12h  n=0  W/L/T=0/0/0  res=-1.0  be=48.0  net=$0.00
2026-09-19 19:01:23  INFO     AVAXUSDT  dump_reclaim  dump=1.50  TP 2.00 SL 1.00  4h  n=0  W/L/T=0/0/0  res=-1.0  be=40.0  net=$0.00
2026-09-19 19:01:23  INFO     AVAXUSDT  dump_reclaim  dump=1.50  TP 2.00 SL 1.00  8h  n=0  W/L/T=0/0/0  res=-1.0  be=40.0  net=$0.00
2026-09-19 19:01:23  INFO     AVAXUSDT  dump_reclaim  dump=1.50  TP 2.00 SL 1.00  12h  n=0  W/L/T=0/0/0  res=-1.0  be=40.0  net=$0.00
2026-09-19 19:01:23  INFO     AVAXUSDT  dump_reclaim  dump=1.50  TP 2.00 SL 1.50  4h  n=0  W/L/T=0/0/0  res=-1.0  be=48.6  net=$0.00
2026-09-19 19:01:23  INFO     AVAXUSDT  dump_reclaim  dump=1.50  TP 2.00 SL 1.50  8h  n=0  W/L/T=0/0/0  res=-1.0  be=48.6  net=$0.00
2026-09-19 19:01:23  INFO     AVAXUSDT  dump_reclaim  dump=1.50  TP 2.00 SL 1.50  12h  n=0  W/L/T=0/0/0  res=-1.0  be=48.6  net=$0.00
2026-09-19 19:01:23  INFO     AVAXUSDT  dump_reclaim  dump=1.50  TP 2.50 SL 1.20  4h  n=0  W/L/T=0/0/0  res=-1.0  be=37.8  net=$0.00
2026-09-19 19:01:23  INFO     AVAXUSDT  dump_reclaim  dump=1.50  TP 2.50 SL 1.20  8h  n=0  W/L/T=0/0/0  res=-1.0  be=37.8  net=$0.00
2026-09-19 19:01:23  INFO     AVAXUSDT  dump_reclaim  dump=1.50  TP 2.50 SL 1.20  12h  n=0  W/L/T=0/0/0  res=-1.0  be=37.8  net=$0.00
2026-09-19 19:01:23  INFO     AVAXUSDT  dump_reclaim  dump=1.50  TP 3.00 SL 1.50  4h  n=0  W/L/T=0/0/0  res=-1.0  be=37.8  net=$0.00
2026-09-19 19:01:23  INFO     AVAXUSDT  dump_reclaim  dump=1.50  TP 3.00 SL 1.50  8h  n=0  W/L/T=0/0/0  res=-1.0  be=37.8  net=$0.00
2026-09-19 19:01:23  INFO     AVAXUSDT  dump_reclaim  dump=1.50  TP 3.00 SL 1.50  12h  n=0  W/L/T=0/0/0  res=-1.0  be=37.8  net=$0.00
2026-09-19 19:01:23  INFO     BCHUSDT: BCHUSDT_1m_1789038480000_1789643280000.json
2026-09-19 19:01:23  INFO     BCHUSDT: 10,081 1-minute bars
2026-09-19 19:01:23  INFO     BCHUSDT  always_in_15m  dump=0.00  TP 1.50 SL 1.00  4h  n=57  W/L/T=11/23/23  res=32.4  be=48.0  net=$-124.77
2026-09-19 19:01:23  INFO     BCHUSDT  always_in_15m  dump=0.00  TP 1.50 SL 1.00  8h  n=49  W/L/T=15/27/7  res=35.7  be=48.0  net=$-115.31
2026-09-19 19:01:23  INFO     BCHUSDT  always_in_15m  dump=0.00  TP 1.50 SL 1.00  12h  n=46  W/L/T=17/26/3  res=39.5  be=48.0  net=$-92.69
2026-09-19 19:01:23  INFO     BCHUSDT  always_in_15m  dump=0.00  TP 2.00 SL 1.00  4h  n=54  W/L/T=6/21/27  res=22.2  be=40.0  net=$-126.71
2026-09-19 19:01:23  INFO     BCHUSDT  always_in_15m  dump=0.00  TP 2.00 SL 1.00  8h  n=43  W/L/T=9/24/10  res=27.3  be=40.0  net=$-106.16
2026-09-19 19:01:23  INFO     BCHUSDT  always_in_15m  dump=0.00  TP 2.00 SL 1.00  12h  n=40  W/L/T=10/25/5  res=28.6  be=40.0  net=$-115.03
2026-09-19 19:01:23  INFO     BCHUSDT  always_in_15m  dump=0.00  TP 2.00 SL 1.50  4h  n=47  W/L/T=6/13/28  res=31.6  be=48.6  net=$-136.25
2026-09-19 19:01:23  INFO     BCHUSDT  always_in_15m  dump=0.00  TP 2.00 SL 1.50  8h  n=33  W/L/T=8/14/11  res=36.4  be=48.6  net=$-95.97
2026-09-19 19:01:23  INFO     BCHUSDT  always_in_15m  dump=0.00  TP 2.00 SL 1.50  12h  n=27  W/L/T=8/12/7  res=40.0  be=48.6  net=$-86.77
2026-09-19 19:01:23  INFO     BCHUSDT  always_in_15m  dump=0.00  TP 2.50 SL 1.20  4h  n=48  W/L/T=2/16/30  res=11.1  be=37.8  net=$-144.87
2026-09-19 19:01:23  INFO     BCHUSDT  always_in_15m  dump=0.00  TP 2.50 SL 1.20  8h  n=33  W/L/T=5/18/10  res=21.7  be=37.8  net=$-92.54
2026-09-19 19:01:23  INFO     BCHUSDT  always_in_15m  dump=0.00  TP 2.50 SL 1.20  12h  n=29  W/L/T=6/17/6  res=26.1  be=37.8  net=$-84.09
2026-09-19 19:01:23  INFO     BCHUSDT  always_in_15m  dump=0.00  TP 3.00 SL 1.50  4h  n=44  W/L/T=1/13/30  res=7.1  be=37.8  net=$-145.59
2026-09-19 19:01:23  INFO     BCHUSDT  always_in_15m  dump=0.00  TP 3.00 SL 1.50  8h  n=30  W/L/T=3/15/12  res=16.7  be=37.8  net=$-119.40
2026-09-19 19:01:23  INFO     BCHUSDT  always_in_15m  dump=0.00  TP 3.00 SL 1.50  12h  n=20  W/L/T=2/9/9  res=18.2  be=37.8  net=$-89.85
2026-09-19 19:01:23  INFO     BCHUSDT  dump_reclaim  dump=0.80  TP 1.50 SL 1.00  4h  n=1  W/L/T=1/0/0  res=100.0  be=48.0  net=$13.00
2026-09-19 19:01:23  INFO     BCHUSDT  dump_reclaim  dump=0.80  TP 1.50 SL 1.00  8h  n=1  W/L/T=1/0/0  res=100.0  be=48.0  net=$13.00
2026-09-19 19:01:23  INFO     BCHUSDT  dump_reclaim  dump=0.80  TP 1.50 SL 1.00  12h  n=1  W/L/T=1/0/0  res=100.0  be=48.0  net=$13.00
2026-09-19 19:01:23  INFO     BCHUSDT  dump_reclaim  dump=0.80  TP 2.00 SL 1.00  4h  n=1  W/L/T=0/1/0  res=0.0  be=40.0  net=$-12.00
2026-09-19 19:01:23  INFO     BCHUSDT  dump_reclaim  dump=0.80  TP 2.00 SL 1.00  8h  n=1  W/L/T=0/1/0  res=0.0  be=40.0  net=$-12.00
2026-09-19 19:01:23  INFO     BCHUSDT  dump_reclaim  dump=0.80  TP 2.00 SL 1.00  12h  n=1  W/L/T=0/1/0  res=0.0  be=40.0  net=$-12.00
2026-09-19 19:01:23  INFO     BCHUSDT  dump_reclaim  dump=0.80  TP 2.00 SL 1.50  4h  n=1  W/L/T=0/1/0  res=0.0  be=48.6  net=$-17.00
2026-09-19 19:01:23  INFO     BCHUSDT  dump_reclaim  dump=0.80  TP 2.00 SL 1.50  8h  n=1  W/L/T=0/1/0  res=0.0  be=48.6  net=$-17.00
2026-09-19 19:01:23  INFO     BCHUSDT  dump_reclaim  dump=0.80  TP 2.00 SL 1.50  12h  n=1  W/L/T=0/1/0  res=0.0  be=48.6  net=$-17.00
2026-09-19 19:01:23  INFO     BCHUSDT  dump_reclaim  dump=0.80  TP 2.50 SL 1.20  4h  n=0  W/L/T=0/0/0  res=-1.0  be=37.8  net=$0.00
2026-09-19 19:01:23  INFO     BCHUSDT  dump_reclaim  dump=0.80  TP 2.50 SL 1.20  8h  n=0  W/L/T=0/0/0  res=-1.0  be=37.8  net=$0.00
2026-09-19 19:01:23  INFO     BCHUSDT  dump_reclaim  dump=0.80  TP 2.50 SL 1.20  12h  n=0  W/L/T=0/0/0  res=-1.0  be=37.8  net=$0.00
2026-09-19 19:01:23  INFO     BCHUSDT  dump_reclaim  dump=0.80  TP 3.00 SL 1.50  4h  n=0  W/L/T=0/0/0  res=-1.0  be=37.8  net=$0.00
2026-09-19 19:01:23  INFO     BCHUSDT  dump_reclaim  dump=0.80  TP 3.00 SL 1.50  8h  n=0  W/L/T=0/0/0  res=-1.0  be=37.8  net=$0.00
2026-09-19 19:01:23  INFO     BCHUSDT  dump_reclaim  dump=0.80  TP 3.00 SL 1.50  12h  n=0  W/L/T=0/0/0  res=-1.0  be=37.8  net=$0.00
2026-09-19 19:01:23  INFO     BCHUSDT  dump_reclaim  dump=1.20  TP 1.50 SL 1.00  4h  n=1  W/L/T=1/0/0  res=100.0  be=48.0  net=$13.00
2026-09-19 19:01:23  INFO     BCHUSDT  dump_reclaim  dump=1.20  TP 1.50 SL 1.00  8h  n=1  W/L/T=1/0/0  res=100.0  be=48.0  net=$13.00
2026-09-19 19:01:23  INFO     BCHUSDT  dump_reclaim  dump=1.20  TP 1.50 SL 1.00  12h  n=1  W/L/T=1/0/0  res=100.0  be=48.0  net=$13.00
2026-09-19 19:01:23  INFO     BCHUSDT  dump_reclaim  dump=1.20  TP 2.00 SL 1.00  4h  n=1  W/L/T=0/1/0  res=0.0  be=40.0  net=$-12.00
2026-09-19 19:01:23  INFO     BCHUSDT  dump_reclaim  dump=1.20  TP 2.00 SL 1.00  8h  n=1  W/L/T=0/1/0  res=0.0  be=40.0  net=$-12.00
2026-09-19 19:01:23  INFO     BCHUSDT  dump_reclaim  dump=1.20  TP 2.00 SL 1.00  12h  n=1  W/L/T=0/1/0  res=0.0  be=40.0  net=$-12.00
2026-09-19 19:01:23  INFO     BCHUSDT  dump_reclaim  dump=1.20  TP 2.00 SL 1.50  4h  n=1  W/L/T=0/1/0  res=0.0  be=48.6  net=$-17.00
2026-09-19 19:01:23  INFO     BCHUSDT  dump_reclaim  dump=1.20  TP 2.00 SL 1.50  8h  n=1  W/L/T=0/1/0  res=0.0  be=48.6  net=$-17.00
2026-09-19 19:01:23  INFO     BCHUSDT  dump_reclaim  dump=1.20  TP 2.00 SL 1.50  12h  n=1  W/L/T=0/1/0  res=0.0  be=48.6  net=$-17.00
2026-09-19 19:01:23  INFO     BCHUSDT  dump_reclaim  dump=1.20  TP 2.50 SL 1.20  4h  n=0  W/L/T=0/0/0  res=-1.0  be=37.8  net=$0.00
2026-09-19 19:01:23  INFO     BCHUSDT  dump_reclaim  dump=1.20  TP 2.50 SL 1.20  8h  n=0  W/L/T=0/0/0  res=-1.0  be=37.8  net=$0.00
2026-09-19 19:01:23  INFO     BCHUSDT  dump_reclaim  dump=1.20  TP 2.50 SL 1.20  12h  n=0  W/L/T=0/0/0  res=-1.0  be=37.8  net=$0.00
2026-09-19 19:01:23  INFO     BCHUSDT  dump_reclaim  dump=1.20  TP 3.00 SL 1.50  4h  n=0  W/L/T=0/0/0  res=-1.0  be=37.8  net=$0.00
2026-09-19 19:01:23  INFO     BCHUSDT  dump_reclaim  dump=1.20  TP 3.00 SL 1.50  8h  n=0  W/L/T=0/0/0  res=-1.0  be=37.8  net=$0.00
2026-09-19 19:01:23  INFO     BCHUSDT  dump_reclaim  dump=1.20  TP 3.00 SL 1.50  12h  n=0  W/L/T=0/0/0  res=-1.0  be=37.8  net=$0.00
2026-09-19 19:01:23  INFO     BCHUSDT  dump_reclaim  dump=1.50  TP 1.50 SL 1.00  4h  n=0  W/L/T=0/0/0  res=-1.0  be=48.0  net=$0.00
2026-09-19 19:01:23  INFO     BCHUSDT  dump_reclaim  dump=1.50  TP 1.50 SL 1.00  8h  n=0  W/L/T=0/0/0  res=-1.0  be=48.0  net=$0.00
2026-09-19 19:01:23  INFO     BCHUSDT  dump_reclaim  dump=1.50  TP 1.50 SL 1.00  12h  n=0  W/L/T=0/0/0  res=-1.0  be=48.0  net=$0.00
2026-09-19 19:01:23  INFO     BCHUSDT  dump_reclaim  dump=1.50  TP 2.00 SL 1.00  4h  n=0  W/L/T=0/0/0  res=-1.0  be=40.0  net=$0.00
2026-09-19 19:01:23  INFO     BCHUSDT  dump_reclaim  dump=1.50  TP 2.00 SL 1.00  8h  n=0  W/L/T=0/0/0  res=-1.0  be=40.0  net=$0.00
2026-09-19 19:01:23  INFO     BCHUSDT  dump_reclaim  dump=1.50  TP 2.00 SL 1.00  12h  n=0  W/L/T=0/0/0  res=-1.0  be=40.0  net=$0.00
2026-09-19 19:01:23  INFO     BCHUSDT  dump_reclaim  dump=1.50  TP 2.00 SL 1.50  4h  n=0  W/L/T=0/0/0  res=-1.0  be=48.6  net=$0.00
2026-09-19 19:01:23  INFO     BCHUSDT  dump_reclaim  dump=1.50  TP 2.00 SL 1.50  8h  n=0  W/L/T=0/0/0  res=-1.0  be=48.6  net=$0.00
2026-09-19 19:01:23  INFO     BCHUSDT  dump_reclaim  dump=1.50  TP 2.00 SL 1.50  12h  n=0  W/L/T=0/0/0  res=-1.0  be=48.6  net=$0.00
2026-09-19 19:01:23  INFO     BCHUSDT  dump_reclaim  dump=1.50  TP 2.50 SL 1.20  4h  n=0  W/L/T=0/0/0  res=-1.0  be=37.8  net=$0.00
2026-09-19 19:01:23  INFO     BCHUSDT  dump_reclaim  dump=1.50  TP 2.50 SL 1.20  8h  n=0  W/L/T=0/0/0  res=-1.0  be=37.8  net=$0.00
2026-09-19 19:01:23  INFO     BCHUSDT  dump_reclaim  dump=1.50  TP 2.50 SL 1.20  12h  n=0  W/L/T=0/0/0  res=-1.0  be=37.8  net=$0.00
2026-09-19 19:01:23  INFO     BCHUSDT  dump_reclaim  dump=1.50  TP 3.00 SL 1.50  4h  n=0  W/L/T=0/0/0  res=-1.0  be=37.8  net=$0.00
2026-09-19 19:01:23  INFO     BCHUSDT  dump_reclaim  dump=1.50  TP 3.00 SL 1.50  8h  n=0  W/L/T=0/0/0  res=-1.0  be=37.8  net=$0.00
2026-09-19 19:01:23  INFO     BCHUSDT  dump_reclaim  dump=1.50  TP 3.00 SL 1.50  12h  n=0  W/L/T=0/0/0  res=-1.0  be=37.8  net=$0.00
2026-09-19 19:01:23  INFO     BNBUSDT: BNBUSDT_1m_1789038480000_1789643280000.json
2026-09-19 19:01:23  INFO     BNBUSDT: 10,081 1-minute bars
2026-09-19 19:01:23  INFO     BNBUSDT  always_in_15m  dump=0.00  TP 1.50 SL 1.00  4h  n=42  W/L/T=3/8/31  res=27.3  be=48.0  net=$-78.19
2026-09-19 19:01:23  INFO     BNBUSDT  always_in_15m  dump=0.00  TP 1.50 SL 1.00  8h  n=26  W/L/T=2/11/13  res=15.4  be=48.0  net=$-79.44
2026-09-19 19:01:23  INFO     BNBUSDT  always_in_15m  dump=0.00  TP 1.50 SL 1.00  12h  n=23  W/L/T=5/11/7  res=31.2  be=48.0  net=$-52.03
2026-09-19 19:01:23  INFO     BNBUSDT  always_in_15m  dump=0.00  TP 2.00 SL 1.00  4h  n=41  W/L/T=1/8/32  res=11.1  be=40.0  net=$-90.22
2026-09-19 19:01:23  INFO     BNBUSDT  always_in_15m  dump=0.00  TP 2.00 SL 1.00  8h  n=26  W/L/T=2/11/13  res=15.4  be=40.0  net=$-75.04
2026-09-19 19:01:23  INFO     BNBUSDT  always_in_15m  dump=0.00  TP 2.00 SL 1.00  12h  n=20  W/L/T=1/7/12  res=12.5  be=40.0  net=$-51.47
2026-09-19 19:01:23  INFO     BNBUSDT  always_in_15m  dump=0.00  TP 2.00 SL 1.50  4h  n=38  W/L/T=1/2/35  res=33.3  be=48.6  net=$-68.17
2026-09-19 19:01:23  INFO     BNBUSDT  always_in_15m  dump=0.00  TP 2.00 SL 1.50  8h  n=20  W/L/T=1/3/16  res=25.0  be=48.6  net=$-51.30
2026-09-19 19:01:23  INFO     BNBUSDT  always_in_15m  dump=0.00  TP 2.00 SL 1.50  12h  n=15  W/L/T=2/1/12  res=66.7  be=48.6  net=$-3.05
2026-09-19 19:01:23  INFO     BNBUSDT  always_in_15m  dump=0.00  TP 2.50 SL 1.20  4h  n=40  W/L/T=1/6/33  res=14.3  be=37.8  net=$-93.80
2026-09-19 19:01:23  INFO     BNBUSDT  always_in_15m  dump=0.00  TP 2.50 SL 1.20  8h  n=23  W/L/T=1/6/16  res=14.3  be=37.8  net=$-40.60
2026-09-19 19:01:23  INFO     BNBUSDT  always_in_15m  dump=0.00  TP 2.50 SL 1.20  12h  n=17  W/L/T=1/5/11  res=16.7  be=37.8  net=$-35.66
2026-09-19 19:01:23  INFO     BNBUSDT  always_in_15m  dump=0.00  TP 3.00 SL 1.50  4h  n=38  W/L/T=1/2/35  res=33.3  be=37.8  net=$-58.17
2026-09-19 19:01:23  INFO     BNBUSDT  always_in_15m  dump=0.00  TP 3.00 SL 1.50  8h  n=20  W/L/T=1/3/16  res=25.0  be=37.8  net=$-41.30
2026-09-19 19:01:23  INFO     BNBUSDT  always_in_15m  dump=0.00  TP 3.00 SL 1.50  12h  n=15  W/L/T=1/1/13  res=50.0  be=37.8  net=$1.62
2026-09-19 19:01:23  INFO     BNBUSDT  dump_reclaim  dump=0.80  TP 1.50 SL 1.00  4h  n=0  W/L/T=0/0/0  res=-1.0  be=48.0  net=$0.00
2026-09-19 19:01:23  INFO     BNBUSDT  dump_reclaim  dump=0.80  TP 1.50 SL 1.00  8h  n=0  W/L/T=0/0/0  res=-1.0  be=48.0  net=$0.00
2026-09-19 19:01:23  INFO     BNBUSDT  dump_reclaim  dump=0.80  TP 1.50 SL 1.00  12h  n=0  W/L/T=0/0/0  res=-1.0  be=48.0  net=$0.00
2026-09-19 19:01:23  INFO     BNBUSDT  dump_reclaim  dump=0.80  TP 2.00 SL 1.00  4h  n=0  W/L/T=0/0/0  res=-1.0  be=40.0  net=$0.00
2026-09-19 19:01:23  INFO     BNBUSDT  dump_reclaim  dump=0.80  TP 2.00 SL 1.00  8h  n=0  W/L/T=0/0/0  res=-1.0  be=40.0  net=$0.00
2026-09-19 19:01:23  INFO     BNBUSDT  dump_reclaim  dump=0.80  TP 2.00 SL 1.00  12h  n=0  W/L/T=0/0/0  res=-1.0  be=40.0  net=$0.00
2026-09-19 19:01:23  INFO     BNBUSDT  dump_reclaim  dump=0.80  TP 2.00 SL 1.50  4h  n=0  W/L/T=0/0/0  res=-1.0  be=48.6  net=$0.00
2026-09-19 19:01:23  INFO     BNBUSDT  dump_reclaim  dump=0.80  TP 2.00 SL 1.50  8h  n=0  W/L/T=0/0/0  res=-1.0  be=48.6  net=$0.00
2026-09-19 19:01:23  INFO     BNBUSDT  dump_reclaim  dump=0.80  TP 2.00 SL 1.50  12h  n=0  W/L/T=0/0/0  res=-1.0  be=48.6  net=$0.00
2026-09-19 19:01:24  INFO     BNBUSDT  dump_reclaim  dump=0.80  TP 2.50 SL 1.20  4h  n=0  W/L/T=0/0/0  res=-1.0  be=37.8  net=$0.00
2026-09-19 19:01:24  INFO     BNBUSDT  dump_reclaim  dump=0.80  TP 2.50 SL 1.20  8h  n=0  W/L/T=0/0/0  res=-1.0  be=37.8  net=$0.00
2026-09-19 19:01:24  INFO     BNBUSDT  dump_reclaim  dump=0.80  TP 2.50 SL 1.20  12h  n=0  W/L/T=0/0/0  res=-1.0  be=37.8  net=$0.00
2026-09-19 19:01:24  INFO     BNBUSDT  dump_reclaim  dump=0.80  TP 3.00 SL 1.50  4h  n=0  W/L/T=0/0/0  res=-1.0  be=37.8  net=$0.00
2026-09-19 19:01:24  INFO     BNBUSDT  dump_reclaim  dump=0.80  TP 3.00 SL 1.50  8h  n=0  W/L/T=0/0/0  res=-1.0  be=37.8  net=$0.00
2026-09-19 19:01:24  INFO     BNBUSDT  dump_reclaim  dump=0.80  TP 3.00 SL 1.50  12h  n=0  W/L/T=0/0/0  res=-1.0  be=37.8  net=$0.00
2026-09-19 19:01:24  INFO     BNBUSDT  dump_reclaim  dump=1.20  TP 1.50 SL 1.00  4h  n=0  W/L/T=0/0/0  res=-1.0  be=48.0  net=$0.00
2026-09-19 19:01:24  INFO     BNBUSDT  dump_reclaim  dump=1.20  TP 1.50 SL 1.00  8h  n=0  W/L/T=0/0/0  res=-1.0  be=48.0  net=$0.00
2026-09-19 19:01:24  INFO     BNBUSDT  dump_reclaim  dump=1.20  TP 1.50 SL 1.00  12h  n=0  W/L/T=0/0/0  res=-1.0  be=48.0  net=$0.00
2026-09-19 19:01:24  INFO     BNBUSDT  dump_reclaim  dump=1.20  TP 2.00 SL 1.00  4h  n=0  W/L/T=0/0/0  res=-1.0  be=40.0  net=$0.00
2026-09-19 19:01:24  INFO     BNBUSDT  dump_reclaim  dump=1.20  TP 2.00 SL 1.00  8h  n=0  W/L/T=0/0/0  res=-1.0  be=40.0  net=$0.00
2026-09-19 19:01:24  INFO     BNBUSDT  dump_reclaim  dump=1.20  TP 2.00 SL 1.00  12h  n=0  W/L/T=0/0/0  res=-1.0  be=40.0  net=$0.00
2026-09-19 19:01:24  INFO     BNBUSDT  dump_reclaim  dump=1.20  TP 2.00 SL 1.50  4h  n=0  W/L/T=0/0/0  res=-1.0  be=48.6  net=$0.00
2026-09-19 19:01:24  INFO     BNBUSDT  dump_reclaim  dump=1.20  TP 2.00 SL 1.50  8h  n=0  W/L/T=0/0/0  res=-1.0  be=48.6  net=$0.00
2026-09-19 19:01:24  INFO     BNBUSDT  dump_reclaim  dump=1.20  TP 2.00 SL 1.50  12h  n=0  W/L/T=0/0/0  res=-1.0  be=48.6  net=$0.00
2026-09-19 19:01:24  INFO     BNBUSDT  dump_reclaim  dump=1.20  TP 2.50 SL 1.20  4h  n=0  W/L/T=0/0/0  res=-1.0  be=37.8  net=$0.00
2026-09-19 19:01:24  INFO     BNBUSDT  dump_reclaim  dump=1.20  TP 2.50 SL 1.20  8h  n=0  W/L/T=0/0/0  res=-1.0  be=37.8  net=$0.00
2026-09-19 19:01:24  INFO     BNBUSDT  dump_reclaim  dump=1.20  TP 2.50 SL 1.20  12h  n=0  W/L/T=0/0/0  res=-1.0  be=37.8  net=$0.00
2026-09-19 19:01:24  INFO     BNBUSDT  dump_reclaim  dump=1.20  TP 3.00 SL 1.50  4h  n=0  W/L/T=0/0/0  res=-1.0  be=37.8  net=$0.00
2026-09-19 19:01:24  INFO     BNBUSDT  dump_reclaim  dump=1.20  TP 3.00 SL 1.50  8h  n=0  W/L/T=0/0/0  res=-1.0  be=37.8  net=$0.00
2026-09-19 19:01:24  INFO     BNBUSDT  dump_reclaim  dump=1.20  TP 3.00 SL 1.50  12h  n=0  W/L/T=0/0/0  res=-1.0  be=37.8  net=$0.00
2026-09-19 19:01:24  INFO     BNBUSDT  dump_reclaim  dump=1.50  TP 1.50 SL 1.00  4h  n=0  W/L/T=0/0/0  res=-1.0  be=48.0  net=$0.00
2026-09-19 19:01:24  INFO     BNBUSDT  dump_reclaim  dump=1.50  TP 1.50 SL 1.00  8h  n=0  W/L/T=0/0/0  res=-1.0  be=48.0  net=$0.00
2026-09-19 19:01:24  INFO     BNBUSDT  dump_reclaim  dump=1.50  TP 1.50 SL 1.00  12h  n=0  W/L/T=0/0/0  res=-1.0  be=48.0  net=$0.00
2026-09-19 19:01:24  INFO     BNBUSDT  dump_reclaim  dump=1.50  TP 2.00 SL 1.00  4h  n=0  W/L/T=0/0/0  res=-1.0  be=40.0  net=$0.00
2026-09-19 19:01:24  INFO     BNBUSDT  dump_reclaim  dump=1.50  TP 2.00 SL 1.00  8h  n=0  W/L/T=0/0/0  res=-1.0  be=40.0  net=$0.00
2026-09-19 19:01:24  INFO     BNBUSDT  dump_reclaim  dump=1.50  TP 2.00 SL 1.00  12h  n=0  W/L/T=0/0/0  res=-1.0  be=40.0  net=$0.00
2026-09-19 19:01:24  INFO     BNBUSDT  dump_reclaim  dump=1.50  TP 2.00 SL 1.50  4h  n=0  W/L/T=0/0/0  res=-1.0  be=48.6  net=$0.00
2026-09-19 19:01:24  INFO     BNBUSDT  dump_reclaim  dump=1.50  TP 2.00 SL 1.50  8h  n=0  W/L/T=0/0/0  res=-1.0  be=48.6  net=$0.00
2026-09-19 19:01:24  INFO     BNBUSDT  dump_reclaim  dump=1.50  TP 2.00 SL 1.50  12h  n=0  W/L/T=0/0/0  res=-1.0  be=48.6  net=$0.00
2026-09-19 19:01:24  INFO     BNBUSDT  dump_reclaim  dump=1.50  TP 2.50 SL 1.20  4h  n=0  W/L/T=0/0/0  res=-1.0  be=37.8  net=$0.00
2026-09-19 19:01:24  INFO     BNBUSDT  dump_reclaim  dump=1.50  TP 2.50 SL 1.20  8h  n=0  W/L/T=0/0/0  res=-1.0  be=37.8  net=$0.00
2026-09-19 19:01:24  INFO     BNBUSDT  dump_reclaim  dump=1.50  TP 2.50 SL 1.20  12h  n=0  W/L/T=0/0/0  res=-1.0  be=37.8  net=$0.00
2026-09-19 19:01:24  INFO     BNBUSDT  dump_reclaim  dump=1.50  TP 3.00 SL 1.50  4h  n=0  W/L/T=0/0/0  res=-1.0  be=37.8  net=$0.00
2026-09-19 19:01:24  INFO     BNBUSDT  dump_reclaim  dump=1.50  TP 3.00 SL 1.50  8h  n=0  W/L/T=0/0/0  res=-1.0  be=37.8  net=$0.00
2026-09-19 19:01:24  INFO     BNBUSDT  dump_reclaim  dump=1.50  TP 3.00 SL 1.50  12h  n=0  W/L/T=0/0/0  res=-1.0  be=37.8  net=$0.00
2026-09-19 19:01:24  INFO     BTCUSDT: BTCUSDT_1m_1789038480000_1789643280000.json
2026-09-19 19:01:24  INFO     BTCUSDT: 10,081 1-minute bars
2026-09-19 19:01:24  INFO     BTCUSDT  always_in_15m  dump=0.00  TP 1.50 SL 1.00  4h  n=44  W/L/T=3/10/31  res=23.1  be=48.0  net=$-118.22
2026-09-19 19:01:24  INFO     BTCUSDT  always_in_15m  dump=0.00  TP 1.50 SL 1.00  8h  n=29  W/L/T=4/12/13  res=25.0  be=48.0  net=$-83.67
2026-09-19 19:01:24  INFO     BTCUSDT  always_in_15m  dump=0.00  TP 1.50 SL 1.00  12h  n=24  W/L/T=3/11/10  res=21.4  be=48.0  net=$-87.21
2026-09-19 19:01:24  INFO     BTCUSDT  always_in_15m  dump=0.00  TP 2.00 SL 1.00  4h  n=42  W/L/T=1/10/31  res=9.1  be=40.0  net=$-114.39
2026-09-19 19:01:24  INFO     BTCUSDT  always_in_15m  dump=0.00  TP 2.00 SL 1.00  8h  n=25  W/L/T=1/11/13  res=8.3  be=40.0  net=$-77.63
2026-09-19 19:01:24  INFO     BTCUSDT  always_in_15m  dump=0.00  TP 2.00 SL 1.00  12h  n=22  W/L/T=2/11/9  res=15.4  be=40.0  net=$-84.51
2026-09-19 19:01:24  INFO     BTCUSDT  always_in_15m  dump=0.00  TP 2.00 SL 1.50  4h  n=39  W/L/T=1/3/35  res=25.0  be=48.6  net=$-98.52
2026-09-19 19:01:24  INFO     BTCUSDT  always_in_15m  dump=0.00  TP 2.00 SL 1.50  8h  n=22  W/L/T=1/4/17  res=20.0  be=48.6  net=$-69.62
2026-09-19 19:01:24  INFO     BTCUSDT  always_in_15m  dump=0.00  TP 2.00 SL 1.50  12h  n=16  W/L/T=1/4/11  res=20.0  be=48.6  net=$-41.55
2026-09-19 19:01:24  INFO     BTCUSDT  always_in_15m  dump=0.00  TP 2.50 SL 1.20  4h  n=40  W/L/T=1/4/35  res=20.0  be=37.8  net=$-100.16
2026-09-19 19:01:24  INFO     BTCUSDT  always_in_15m  dump=0.00  TP 2.50 SL 1.20  8h  n=22  W/L/T=1/7/14  res=12.5  be=37.8  net=$-76.27
2026-09-19 19:01:24  INFO     BTCUSDT  always_in_15m  dump=0.00  TP 2.50 SL 1.20  12h  n=17  W/L/T=1/5/11  res=16.7  be=37.8  net=$-38.55
2026-09-19 19:01:24  INFO     BTCUSDT  always_in_15m  dump=0.00  TP 3.00 SL 1.50  4h  n=39  W/L/T=1/3/35  res=25.0  be=37.8  net=$-88.52
2026-09-19 19:01:24  INFO     BTCUSDT  always_in_15m  dump=0.00  TP 3.00 SL 1.50  8h  n=20  W/L/T=0/4/16  res=0.0  be=37.8  net=$-83.14
2026-09-19 19:01:24  INFO     BTCUSDT  always_in_15m  dump=0.00  TP 3.00 SL 1.50  12h  n=16  W/L/T=1/4/11  res=20.0  be=37.8  net=$-31.55
2026-09-19 19:01:24  INFO     BTCUSDT  dump_reclaim  dump=0.80  TP 1.50 SL 1.00  4h  n=0  W/L/T=0/0/0  res=-1.0  be=48.0  net=$0.00
2026-09-19 19:01:24  INFO     BTCUSDT  dump_reclaim  dump=0.80  TP 1.50 SL 1.00  8h  n=0  W/L/T=0/0/0  res=-1.0  be=48.0  net=$0.00
2026-09-19 19:01:24  INFO     BTCUSDT  dump_reclaim  dump=0.80  TP 1.50 SL 1.00  12h  n=0  W/L/T=0/0/0  res=-1.0  be=48.0  net=$0.00
2026-09-19 19:01:24  INFO     BTCUSDT  dump_reclaim  dump=0.80  TP 2.00 SL 1.00  4h  n=0  W/L/T=0/0/0  res=-1.0  be=40.0  net=$0.00
2026-09-19 19:01:24  INFO     BTCUSDT  dump_reclaim  dump=0.80  TP 2.00 SL 1.00  8h  n=0  W/L/T=0/0/0  res=-1.0  be=40.0  net=$0.00
2026-09-19 19:01:24  INFO     BTCUSDT  dump_reclaim  dump=0.80  TP 2.00 SL 1.00  12h  n=0  W/L/T=0/0/0  res=-1.0  be=40.0  net=$0.00
2026-09-19 19:01:24  INFO     BTCUSDT  dump_reclaim  dump=0.80  TP 2.00 SL 1.50  4h  n=0  W/L/T=0/0/0  res=-1.0  be=48.6  net=$0.00
2026-09-19 19:01:24  INFO     BTCUSDT  dump_reclaim  dump=0.80  TP 2.00 SL 1.50  8h  n=0  W/L/T=0/0/0  res=-1.0  be=48.6  net=$0.00
2026-09-19 19:01:24  INFO     BTCUSDT  dump_reclaim  dump=0.80  TP 2.00 SL 1.50  12h  n=0  W/L/T=0/0/0  res=-1.0  be=48.6  net=$0.00
2026-09-19 19:01:24  INFO     BTCUSDT  dump_reclaim  dump=0.80  TP 2.50 SL 1.20  4h  n=0  W/L/T=0/0/0  res=-1.0  be=37.8  net=$0.00
2026-09-19 19:01:24  INFO     BTCUSDT  dump_reclaim  dump=0.80  TP 2.50 SL 1.20  8h  n=0  W/L/T=0/0/0  res=-1.0  be=37.8  net=$0.00
2026-09-19 19:01:24  INFO     BTCUSDT  dump_reclaim  dump=0.80  TP 2.50 SL 1.20  12h  n=0  W/L/T=0/0/0  res=-1.0  be=37.8  net=$0.00
2026-09-19 19:01:24  INFO     BTCUSDT  dump_reclaim  dump=0.80  TP 3.00 SL 1.50  4h  n=0  W/L/T=0/0/0  res=-1.0  be=37.8  net=$0.00
2026-09-19 19:01:24  INFO     BTCUSDT  dump_reclaim  dump=0.80  TP 3.00 SL 1.50  8h  n=0  W/L/T=0/0/0  res=-1.0  be=37.8  net=$0.00
2026-09-19 19:01:24  INFO     BTCUSDT  dump_reclaim  dump=0.80  TP 3.00 SL 1.50  12h  n=0  W/L/T=0/0/0  res=-1.0  be=37.8  net=$0.00
2026-09-19 19:01:24  INFO     BTCUSDT  dump_reclaim  dump=1.20  TP 1.50 SL 1.00  4h  n=0  W/L/T=0/0/0  res=-1.0  be=48.0  net=$0.00
2026-09-19 19:01:24  INFO     BTCUSDT  dump_reclaim  dump=1.20  TP 1.50 SL 1.00  8h  n=0  W/L/T=0/0/0  res=-1.0  be=48.0  net=$0.00
2026-09-19 19:01:24  INFO     BTCUSDT  dump_reclaim  dump=1.20  TP 1.50 SL 1.00  12h  n=0  W/L/T=0/0/0  res=-1.0  be=48.0  net=$0.00
2026-09-19 19:01:24  INFO     BTCUSDT  dump_reclaim  dump=1.20  TP 2.00 SL 1.00  4h  n=0  W/L/T=0/0/0  res=-1.0  be=40.0  net=$0.00
2026-09-19 19:01:24  INFO     BTCUSDT  dump_reclaim  dump=1.20  TP 2.00 SL 1.00  8h  n=0  W/L/T=0/0/0  res=-1.0  be=40.0  net=$0.00
2026-09-19 19:01:24  INFO     BTCUSDT  dump_reclaim  dump=1.20  TP 2.00 SL 1.00  12h  n=0  W/L/T=0/0/0  res=-1.0  be=40.0  net=$0.00
2026-09-19 19:01:24  INFO     BTCUSDT  dump_reclaim  dump=1.20  TP 2.00 SL 1.50  4h  n=0  W/L/T=0/0/0  res=-1.0  be=48.6  net=$0.00
2026-09-19 19:01:24  INFO     BTCUSDT  dump_reclaim  dump=1.20  TP 2.00 SL 1.50  8h  n=0  W/L/T=0/0/0  res=-1.0  be=48.6  net=$0.00
2026-09-19 19:01:24  INFO     BTCUSDT  dump_reclaim  dump=1.20  TP 2.00 SL 1.50  12h  n=0  W/L/T=0/0/0  res=-1.0  be=48.6  net=$0.00
2026-09-19 19:01:24  INFO     BTCUSDT  dump_reclaim  dump=1.20  TP 2.50 SL 1.20  4h  n=0  W/L/T=0/0/0  res=-1.0  be=37.8  net=$0.00
2026-09-19 19:01:24  INFO     BTCUSDT  dump_reclaim  dump=1.20  TP 2.50 SL 1.20  8h  n=0  W/L/T=0/0/0  res=-1.0  be=37.8  net=$0.00
2026-09-19 19:01:24  INFO     BTCUSDT  dump_reclaim  dump=1.20  TP 2.50 SL 1.20  12h  n=0  W/L/T=0/0/0  res=-1.0  be=37.8  net=$0.00
2026-09-19 19:01:24  INFO     BTCUSDT  dump_reclaim  dump=1.20  TP 3.00 SL 1.50  4h  n=0  W/L/T=0/0/0  res=-1.0  be=37.8  net=$0.00
2026-09-19 19:01:24  INFO     BTCUSDT  dump_reclaim  dump=1.20  TP 3.00 SL 1.50  8h  n=0  W/L/T=0/0/0  res=-1.0  be=37.8  net=$0.00
2026-09-19 19:01:24  INFO     BTCUSDT  dump_reclaim  dump=1.20  TP 3.00 SL 1.50  12h  n=0  W/L/T=0/0/0  res=-1.0  be=37.8  net=$0.00
2026-09-19 19:01:24  INFO     BTCUSDT  dump_reclaim  dump=1.50  TP 1.50 SL 1.00  4h  n=0  W/L/T=0/0/0  res=-1.0  be=48.0  net=$0.00
2026-09-19 19:01:24  INFO     BTCUSDT  dump_reclaim  dump=1.50  TP 1.50 SL 1.00  8h  n=0  W/L/T=0/0/0  res=-1.0  be=48.0  net=$0.00
2026-09-19 19:01:24  INFO     BTCUSDT  dump_reclaim  dump=1.50  TP 1.50 SL 1.00  12h  n=0  W/L/T=0/0/0  res=-1.0  be=48.0  net=$0.00
2026-09-19 19:01:24  INFO     BTCUSDT  dump_reclaim  dump=1.50  TP 2.00 SL 1.00  4h  n=0  W/L/T=0/0/0  res=-1.0  be=40.0  net=$0.00
2026-09-19 19:01:24  INFO     BTCUSDT  dump_reclaim  dump=1.50  TP 2.00 SL 1.00  8h  n=0  W/L/T=0/0/0  res=-1.0  be=40.0  net=$0.00
2026-09-19 19:01:24  INFO     BTCUSDT  dump_reclaim  dump=1.50  TP 2.00 SL 1.00  12h  n=0  W/L/T=0/0/0  res=-1.0  be=40.0  net=$0.00
2026-09-19 19:01:24  INFO     BTCUSDT  dump_reclaim  dump=1.50  TP 2.00 SL 1.50  4h  n=0  W/L/T=0/0/0  res=-1.0  be=48.6  net=$0.00
2026-09-19 19:01:24  INFO     BTCUSDT  dump_reclaim  dump=1.50  TP 2.00 SL 1.50  8h  n=0  W/L/T=0/0/0  res=-1.0  be=48.6  net=$0.00
2026-09-19 19:01:24  INFO     BTCUSDT  dump_reclaim  dump=1.50  TP 2.00 SL 1.50  12h  n=0  W/L/T=0/0/0  res=-1.0  be=48.6  net=$0.00
2026-09-19 19:01:24  INFO     BTCUSDT  dump_reclaim  dump=1.50  TP 2.50 SL 1.20  4h  n=0  W/L/T=0/0/0  res=-1.0  be=37.8  net=$0.00
2026-09-19 19:01:24  INFO     BTCUSDT  dump_reclaim  dump=1.50  TP 2.50 SL 1.20  8h  n=0  W/L/T=0/0/0  res=-1.0  be=37.8  net=$0.00
2026-09-19 19:01:24  INFO     BTCUSDT  dump_reclaim  dump=1.50  TP 2.50 SL 1.20  12h  n=0  W/L/T=0/0/0  res=-1.0  be=37.8  net=$0.00
2026-09-19 19:01:24  INFO     BTCUSDT  dump_reclaim  dump=1.50  TP 3.00 SL 1.50  4h  n=0  W/L/T=0/0/0  res=-1.0  be=37.8  net=$0.00
2026-09-19 19:01:24  INFO     BTCUSDT  dump_reclaim  dump=1.50  TP 3.00 SL 1.50  8h  n=0  W/L/T=0/0/0  res=-1.0  be=37.8  net=$0.00
2026-09-19 19:01:24  INFO     BTCUSDT  dump_reclaim  dump=1.50  TP 3.00 SL 1.50  12h  n=0  W/L/T=0/0/0  res=-1.0  be=37.8  net=$0.00
2026-09-19 19:01:24  INFO     DOGEUSDT: DOGEUSDT_1m_1789038480000_1789643280000.json
2026-09-19 19:01:24  INFO     DOGEUSDT: 10,081 1-minute bars
2026-09-19 19:01:24  INFO     DOGEUSDT  always_in_15m  dump=0.00  TP 1.50 SL 1.00  4h  n=53  W/L/T=8/20/25  res=28.6  be=48.0  net=$-138.05
2026-09-19 19:01:24  INFO     DOGEUSDT  always_in_15m  dump=0.00  TP 1.50 SL 1.00  8h  n=42  W/L/T=10/22/10  res=31.2  be=48.0  net=$-126.73
2026-09-19 19:01:24  INFO     DOGEUSDT  always_in_15m  dump=0.00  TP 1.50 SL 1.00  12h  n=35  W/L/T=9/19/7  res=32.1  be=48.0  net=$-123.21
2026-09-19 19:01:24  INFO     DOGEUSDT  always_in_15m  dump=0.00  TP 2.00 SL 1.00  4h  n=49  W/L/T=3/18/28  res=14.3  be=40.0  net=$-131.77
2026-09-19 19:01:24  INFO     DOGEUSDT  always_in_15m  dump=0.00  TP 2.00 SL 1.00  8h  n=41  W/L/T=6/23/12  res=20.7  be=40.0  net=$-135.63
2026-09-19 19:01:24  INFO     DOGEUSDT  always_in_15m  dump=0.00  TP 2.00 SL 1.00  12h  n=32  W/L/T=5/20/7  res=20.0  be=40.0  net=$-154.37
2026-09-19 19:01:24  INFO     DOGEUSDT  always_in_15m  dump=0.00  TP 2.00 SL 1.50  4h  n=43  W/L/T=2/10/31  res=16.7  be=48.6  net=$-165.30
2026-09-19 19:01:24  INFO     DOGEUSDT  always_in_15m  dump=0.00  TP 2.00 SL 1.50  8h  n=26  W/L/T=3/11/12  res=21.4  be=48.6  net=$-115.91
2026-09-19 19:01:24  INFO     DOGEUSDT  always_in_15m  dump=0.00  TP 2.00 SL 1.50  12h  n=27  W/L/T=6/13/8  res=31.6  be=48.6  net=$-118.38
2026-09-19 19:01:24  INFO     DOGEUSDT  always_in_15m  dump=0.00  TP 2.50 SL 1.20  4h  n=47  W/L/T=3/14/30  res=17.6  be=37.8  net=$-125.99
2026-09-19 19:01:24  INFO     DOGEUSDT  always_in_15m  dump=0.00  TP 2.50 SL 1.20  8h  n=32  W/L/T=3/16/13  res=15.8  be=37.8  net=$-117.08
2026-09-19 19:01:24  INFO     DOGEUSDT  always_in_15m  dump=0.00  TP 2.50 SL 1.20  12h  n=27  W/L/T=5/15/7  res=25.0  be=37.8  net=$-92.85
2026-09-19 19:01:24  INFO     DOGEUSDT  always_in_15m  dump=0.00  TP 3.00 SL 1.50  4h  n=44  W/L/T=1/11/32  res=8.3  be=37.8  net=$-190.49
2026-09-19 19:01:25  INFO     DOGEUSDT  always_in_15m  dump=0.00  TP 3.00 SL 1.50  8h  n=27  W/L/T=2/13/12  res=13.3  be=37.8  net=$-116.67
2026-09-19 19:01:25  INFO     DOGEUSDT  always_in_15m  dump=0.00  TP 3.00 SL 1.50  12h  n=25  W/L/T=3/14/8  res=17.6  be=37.8  net=$-132.00
2026-09-19 19:01:25  INFO     DOGEUSDT  dump_reclaim  dump=0.80  TP 1.50 SL 1.00  4h  n=1  W/L/T=0/0/1  res=-1.0  be=48.0  net=$-7.45
2026-09-19 19:01:25  INFO     DOGEUSDT  dump_reclaim  dump=0.80  TP 1.50 SL 1.00  8h  n=1  W/L/T=0/1/0  res=0.0  be=48.0  net=$-12.00
2026-09-19 19:01:25  INFO     DOGEUSDT  dump_reclaim  dump=0.80  TP 1.50 SL 1.00  12h  n=1  W/L/T=0/1/0  res=0.0  be=48.0  net=$-12.00
2026-09-19 19:01:25  INFO     DOGEUSDT  dump_reclaim  dump=0.80  TP 2.00 SL 1.00  4h  n=1  W/L/T=0/0/1  res=-1.0  be=40.0  net=$-7.45
2026-09-19 19:01:25  INFO     DOGEUSDT  dump_reclaim  dump=0.80  TP 2.00 SL 1.00  8h  n=1  W/L/T=0/1/0  res=0.0  be=40.0  net=$-12.00
2026-09-19 19:01:25  INFO     DOGEUSDT  dump_reclaim  dump=0.80  TP 2.00 SL 1.00  12h  n=1  W/L/T=0/1/0  res=0.0  be=40.0  net=$-12.00
2026-09-19 19:01:25  INFO     DOGEUSDT  dump_reclaim  dump=0.80  TP 2.00 SL 1.50  4h  n=1  W/L/T=0/0/1  res=-1.0  be=48.6  net=$-7.45
2026-09-19 19:01:25  INFO     DOGEUSDT  dump_reclaim  dump=0.80  TP 2.00 SL 1.50  8h  n=1  W/L/T=0/0/1  res=-1.0  be=48.6  net=$-2.00
2026-09-19 19:01:25  INFO     DOGEUSDT  dump_reclaim  dump=0.80  TP 2.00 SL 1.50  12h  n=1  W/L/T=0/0/1  res=-1.0  be=48.6  net=$-2.71
2026-09-19 19:01:25  INFO     DOGEUSDT  dump_reclaim  dump=0.80  TP 2.50 SL 1.20  4h  n=1  W/L/T=0/0/1  res=-1.0  be=37.8  net=$-7.45
2026-09-19 19:01:25  INFO     DOGEUSDT  dump_reclaim  dump=0.80  TP 2.50 SL 1.20  8h  n=1  W/L/T=0/0/1  res=-1.0  be=37.8  net=$-2.00
2026-09-19 19:01:25  INFO     DOGEUSDT  dump_reclaim  dump=0.80  TP 2.50 SL 1.20  12h  n=1  W/L/T=0/0/1  res=-1.0  be=37.8  net=$-2.71
2026-09-19 19:01:25  INFO     DOGEUSDT  dump_reclaim  dump=0.80  TP 3.00 SL 1.50  4h  n=1  W/L/T=0/0/1  res=-1.0  be=37.8  net=$-7.45
2026-09-19 19:01:25  INFO     DOGEUSDT  dump_reclaim  dump=0.80  TP 3.00 SL 1.50  8h  n=1  W/L/T=0/0/1  res=-1.0  be=37.8  net=$-2.00
2026-09-19 19:01:25  INFO     DOGEUSDT  dump_reclaim  dump=0.80  TP 3.00 SL 1.50  12h  n=1  W/L/T=0/0/1  res=-1.0  be=37.8  net=$-2.71
2026-09-19 19:01:25  INFO     DOGEUSDT  dump_reclaim  dump=1.20  TP 1.50 SL 1.00  4h  n=0  W/L/T=0/0/0  res=-1.0  be=48.0  net=$0.00
2026-09-19 19:01:25  INFO     DOGEUSDT  dump_reclaim  dump=1.20  TP 1.50 SL 1.00  8h  n=0  W/L/T=0/0/0  res=-1.0  be=48.0  net=$0.00
2026-09-19 19:01:25  INFO     DOGEUSDT  dump_reclaim  dump=1.20  TP 1.50 SL 1.00  12h  n=0  W/L/T=0/0/0  res=-1.0  be=48.0  net=$0.00
2026-09-19 19:01:25  INFO     DOGEUSDT  dump_reclaim  dump=1.20  TP 2.00 SL 1.00  4h  n=0  W/L/T=0/0/0  res=-1.0  be=40.0  net=$0.00
2026-09-19 19:01:25  INFO     DOGEUSDT  dump_reclaim  dump=1.20  TP 2.00 SL 1.00  8h  n=0  W/L/T=0/0/0  res=-1.0  be=40.0  net=$0.00
2026-09-19 19:01:25  INFO     DOGEUSDT  dump_reclaim  dump=1.20  TP 2.00 SL 1.00  12h  n=0  W/L/T=0/0/0  res=-1.0  be=40.0  net=$0.00
2026-09-19 19:01:25  INFO     DOGEUSDT  dump_reclaim  dump=1.20  TP 2.00 SL 1.50  4h  n=0  W/L/T=0/0/0  res=-1.0  be=48.6  net=$0.00
2026-09-19 19:01:25  INFO     DOGEUSDT  dump_reclaim  dump=1.20  TP 2.00 SL 1.50  8h  n=0  W/L/T=0/0/0  res=-1.0  be=48.6  net=$0.00
2026-09-19 19:01:25  INFO     DOGEUSDT  dump_reclaim  dump=1.20  TP 2.00 SL 1.50  12h  n=0  W/L/T=0/0/0  res=-1.0  be=48.6  net=$0.00
2026-09-19 19:01:25  INFO     DOGEUSDT  dump_reclaim  dump=1.20  TP 2.50 SL 1.20  4h  n=0  W/L/T=0/0/0  res=-1.0  be=37.8  net=$0.00
2026-09-19 19:01:25  INFO     DOGEUSDT  dump_reclaim  dump=1.20  TP 2.50 SL 1.20  8h  n=0  W/L/T=0/0/0  res=-1.0  be=37.8  net=$0.00
2026-09-19 19:01:25  INFO     DOGEUSDT  dump_reclaim  dump=1.20  TP 2.50 SL 1.20  12h  n=0  W/L/T=0/0/0  res=-1.0  be=37.8  net=$0.00
2026-09-19 19:01:25  INFO     DOGEUSDT  dump_reclaim  dump=1.20  TP 3.00 SL 1.50  4h  n=0  W/L/T=0/0/0  res=-1.0  be=37.8  net=$0.00
2026-09-19 19:01:25  INFO     DOGEUSDT  dump_reclaim  dump=1.20  TP 3.00 SL 1.50  8h  n=0  W/L/T=0/0/0  res=-1.0  be=37.8  net=$0.00
2026-09-19 19:01:25  INFO     DOGEUSDT  dump_reclaim  dump=1.20  TP 3.00 SL 1.50  12h  n=0  W/L/T=0/0/0  res=-1.0  be=37.8  net=$0.00
2026-09-19 19:01:25  INFO     DOGEUSDT  dump_reclaim  dump=1.50  TP 1.50 SL 1.00  4h  n=0  W/L/T=0/0/0  res=-1.0  be=48.0  net=$0.00
2026-09-19 19:01:25  INFO     DOGEUSDT  dump_reclaim  dump=1.50  TP 1.50 SL 1.00  8h  n=0  W/L/T=0/0/0  res=-1.0  be=48.0  net=$0.00
2026-09-19 19:01:25  INFO     DOGEUSDT  dump_reclaim  dump=1.50  TP 1.50 SL 1.00  12h  n=0  W/L/T=0/0/0  res=-1.0  be=48.0  net=$0.00
2026-09-19 19:01:25  INFO     DOGEUSDT  dump_reclaim  dump=1.50  TP 2.00 SL 1.00  4h  n=0  W/L/T=0/0/0  res=-1.0  be=40.0  net=$0.00
2026-09-19 19:01:25  INFO     DOGEUSDT  dump_reclaim  dump=1.50  TP 2.00 SL 1.00  8h  n=0  W/L/T=0/0/0  res=-1.0  be=40.0  net=$0.00
2026-09-19 19:01:25  INFO     DOGEUSDT  dump_reclaim  dump=1.50  TP 2.00 SL 1.00  12h  n=0  W/L/T=0/0/0  res=-1.0  be=40.0  net=$0.00
2026-09-19 19:01:25  INFO     DOGEUSDT  dump_reclaim  dump=1.50  TP 2.00 SL 1.50  4h  n=0  W/L/T=0/0/0  res=-1.0  be=48.6  net=$0.00
2026-09-19 19:01:25  INFO     DOGEUSDT  dump_reclaim  dump=1.50  TP 2.00 SL 1.50  8h  n=0  W/L/T=0/0/0  res=-1.0  be=48.6  net=$0.00
2026-09-19 19:01:25  INFO     DOGEUSDT  dump_reclaim  dump=1.50  TP 2.00 SL 1.50  12h  n=0  W/L/T=0/0/0  res=-1.0  be=48.6  net=$0.00
2026-09-19 19:01:25  INFO     DOGEUSDT  dump_reclaim  dump=1.50  TP 2.50 SL 1.20  4h  n=0  W/L/T=0/0/0  res=-1.0  be=37.8  net=$0.00
2026-09-19 19:01:25  INFO     DOGEUSDT  dump_reclaim  dump=1.50  TP 2.50 SL 1.20  8h  n=0  W/L/T=0/0/0  res=-1.0  be=37.8  net=$0.00
2026-09-19 19:01:25  INFO     DOGEUSDT  dump_reclaim  dump=1.50  TP 2.50 SL 1.20  12h  n=0  W/L/T=0/0/0  res=-1.0  be=37.8  net=$0.00
2026-09-19 19:01:25  INFO     DOGEUSDT  dump_reclaim  dump=1.50  TP 3.00 SL 1.50  4h  n=0  W/L/T=0/0/0  res=-1.0  be=37.8  net=$0.00
2026-09-19 19:01:25  INFO     DOGEUSDT  dump_reclaim  dump=1.50  TP 3.00 SL 1.50  8h  n=0  W/L/T=0/0/0  res=-1.0  be=37.8  net=$0.00
2026-09-19 19:01:25  INFO     DOGEUSDT  dump_reclaim  dump=1.50  TP 3.00 SL 1.50  12h  n=0  W/L/T=0/0/0  res=-1.0  be=37.8  net=$0.00
2026-09-19 19:01:25  INFO     DOTUSDT: DOTUSDT_1m_1789038480000_1789643280000.json
2026-09-19 19:01:25  INFO     DOTUSDT: 10,081 1-minute bars
2026-09-19 19:01:25  INFO     DOTUSDT  always_in_15m  dump=0.00  TP 1.50 SL 1.00  4h  n=79  W/L/T=24/39/16  res=38.1  be=48.0  net=$-211.65
2026-09-19 19:01:25  INFO     DOTUSDT  always_in_15m  dump=0.00  TP 1.50 SL 1.00  8h  n=70  W/L/T=26/42/2  res=38.2  be=48.0  net=$-173.84
2026-09-19 19:01:25  INFO     DOTUSDT  always_in_15m  dump=0.00  TP 1.50 SL 1.00  12h  n=69  W/L/T=26/43/0  res=37.7  be=48.0  net=$-178.00
2026-09-19 19:01:25  INFO     DOTUSDT  always_in_15m  dump=0.00  TP 2.00 SL 1.00  4h  n=71  W/L/T=13/41/17  res=24.1  be=40.0  net=$-261.95
2026-09-19 19:01:25  INFO     DOTUSDT  always_in_15m  dump=0.00  TP 2.00 SL 1.00  8h  n=57  W/L/T=14/40/3  res=25.9  be=40.0  net=$-238.55
2026-09-19 19:01:25  INFO     DOTUSDT  always_in_15m  dump=0.00  TP 2.00 SL 1.00  12h  n=55  W/L/T=14/40/1  res=25.9  be=40.0  net=$-230.99
2026-09-19 19:01:25  INFO     DOTUSDT  always_in_15m  dump=0.00  TP 2.00 SL 1.50  4h  n=55  W/L/T=10/20/25  res=33.3  be=48.6  net=$-151.72
2026-09-19 19:01:25  INFO     DOTUSDT  always_in_15m  dump=0.00  TP 2.00 SL 1.50  8h  n=43  W/L/T=13/23/7  res=36.1  be=48.6  net=$-164.24
2026-09-19 19:01:25  INFO     DOTUSDT  always_in_15m  dump=0.00  TP 2.00 SL 1.50  12h  n=40  W/L/T=14/23/3  res=37.8  be=48.6  net=$-138.77
2026-09-19 19:01:25  INFO     DOTUSDT  always_in_15m  dump=0.00  TP 2.50 SL 1.20  4h  n=55  W/L/T=8/23/24  res=25.8  be=37.8  net=$-175.85
2026-09-19 19:01:25  INFO     DOTUSDT  always_in_15m  dump=0.00  TP 2.50 SL 1.20  8h  n=44  W/L/T=9/26/9  res=25.7  be=37.8  net=$-153.66
2026-09-19 19:01:25  INFO     DOTUSDT  always_in_15m  dump=0.00  TP 2.50 SL 1.20  12h  n=36  W/L/T=8/24/4  res=25.0  be=37.8  net=$-136.20
2026-09-19 19:01:25  INFO     DOTUSDT  always_in_15m  dump=0.00  TP 3.00 SL 1.50  4h  n=48  W/L/T=4/16/28  res=20.0  be=37.8  net=$-132.76
2026-09-19 19:01:25  INFO     DOTUSDT  always_in_15m  dump=0.00  TP 3.00 SL 1.50  8h  n=31  W/L/T=5/15/11  res=25.0  be=37.8  net=$-82.66
2026-09-19 19:01:25  INFO     DOTUSDT  always_in_15m  dump=0.00  TP 3.00 SL 1.50  12h  n=29  W/L/T=5/17/7  res=22.7  be=37.8  net=$-107.76
2026-09-19 19:01:25  INFO     DOTUSDT  dump_reclaim  dump=0.80  TP 1.50 SL 1.00  4h  n=3  W/L/T=0/3/0  res=0.0  be=48.0  net=$-36.00
2026-09-19 19:01:25  INFO     DOTUSDT  dump_reclaim  dump=0.80  TP 1.50 SL 1.00  8h  n=3  W/L/T=0/3/0  res=0.0  be=48.0  net=$-36.00
2026-09-19 19:01:25  INFO     DOTUSDT  dump_reclaim  dump=0.80  TP 1.50 SL 1.00  12h  n=3  W/L/T=0/3/0  res=0.0  be=48.0  net=$-36.00
2026-09-19 19:01:25  INFO     DOTUSDT  dump_reclaim  dump=0.80  TP 2.00 SL 1.00  4h  n=2  W/L/T=0/2/0  res=0.0  be=40.0  net=$-24.00
2026-09-19 19:01:25  INFO     DOTUSDT  dump_reclaim  dump=0.80  TP 2.00 SL 1.00  8h  n=2  W/L/T=0/2/0  res=0.0  be=40.0  net=$-24.00
2026-09-19 19:01:25  INFO     DOTUSDT  dump_reclaim  dump=0.80  TP 2.00 SL 1.00  12h  n=2  W/L/T=0/2/0  res=0.0  be=40.0  net=$-24.00
2026-09-19 19:01:25  INFO     DOTUSDT  dump_reclaim  dump=0.80  TP 2.00 SL 1.50  4h  n=2  W/L/T=0/2/0  res=0.0  be=48.6  net=$-34.00
2026-09-19 19:01:25  INFO     DOTUSDT  dump_reclaim  dump=0.80  TP 2.00 SL 1.50  8h  n=2  W/L/T=0/2/0  res=0.0  be=48.6  net=$-34.00
2026-09-19 19:01:25  INFO     DOTUSDT  dump_reclaim  dump=0.80  TP 2.00 SL 1.50  12h  n=2  W/L/T=0/2/0  res=0.0  be=48.6  net=$-34.00
2026-09-19 19:01:25  INFO     DOTUSDT  dump_reclaim  dump=0.80  TP 2.50 SL 1.20  4h  n=2  W/L/T=0/2/0  res=0.0  be=37.8  net=$-28.00
2026-09-19 19:01:25  INFO     DOTUSDT  dump_reclaim  dump=0.80  TP 2.50 SL 1.20  8h  n=2  W/L/T=0/2/0  res=0.0  be=37.8  net=$-28.00
2026-09-19 19:01:25  INFO     DOTUSDT  dump_reclaim  dump=0.80  TP 2.50 SL 1.20  12h  n=2  W/L/T=0/2/0  res=0.0  be=37.8  net=$-28.00
2026-09-19 19:01:25  INFO     DOTUSDT  dump_reclaim  dump=0.80  TP 3.00 SL 1.50  4h  n=2  W/L/T=0/2/0  res=0.0  be=37.8  net=$-34.00
2026-09-19 19:01:25  INFO     DOTUSDT  dump_reclaim  dump=0.80  TP 3.00 SL 1.50  8h  n=2  W/L/T=0/2/0  res=0.0  be=37.8  net=$-34.00
2026-09-19 19:01:25  INFO     DOTUSDT  dump_reclaim  dump=0.80  TP 3.00 SL 1.50  12h  n=2  W/L/T=0/2/0  res=0.0  be=37.8  net=$-34.00
2026-09-19 19:01:25  INFO     DOTUSDT  dump_reclaim  dump=1.20  TP 1.50 SL 1.00  4h  n=1  W/L/T=0/1/0  res=0.0  be=48.0  net=$-12.00
2026-09-19 19:01:25  INFO     DOTUSDT  dump_reclaim  dump=1.20  TP 1.50 SL 1.00  8h  n=1  W/L/T=0/1/0  res=0.0  be=48.0  net=$-12.00
2026-09-19 19:01:25  INFO     DOTUSDT  dump_reclaim  dump=1.20  TP 1.50 SL 1.00  12h  n=1  W/L/T=0/1/0  res=0.0  be=48.0  net=$-12.00
2026-09-19 19:01:25  INFO     DOTUSDT  dump_reclaim  dump=1.20  TP 2.00 SL 1.00  4h  n=1  W/L/T=0/1/0  res=0.0  be=40.0  net=$-12.00
2026-09-19 19:01:25  INFO     DOTUSDT  dump_reclaim  dump=1.20  TP 2.00 SL 1.00  8h  n=1  W/L/T=0/1/0  res=0.0  be=40.0  net=$-12.00
2026-09-19 19:01:25  INFO     DOTUSDT  dump_reclaim  dump=1.20  TP 2.00 SL 1.00  12h  n=1  W/L/T=0/1/0  res=0.0  be=40.0  net=$-12.00
2026-09-19 19:01:25  INFO     DOTUSDT  dump_reclaim  dump=1.20  TP 2.00 SL 1.50  4h  n=1  W/L/T=0/1/0  res=0.0  be=48.6  net=$-17.00
2026-09-19 19:01:25  INFO     DOTUSDT  dump_reclaim  dump=1.20  TP 2.00 SL 1.50  8h  n=1  W/L/T=0/1/0  res=0.0  be=48.6  net=$-17.00
2026-09-19 19:01:25  INFO     DOTUSDT  dump_reclaim  dump=1.20  TP 2.00 SL 1.50  12h  n=1  W/L/T=0/1/0  res=0.0  be=48.6  net=$-17.00
2026-09-19 19:01:25  INFO     DOTUSDT  dump_reclaim  dump=1.20  TP 2.50 SL 1.20  4h  n=1  W/L/T=0/1/0  res=0.0  be=37.8  net=$-14.00
2026-09-19 19:01:25  INFO     DOTUSDT  dump_reclaim  dump=1.20  TP 2.50 SL 1.20  8h  n=1  W/L/T=0/1/0  res=0.0  be=37.8  net=$-14.00
2026-09-19 19:01:25  INFO     DOTUSDT  dump_reclaim  dump=1.20  TP 2.50 SL 1.20  12h  n=1  W/L/T=0/1/0  res=0.0  be=37.8  net=$-14.00
2026-09-19 19:01:25  INFO     DOTUSDT  dump_reclaim  dump=1.20  TP 3.00 SL 1.50  4h  n=1  W/L/T=0/1/0  res=0.0  be=37.8  net=$-17.00
2026-09-19 19:01:25  INFO     DOTUSDT  dump_reclaim  dump=1.20  TP 3.00 SL 1.50  8h  n=1  W/L/T=0/1/0  res=0.0  be=37.8  net=$-17.00
2026-09-19 19:01:25  INFO     DOTUSDT  dump_reclaim  dump=1.20  TP 3.00 SL 1.50  12h  n=1  W/L/T=0/1/0  res=0.0  be=37.8  net=$-17.00
2026-09-19 19:01:25  INFO     DOTUSDT  dump_reclaim  dump=1.50  TP 1.50 SL 1.00  4h  n=1  W/L/T=0/1/0  res=0.0  be=48.0  net=$-12.00
2026-09-19 19:01:25  INFO     DOTUSDT  dump_reclaim  dump=1.50  TP 1.50 SL 1.00  8h  n=1  W/L/T=0/1/0  res=0.0  be=48.0  net=$-12.00
2026-09-19 19:01:25  INFO     DOTUSDT  dump_reclaim  dump=1.50  TP 1.50 SL 1.00  12h  n=1  W/L/T=0/1/0  res=0.0  be=48.0  net=$-12.00
2026-09-19 19:01:25  INFO     DOTUSDT  dump_reclaim  dump=1.50  TP 2.00 SL 1.00  4h  n=1  W/L/T=0/1/0  res=0.0  be=40.0  net=$-12.00
2026-09-19 19:01:25  INFO     DOTUSDT  dump_reclaim  dump=1.50  TP 2.00 SL 1.00  8h  n=1  W/L/T=0/1/0  res=0.0  be=40.0  net=$-12.00
2026-09-19 19:01:25  INFO     DOTUSDT  dump_reclaim  dump=1.50  TP 2.00 SL 1.00  12h  n=1  W/L/T=0/1/0  res=0.0  be=40.0  net=$-12.00
2026-09-19 19:01:25  INFO     DOTUSDT  dump_reclaim  dump=1.50  TP 2.00 SL 1.50  4h  n=1  W/L/T=0/1/0  res=0.0  be=48.6  net=$-17.00
2026-09-19 19:01:25  INFO     DOTUSDT  dump_reclaim  dump=1.50  TP 2.00 SL 1.50  8h  n=1  W/L/T=0/1/0  res=0.0  be=48.6  net=$-17.00
2026-09-19 19:01:25  INFO     DOTUSDT  dump_reclaim  dump=1.50  TP 2.00 SL 1.50  12h  n=1  W/L/T=0/1/0  res=0.0  be=48.6  net=$-17.00
2026-09-19 19:01:25  INFO     DOTUSDT  dump_reclaim  dump=1.50  TP 2.50 SL 1.20  4h  n=1  W/L/T=0/1/0  res=0.0  be=37.8  net=$-14.00
2026-09-19 19:01:25  INFO     DOTUSDT  dump_reclaim  dump=1.50  TP 2.50 SL 1.20  8h  n=1  W/L/T=0/1/0  res=0.0  be=37.8  net=$-14.00
2026-09-19 19:01:25  INFO     DOTUSDT  dump_reclaim  dump=1.50  TP 2.50 SL 1.20  12h  n=1  W/L/T=0/1/0  res=0.0  be=37.8  net=$-14.00
2026-09-19 19:01:25  INFO     DOTUSDT  dump_reclaim  dump=1.50  TP 3.00 SL 1.50  4h  n=1  W/L/T=0/1/0  res=0.0  be=37.8  net=$-17.00
2026-09-19 19:01:25  INFO     DOTUSDT  dump_reclaim  dump=1.50  TP 3.00 SL 1.50  8h  n=1  W/L/T=0/1/0  res=0.0  be=37.8  net=$-17.00
2026-09-19 19:01:25  INFO     DOTUSDT  dump_reclaim  dump=1.50  TP 3.00 SL 1.50  12h  n=1  W/L/T=0/1/0  res=0.0  be=37.8  net=$-17.00
2026-09-19 19:01:25  INFO     ETHUSDT: ETHUSDT_1m_1789038480000_1789643280000.json
2026-09-19 19:01:25  INFO     ETHUSDT: 10,081 1-minute bars
2026-09-19 19:01:25  INFO     ETHUSDT  always_in_15m  dump=0.00  TP 1.50 SL 1.00  4h  n=54  W/L/T=6/20/28  res=23.1  be=48.0  net=$-165.09
2026-09-19 19:01:25  INFO     ETHUSDT  always_in_15m  dump=0.00  TP 1.50 SL 1.00  8h  n=44  W/L/T=10/26/8  res=27.8  be=48.0  net=$-169.63
2026-09-19 19:01:25  INFO     ETHUSDT  always_in_15m  dump=0.00  TP 1.50 SL 1.00  12h  n=37  W/L/T=10/23/4  res=30.3  be=48.0  net=$-145.37
2026-09-19 19:01:25  INFO     ETHUSDT  always_in_15m  dump=0.00  TP 2.00 SL 1.00  4h  n=51  W/L/T=3/18/30  res=14.3  be=40.0  net=$-148.28
2026-09-19 19:01:25  INFO     ETHUSDT  always_in_15m  dump=0.00  TP 2.00 SL 1.00  8h  n=40  W/L/T=5/25/10  res=16.7  be=40.0  net=$-172.25
2026-09-19 19:01:25  INFO     ETHUSDT  always_in_15m  dump=0.00  TP 2.00 SL 1.00  12h  n=34  W/L/T=7/21/6  res=25.0  be=40.0  net=$-127.95
2026-09-19 19:01:25  INFO     ETHUSDT  always_in_15m  dump=0.00  TP 2.00 SL 1.50  4h  n=47  W/L/T=4/11/32  res=26.7  be=48.6  net=$-157.28
2026-09-19 19:01:25  INFO     ETHUSDT  always_in_15m  dump=0.00  TP 2.00 SL 1.50  8h  n=29  W/L/T=5/11/13  res=31.2  be=48.6  net=$-80.09
2026-09-19 19:01:25  INFO     ETHUSDT  always_in_15m  dump=0.00  TP 2.00 SL 1.50  12h  n=24  W/L/T=4/12/8  res=25.0  be=48.6  net=$-104.53
2026-09-19 19:01:25  INFO     ETHUSDT  always_in_15m  dump=0.00  TP 2.50 SL 1.20  4h  n=47  W/L/T=3/11/33  res=21.4  be=37.8  net=$-108.58
2026-09-19 19:01:25  INFO     ETHUSDT  always_in_15m  dump=0.00  TP 2.50 SL 1.20  8h  n=29  W/L/T=3/14/12  res=17.6  be=37.8  net=$-108.05
2026-09-19 19:01:25  INFO     ETHUSDT  always_in_15m  dump=0.00  TP 2.50 SL 1.20  12h  n=24  W/L/T=4/13/7  res=23.5  be=37.8  net=$-74.39
2026-09-19 19:01:25  INFO     ETHUSDT  always_in_15m  dump=0.00  TP 3.00 SL 1.50  4h  n=43  W/L/T=1/9/33  res=10.0  be=37.8  net=$-160.99
2026-09-19 19:01:25  INFO     ETHUSDT  always_in_15m  dump=0.00  TP 3.00 SL 1.50  8h  n=26  W/L/T=2/11/13  res=15.4  be=37.8  net=$-82.28
2026-09-19 19:01:25  INFO     ETHUSDT  always_in_15m  dump=0.00  TP 3.00 SL 1.50  12h  n=22  W/L/T=2/12/8  res=14.3  be=37.8  net=$-106.59
2026-09-19 19:01:25  INFO     ETHUSDT  dump_reclaim  dump=0.80  TP 1.50 SL 1.00  4h  n=0  W/L/T=0/0/0  res=-1.0  be=48.0  net=$0.00
2026-09-19 19:01:25  INFO     ETHUSDT  dump_reclaim  dump=0.80  TP 1.50 SL 1.00  8h  n=0  W/L/T=0/0/0  res=-1.0  be=48.0  net=$0.00
2026-09-19 19:01:25  INFO     ETHUSDT  dump_reclaim  dump=0.80  TP 1.50 SL 1.00  12h  n=0  W/L/T=0/0/0  res=-1.0  be=48.0  net=$0.00
2026-09-19 19:01:25  INFO     ETHUSDT  dump_reclaim  dump=0.80  TP 2.00 SL 1.00  4h  n=0  W/L/T=0/0/0  res=-1.0  be=40.0  net=$0.00
2026-09-19 19:01:25  INFO     ETHUSDT  dump_reclaim  dump=0.80  TP 2.00 SL 1.00  8h  n=0  W/L/T=0/0/0  res=-1.0  be=40.0  net=$0.00
2026-09-19 19:01:25  INFO     ETHUSDT  dump_reclaim  dump=0.80  TP 2.00 SL 1.00  12h  n=0  W/L/T=0/0/0  res=-1.0  be=40.0  net=$0.00
2026-09-19 19:01:25  INFO     ETHUSDT  dump_reclaim  dump=0.80  TP 2.00 SL 1.50  4h  n=0  W/L/T=0/0/0  res=-1.0  be=48.6  net=$0.00
2026-09-19 19:01:25  INFO     ETHUSDT  dump_reclaim  dump=0.80  TP 2.00 SL 1.50  8h  n=0  W/L/T=0/0/0  res=-1.0  be=48.6  net=$0.00
2026-09-19 19:01:25  INFO     ETHUSDT  dump_reclaim  dump=0.80  TP 2.00 SL 1.50  12h  n=0  W/L/T=0/0/0  res=-1.0  be=48.6  net=$0.00
2026-09-19 19:01:25  INFO     ETHUSDT  dump_reclaim  dump=0.80  TP 2.50 SL 1.20  4h  n=0  W/L/T=0/0/0  res=-1.0  be=37.8  net=$0.00
2026-09-19 19:01:25  INFO     ETHUSDT  dump_reclaim  dump=0.80  TP 2.50 SL 1.20  8h  n=0  W/L/T=0/0/0  res=-1.0  be=37.8  net=$0.00
2026-09-19 19:01:25  INFO     ETHUSDT  dump_reclaim  dump=0.80  TP 2.50 SL 1.20  12h  n=0  W/L/T=0/0/0  res=-1.0  be=37.8  net=$0.00
2026-09-19 19:01:25  INFO     ETHUSDT  dump_reclaim  dump=0.80  TP 3.00 SL 1.50  4h  n=0  W/L/T=0/0/0  res=-1.0  be=37.8  net=$0.00
2026-09-19 19:01:25  INFO     ETHUSDT  dump_reclaim  dump=0.80  TP 3.00 SL 1.50  8h  n=0  W/L/T=0/0/0  res=-1.0  be=37.8  net=$0.00
2026-09-19 19:01:25  INFO     ETHUSDT  dump_reclaim  dump=0.80  TP 3.00 SL 1.50  12h  n=0  W/L/T=0/0/0  res=-1.0  be=37.8  net=$0.00
2026-09-19 19:01:25  INFO     ETHUSDT  dump_reclaim  dump=1.20  TP 1.50 SL 1.00  4h  n=0  W/L/T=0/0/0  res=-1.0  be=48.0  net=$0.00
2026-09-19 19:01:25  INFO     ETHUSDT  dump_reclaim  dump=1.20  TP 1.50 SL 1.00  8h  n=0  W/L/T=0/0/0  res=-1.0  be=48.0  net=$0.00
2026-09-19 19:01:25  INFO     ETHUSDT  dump_reclaim  dump=1.20  TP 1.50 SL 1.00  12h  n=0  W/L/T=0/0/0  res=-1.0  be=48.0  net=$0.00
2026-09-19 19:01:25  INFO     ETHUSDT  dump_reclaim  dump=1.20  TP 2.00 SL 1.00  4h  n=0  W/L/T=0/0/0  res=-1.0  be=40.0  net=$0.00
2026-09-19 19:01:25  INFO     ETHUSDT  dump_reclaim  dump=1.20  TP 2.00 SL 1.00  8h  n=0  W/L/T=0/0/0  res=-1.0  be=40.0  net=$0.00
2026-09-19 19:01:25  INFO     ETHUSDT  dump_reclaim  dump=1.20  TP 2.00 SL 1.00  12h  n=0  W/L/T=0/0/0  res=-1.0  be=40.0  net=$0.00
2026-09-19 19:01:25  INFO     ETHUSDT  dump_reclaim  dump=1.20  TP 2.00 SL 1.50  4h  n=0  W/L/T=0/0/0  res=-1.0  be=48.6  net=$0.00
2026-09-19 19:01:25  INFO     ETHUSDT  dump_reclaim  dump=1.20  TP 2.00 SL 1.50  8h  n=0  W/L/T=0/0/0  res=-1.0  be=48.6  net=$0.00
2026-09-19 19:01:25  INFO     ETHUSDT  dump_reclaim  dump=1.20  TP 2.00 SL 1.50  12h  n=0  W/L/T=0/0/0  res=-1.0  be=48.6  net=$0.00
2026-09-19 19:01:25  INFO     ETHUSDT  dump_reclaim  dump=1.20  TP 2.50 SL 1.20  4h  n=0  W/L/T=0/0/0  res=-1.0  be=37.8  net=$0.00
2026-09-19 19:01:25  INFO     ETHUSDT  dump_reclaim  dump=1.20  TP 2.50 SL 1.20  8h  n=0  W/L/T=0/0/0  res=-1.0  be=37.8  net=$0.00
2026-09-19 19:01:25  INFO     ETHUSDT  dump_reclaim  dump=1.20  TP 2.50 SL 1.20  12h  n=0  W/L/T=0/0/0  res=-1.0  be=37.8  net=$0.00
2026-09-19 19:01:25  INFO     ETHUSDT  dump_reclaim  dump=1.20  TP 3.00 SL 1.50  4h  n=0  W/L/T=0/0/0  res=-1.0  be=37.8  net=$0.00
2026-09-19 19:01:25  INFO     ETHUSDT  dump_reclaim  dump=1.20  TP 3.00 SL 1.50  8h  n=0  W/L/T=0/0/0  res=-1.0  be=37.8  net=$0.00
2026-09-19 19:01:25  INFO     ETHUSDT  dump_reclaim  dump=1.20  TP 3.00 SL 1.50  12h  n=0  W/L/T=0/0/0  res=-1.0  be=37.8  net=$0.00
2026-09-19 19:01:25  INFO     ETHUSDT  dump_reclaim  dump=1.50  TP 1.50 SL 1.00  4h  n=0  W/L/T=0/0/0  res=-1.0  be=48.0  net=$0.00
2026-09-19 19:01:25  INFO     ETHUSDT  dump_reclaim  dump=1.50  TP 1.50 SL 1.00  8h  n=0  W/L/T=0/0/0  res=-1.0  be=48.0  net=$0.00
2026-09-19 19:01:25  INFO     ETHUSDT  dump_reclaim  dump=1.50  TP 1.50 SL 1.00  12h  n=0  W/L/T=0/0/0  res=-1.0  be=48.0  net=$0.00
2026-09-19 19:01:25  INFO     ETHUSDT  dump_reclaim  dump=1.50  TP 2.00 SL 1.00  4h  n=0  W/L/T=0/0/0  res=-1.0  be=40.0  net=$0.00
2026-09-19 19:01:25  INFO     ETHUSDT  dump_reclaim  dump=1.50  TP 2.00 SL 1.00  8h  n=0  W/L/T=0/0/0  res=-1.0  be=40.0  net=$0.00
2026-09-19 19:01:25  INFO     ETHUSDT  dump_reclaim  dump=1.50  TP 2.00 SL 1.00  12h  n=0  W/L/T=0/0/0  res=-1.0  be=40.0  net=$0.00
2026-09-19 19:01:25  INFO     ETHUSDT  dump_reclaim  dump=1.50  TP 2.00 SL 1.50  4h  n=0  W/L/T=0/0/0  res=-1.0  be=48.6  net=$0.00
2026-09-19 19:01:25  INFO     ETHUSDT  dump_reclaim  dump=1.50  TP 2.00 SL 1.50  8h  n=0  W/L/T=0/0/0  res=-1.0  be=48.6  net=$0.00
2026-09-19 19:01:25  INFO     ETHUSDT  dump_reclaim  dump=1.50  TP 2.00 SL 1.50  12h  n=0  W/L/T=0/0/0  res=-1.0  be=48.6  net=$0.00
2026-09-19 19:01:25  INFO     ETHUSDT  dump_reclaim  dump=1.50  TP 2.50 SL 1.20  4h  n=0  W/L/T=0/0/0  res=-1.0  be=37.8  net=$0.00
2026-09-19 19:01:25  INFO     ETHUSDT  dump_reclaim  dump=1.50  TP 2.50 SL 1.20  8h  n=0  W/L/T=0/0/0  res=-1.0  be=37.8  net=$0.00
2026-09-19 19:01:25  INFO     ETHUSDT  dump_reclaim  dump=1.50  TP 2.50 SL 1.20  12h  n=0  W/L/T=0/0/0  res=-1.0  be=37.8  net=$0.00
2026-09-19 19:01:25  INFO     ETHUSDT  dump_reclaim  dump=1.50  TP 3.00 SL 1.50  4h  n=0  W/L/T=0/0/0  res=-1.0  be=37.8  net=$0.00
2026-09-19 19:01:25  INFO     ETHUSDT  dump_reclaim  dump=1.50  TP 3.00 SL 1.50  8h  n=0  W/L/T=0/0/0  res=-1.0  be=37.8  net=$0.00
2026-09-19 19:01:25  INFO     ETHUSDT  dump_reclaim  dump=1.50  TP 3.00 SL 1.50  12h  n=0  W/L/T=0/0/0  res=-1.0  be=37.8  net=$0.00
2026-09-19 19:01:25  INFO     FILUSDT: FILUSDT_1m_1789038480000_1789643280000.json
2026-09-19 19:01:26  INFO     FILUSDT: 10,081 1-minute bars
2026-09-19 19:01:26  INFO     FILUSDT  always_in_15m  dump=0.00  TP 1.50 SL 1.00  4h  n=123  W/L/T=46/65/12  res=41.4  be=48.0  net=$-186.74
2026-09-19 19:01:26  INFO     FILUSDT  always_in_15m  dump=0.00  TP 1.50 SL 1.00  8h  n=118  W/L/T=48/67/3  res=41.7  be=48.0  net=$-176.81
2026-09-19 19:01:26  INFO     FILUSDT  always_in_15m  dump=0.00  TP 1.50 SL 1.00  12h  n=116  W/L/T=48/67/1  res=41.7  be=48.0  net=$-176.10
2026-09-19 19:01:26  INFO     FILUSDT  always_in_15m  dump=0.00  TP 2.00 SL 1.00  4h  n=113  W/L/T=36/63/14  res=36.4  be=40.0  net=$-92.07
2026-09-19 19:01:26  INFO     FILUSDT  always_in_15m  dump=0.00  TP 2.00 SL 1.00  8h  n=102  W/L/T=34/63/5  res=35.1  be=40.0  net=$-119.83
2026-09-19 19:01:26  INFO     FILUSDT  always_in_15m  dump=0.00  TP 2.00 SL 1.00  12h  n=100  W/L/T=36/63/1  res=36.4  be=40.0  net=$-104.10
2026-09-19 19:01:26  INFO     FILUSDT  always_in_15m  dump=0.00  TP 2.00 SL 1.50  4h  n=91  W/L/T=33/41/17  res=44.6  be=48.6  net=$-95.14
2026-09-19 19:01:26  INFO     FILUSDT  always_in_15m  dump=0.00  TP 2.00 SL 1.50  8h  n=79  W/L/T=33/40/6  res=45.2  be=48.6  net=$-72.69
2026-09-19 19:01:26  INFO     FILUSDT  always_in_15m  dump=0.00  TP 2.00 SL 1.50  12h  n=77  W/L/T=34/40/3  res=45.9  be=48.6  net=$-79.96
2026-09-19 19:01:26  INFO     FILUSDT  always_in_15m  dump=0.00  TP 2.50 SL 1.20  4h  n=89  W/L/T=21/51/17  res=29.2  be=37.8  net=$-201.61
2026-09-19 19:01:26  INFO     FILUSDT  always_in_15m  dump=0.00  TP 2.50 SL 1.20  8h  n=75  W/L/T=20/47/8  res=29.9  be=37.8  net=$-149.68
2026-09-19 19:01:26  INFO     FILUSDT  always_in_15m  dump=0.00  TP 2.50 SL 1.20  12h  n=72  W/L/T=21/47/4  res=30.9  be=37.8  net=$-157.70
2026-09-19 19:01:26  INFO     FILUSDT  always_in_15m  dump=0.00  TP 3.00 SL 1.50  4h  n=75  W/L/T=20/36/19  res=35.7  be=37.8  net=$-23.70
2026-09-19 19:01:26  INFO     FILUSDT  always_in_15m  dump=0.00  TP 3.00 SL 1.50  8h  n=62  W/L/T=19/34/9  res=35.8  be=37.8  net=$-3.13
2026-09-19 19:01:26  INFO     FILUSDT  always_in_15m  dump=0.00  TP 3.00 SL 1.50  12h  n=59  W/L/T=19/33/7  res=36.5  be=37.8  net=$-14.63
2026-09-19 19:01:26  INFO     FILUSDT  dump_reclaim  dump=0.80  TP 1.50 SL 1.00  4h  n=8  W/L/T=2/6/0  res=25.0  be=48.0  net=$-46.00
2026-09-19 19:01:26  INFO     FILUSDT  dump_reclaim  dump=0.80  TP 1.50 SL 1.00  8h  n=8  W/L/T=2/6/0  res=25.0  be=48.0  net=$-46.00
2026-09-19 19:01:26  INFO     FILUSDT  dump_reclaim  dump=0.80  TP 1.50 SL 1.00  12h  n=8  W/L/T=2/6/0  res=25.0  be=48.0  net=$-46.00
2026-09-19 19:01:26  INFO     FILUSDT  dump_reclaim  dump=0.80  TP 2.00 SL 1.00  4h  n=8  W/L/T=2/6/0  res=25.0  be=40.0  net=$-36.00
2026-09-19 19:01:26  INFO     FILUSDT  dump_reclaim  dump=0.80  TP 2.00 SL 1.00  8h  n=8  W/L/T=2/6/0  res=25.0  be=40.0  net=$-36.00
2026-09-19 19:01:26  INFO     FILUSDT  dump_reclaim  dump=0.80  TP 2.00 SL 1.00  12h  n=8  W/L/T=2/6/0  res=25.0  be=40.0  net=$-36.00
2026-09-19 19:01:26  INFO     FILUSDT  dump_reclaim  dump=0.80  TP 2.00 SL 1.50  4h  n=8  W/L/T=5/3/0  res=62.5  be=48.6  net=$39.00
2026-09-19 19:01:26  INFO     FILUSDT  dump_reclaim  dump=0.80  TP 2.00 SL 1.50  8h  n=8  W/L/T=5/3/0  res=62.5  be=48.6  net=$39.00
2026-09-19 19:01:26  INFO     FILUSDT  dump_reclaim  dump=0.80  TP 2.00 SL 1.50  12h  n=8  W/L/T=5/3/0  res=62.5  be=48.6  net=$39.00
2026-09-19 19:01:26  INFO     FILUSDT  dump_reclaim  dump=0.80  TP 2.50 SL 1.20  4h  n=6  W/L/T=2/3/1  res=40.0  be=37.8  net=$20.22
2026-09-19 19:01:26  INFO     FILUSDT  dump_reclaim  dump=0.80  TP 2.50 SL 1.20  8h  n=6  W/L/T=2/3/1  res=40.0  be=37.8  net=$4.11
2026-09-19 19:01:26  INFO     FILUSDT  dump_reclaim  dump=0.80  TP 2.50 SL 1.20  12h  n=6  W/L/T=2/4/0  res=33.3  be=37.8  net=$-10.00
2026-09-19 19:01:26  INFO     FILUSDT  dump_reclaim  dump=0.80  TP 3.00 SL 1.50  4h  n=6  W/L/T=2/3/1  res=40.0  be=37.8  net=$21.22
2026-09-19 19:01:26  INFO     FILUSDT  dump_reclaim  dump=0.80  TP 3.00 SL 1.50  8h  n=6  W/L/T=2/3/1  res=40.0  be=37.8  net=$5.11
2026-09-19 19:01:26  INFO     FILUSDT  dump_reclaim  dump=0.80  TP 3.00 SL 1.50  12h  n=6  W/L/T=2/4/0  res=33.3  be=37.8  net=$-12.00
2026-09-19 19:01:26  INFO     FILUSDT  dump_reclaim  dump=1.20  TP 1.50 SL 1.00  4h  n=4  W/L/T=1/3/0  res=25.0  be=48.0  net=$-23.00
2026-09-19 19:01:26  INFO     FILUSDT  dump_reclaim  dump=1.20  TP 1.50 SL 1.00  8h  n=4  W/L/T=1/3/0  res=25.0  be=48.0  net=$-23.00
2026-09-19 19:01:26  INFO     FILUSDT  dump_reclaim  dump=1.20  TP 1.50 SL 1.00  12h  n=4  W/L/T=1/3/0  res=25.0  be=48.0  net=$-23.00
2026-09-19 19:01:26  INFO     FILUSDT  dump_reclaim  dump=1.20  TP 2.00 SL 1.00  4h  n=4  W/L/T=1/3/0  res=25.0  be=40.0  net=$-18.00
2026-09-19 19:01:26  INFO     FILUSDT  dump_reclaim  dump=1.20  TP 2.00 SL 1.00  8h  n=4  W/L/T=1/3/0  res=25.0  be=40.0  net=$-18.00
2026-09-19 19:01:26  INFO     FILUSDT  dump_reclaim  dump=1.20  TP 2.00 SL 1.00  12h  n=4  W/L/T=1/3/0  res=25.0  be=40.0  net=$-18.00
2026-09-19 19:01:26  INFO     FILUSDT  dump_reclaim  dump=1.20  TP 2.00 SL 1.50  4h  n=4  W/L/T=3/1/0  res=75.0  be=48.6  net=$37.00
2026-09-19 19:01:26  INFO     FILUSDT  dump_reclaim  dump=1.20  TP 2.00 SL 1.50  8h  n=4  W/L/T=3/1/0  res=75.0  be=48.6  net=$37.00
2026-09-19 19:01:26  INFO     FILUSDT  dump_reclaim  dump=1.20  TP 2.00 SL 1.50  12h  n=4  W/L/T=3/1/0  res=75.0  be=48.6  net=$37.00
2026-09-19 19:01:26  INFO     FILUSDT  dump_reclaim  dump=1.20  TP 2.50 SL 1.20  4h  n=4  W/L/T=2/2/0  res=50.0  be=37.8  net=$18.00
2026-09-19 19:01:26  INFO     FILUSDT  dump_reclaim  dump=1.20  TP 2.50 SL 1.20  8h  n=4  W/L/T=2/2/0  res=50.0  be=37.8  net=$18.00
2026-09-19 19:01:26  INFO     FILUSDT  dump_reclaim  dump=1.20  TP 2.50 SL 1.20  12h  n=4  W/L/T=2/2/0  res=50.0  be=37.8  net=$18.00
2026-09-19 19:01:26  INFO     FILUSDT  dump_reclaim  dump=1.20  TP 3.00 SL 1.50  4h  n=4  W/L/T=2/2/0  res=50.0  be=37.8  net=$22.00
2026-09-19 19:01:26  INFO     FILUSDT  dump_reclaim  dump=1.20  TP 3.00 SL 1.50  8h  n=4  W/L/T=2/2/0  res=50.0  be=37.8  net=$22.00
2026-09-19 19:01:26  INFO     FILUSDT  dump_reclaim  dump=1.20  TP 3.00 SL 1.50  12h  n=4  W/L/T=2/2/0  res=50.0  be=37.8  net=$22.00
2026-09-19 19:01:26  INFO     FILUSDT  dump_reclaim  dump=1.50  TP 1.50 SL 1.00  4h  n=2  W/L/T=1/1/0  res=50.0  be=48.0  net=$1.00
2026-09-19 19:01:26  INFO     FILUSDT  dump_reclaim  dump=1.50  TP 1.50 SL 1.00  8h  n=2  W/L/T=1/1/0  res=50.0  be=48.0  net=$1.00
2026-09-19 19:01:26  INFO     FILUSDT  dump_reclaim  dump=1.50  TP 1.50 SL 1.00  12h  n=2  W/L/T=1/1/0  res=50.0  be=48.0  net=$1.00
2026-09-19 19:01:26  INFO     FILUSDT  dump_reclaim  dump=1.50  TP 2.00 SL 1.00  4h  n=2  W/L/T=1/1/0  res=50.0  be=40.0  net=$6.00
2026-09-19 19:01:26  INFO     FILUSDT  dump_reclaim  dump=1.50  TP 2.00 SL 1.00  8h  n=2  W/L/T=1/1/0  res=50.0  be=40.0  net=$6.00
2026-09-19 19:01:26  INFO     FILUSDT  dump_reclaim  dump=1.50  TP 2.00 SL 1.00  12h  n=2  W/L/T=1/1/0  res=50.0  be=40.0  net=$6.00
2026-09-19 19:01:26  INFO     FILUSDT  dump_reclaim  dump=1.50  TP 2.00 SL 1.50  4h  n=2  W/L/T=2/0/0  res=100.0  be=48.6  net=$36.00
2026-09-19 19:01:26  INFO     FILUSDT  dump_reclaim  dump=1.50  TP 2.00 SL 1.50  8h  n=2  W/L/T=2/0/0  res=100.0  be=48.6  net=$36.00
2026-09-19 19:01:26  INFO     FILUSDT  dump_reclaim  dump=1.50  TP 2.00 SL 1.50  12h  n=2  W/L/T=2/0/0  res=100.0  be=48.6  net=$36.00
2026-09-19 19:01:26  INFO     FILUSDT  dump_reclaim  dump=1.50  TP 2.50 SL 1.20  4h  n=2  W/L/T=1/1/0  res=50.0  be=37.8  net=$9.00
2026-09-19 19:01:26  INFO     FILUSDT  dump_reclaim  dump=1.50  TP 2.50 SL 1.20  8h  n=2  W/L/T=1/1/0  res=50.0  be=37.8  net=$9.00
2026-09-19 19:01:26  INFO     FILUSDT  dump_reclaim  dump=1.50  TP 2.50 SL 1.20  12h  n=2  W/L/T=1/1/0  res=50.0  be=37.8  net=$9.00
2026-09-19 19:01:26  INFO     FILUSDT  dump_reclaim  dump=1.50  TP 3.00 SL 1.50  4h  n=2  W/L/T=1/1/0  res=50.0  be=37.8  net=$11.00
2026-09-19 19:01:26  INFO     FILUSDT  dump_reclaim  dump=1.50  TP 3.00 SL 1.50  8h  n=2  W/L/T=1/1/0  res=50.0  be=37.8  net=$11.00
2026-09-19 19:01:26  INFO     FILUSDT  dump_reclaim  dump=1.50  TP 3.00 SL 1.50  12h  n=2  W/L/T=1/1/0  res=50.0  be=37.8  net=$11.00
2026-09-19 19:01:26  INFO     LINKUSDT: LINKUSDT_1m_1789038480000_1789643280000.json
2026-09-19 19:01:26  INFO     LINKUSDT: 10,081 1-minute bars
2026-09-19 19:01:26  INFO     LINKUSDT  always_in_15m  dump=0.00  TP 1.50 SL 1.00  4h  n=58  W/L/T=11/23/24  res=32.4  be=48.0  net=$-157.91
2026-09-19 19:01:26  INFO     LINKUSDT  always_in_15m  dump=0.00  TP 1.50 SL 1.00  8h  n=47  W/L/T=14/25/8  res=35.9  be=48.0  net=$-121.42
2026-09-19 19:01:26  INFO     LINKUSDT  always_in_15m  dump=0.00  TP 1.50 SL 1.00  12h  n=39  W/L/T=12/22/5  res=35.3  be=48.0  net=$-127.62
2026-09-19 19:01:26  INFO     LINKUSDT  always_in_15m  dump=0.00  TP 2.00 SL 1.00  4h  n=56  W/L/T=9/25/22  res=26.5  be=40.0  net=$-177.08
2026-09-19 19:01:26  INFO     LINKUSDT  always_in_15m  dump=0.00  TP 2.00 SL 1.00  8h  n=46  W/L/T=11/26/9  res=29.7  be=40.0  net=$-116.57
2026-09-19 19:01:26  INFO     LINKUSDT  always_in_15m  dump=0.00  TP 2.00 SL 1.00  12h  n=38  W/L/T=10/24/4  res=29.4  be=40.0  net=$-121.57
2026-09-19 19:01:26  INFO     LINKUSDT  always_in_15m  dump=0.00  TP 2.00 SL 1.50  4h  n=48  W/L/T=7/15/26  res=31.8  be=48.6  net=$-162.48
2026-09-19 19:01:26  INFO     LINKUSDT  always_in_15m  dump=0.00  TP 2.00 SL 1.50  8h  n=33  W/L/T=8/16/9  res=33.3  be=48.6  net=$-129.13
2026-09-19 19:01:26  INFO     LINKUSDT  always_in_15m  dump=0.00  TP 2.00 SL 1.50  12h  n=29  W/L/T=7/15/7  res=31.8  be=48.6  net=$-128.51
2026-09-19 19:01:26  INFO     LINKUSDT  always_in_15m  dump=0.00  TP 2.50 SL 1.20  4h  n=51  W/L/T=4/20/27  res=16.7  be=37.8  net=$-168.19
2026-09-19 19:01:26  INFO     LINKUSDT  always_in_15m  dump=0.00  TP 2.50 SL 1.20  8h  n=35  W/L/T=6/19/10  res=24.0  be=37.8  net=$-103.02
2026-09-19 19:01:26  INFO     LINKUSDT  always_in_15m  dump=0.00  TP 2.50 SL 1.20  12h  n=31  W/L/T=7/18/6  res=28.0  be=37.8  net=$-101.48
2026-09-19 19:01:26  INFO     LINKUSDT  always_in_15m  dump=0.00  TP 3.00 SL 1.50  4h  n=44  W/L/T=2/12/30  res=14.3  be=37.8  net=$-148.16
2026-09-19 19:01:26  INFO     LINKUSDT  always_in_15m  dump=0.00  TP 3.00 SL 1.50  8h  n=31  W/L/T=4/15/12  res=21.1  be=37.8  net=$-116.51
2026-09-19 19:01:26  INFO     LINKUSDT  always_in_15m  dump=0.00  TP 3.00 SL 1.50  12h  n=24  W/L/T=4/12/8  res=25.0  be=37.8  net=$-85.57
2026-09-19 19:01:26  INFO     LINKUSDT  dump_reclaim  dump=0.80  TP 1.50 SL 1.00  4h  n=1  W/L/T=1/0/0  res=100.0  be=48.0  net=$13.00
2026-09-19 19:01:26  INFO     LINKUSDT  dump_reclaim  dump=0.80  TP 1.50 SL 1.00  8h  n=1  W/L/T=1/0/0  res=100.0  be=48.0  net=$13.00
2026-09-19 19:01:26  INFO     LINKUSDT  dump_reclaim  dump=0.80  TP 1.50 SL 1.00  12h  n=1  W/L/T=1/0/0  res=100.0  be=48.0  net=$13.00
2026-09-19 19:01:26  INFO     LINKUSDT  dump_reclaim  dump=0.80  TP 2.00 SL 1.00  4h  n=1  W/L/T=0/0/1  res=-1.0  be=40.0  net=$10.71
2026-09-19 19:01:26  INFO     LINKUSDT  dump_reclaim  dump=0.80  TP 2.00 SL 1.00  8h  n=1  W/L/T=0/0/1  res=-1.0  be=40.0  net=$10.71
2026-09-19 19:01:26  INFO     LINKUSDT  dump_reclaim  dump=0.80  TP 2.00 SL 1.00  12h  n=1  W/L/T=1/0/0  res=100.0  be=40.0  net=$18.00
2026-09-19 19:01:26  INFO     LINKUSDT  dump_reclaim  dump=0.80  TP 2.00 SL 1.50  4h  n=1  W/L/T=0/0/1  res=-1.0  be=48.6  net=$10.71
2026-09-19 19:01:26  INFO     LINKUSDT  dump_reclaim  dump=0.80  TP 2.00 SL 1.50  8h  n=1  W/L/T=0/0/1  res=-1.0  be=48.6  net=$10.71
2026-09-19 19:01:26  INFO     LINKUSDT  dump_reclaim  dump=0.80  TP 2.00 SL 1.50  12h  n=1  W/L/T=1/0/0  res=100.0  be=48.6  net=$18.00
2026-09-19 19:01:26  INFO     LINKUSDT  dump_reclaim  dump=0.80  TP 2.50 SL 1.20  4h  n=0  W/L/T=0/0/0  res=-1.0  be=37.8  net=$0.00
2026-09-19 19:01:26  INFO     LINKUSDT  dump_reclaim  dump=0.80  TP 2.50 SL 1.20  8h  n=0  W/L/T=0/0/0  res=-1.0  be=37.8  net=$0.00
2026-09-19 19:01:26  INFO     LINKUSDT  dump_reclaim  dump=0.80  TP 2.50 SL 1.20  12h  n=0  W/L/T=0/0/0  res=-1.0  be=37.8  net=$0.00
2026-09-19 19:01:26  INFO     LINKUSDT  dump_reclaim  dump=0.80  TP 3.00 SL 1.50  4h  n=0  W/L/T=0/0/0  res=-1.0  be=37.8  net=$0.00
2026-09-19 19:01:26  INFO     LINKUSDT  dump_reclaim  dump=0.80  TP 3.00 SL 1.50  8h  n=0  W/L/T=0/0/0  res=-1.0  be=37.8  net=$0.00
2026-09-19 19:01:26  INFO     LINKUSDT  dump_reclaim  dump=0.80  TP 3.00 SL 1.50  12h  n=0  W/L/T=0/0/0  res=-1.0  be=37.8  net=$0.00
2026-09-19 19:01:26  INFO     LINKUSDT  dump_reclaim  dump=1.20  TP 1.50 SL 1.00  4h  n=0  W/L/T=0/0/0  res=-1.0  be=48.0  net=$0.00
2026-09-19 19:01:26  INFO     LINKUSDT  dump_reclaim  dump=1.20  TP 1.50 SL 1.00  8h  n=0  W/L/T=0/0/0  res=-1.0  be=48.0  net=$0.00
2026-09-19 19:01:26  INFO     LINKUSDT  dump_reclaim  dump=1.20  TP 1.50 SL 1.00  12h  n=0  W/L/T=0/0/0  res=-1.0  be=48.0  net=$0.00
2026-09-19 19:01:26  INFO     LINKUSDT  dump_reclaim  dump=1.20  TP 2.00 SL 1.00  4h  n=0  W/L/T=0/0/0  res=-1.0  be=40.0  net=$0.00
2026-09-19 19:01:26  INFO     LINKUSDT  dump_reclaim  dump=1.20  TP 2.00 SL 1.00  8h  n=0  W/L/T=0/0/0  res=-1.0  be=40.0  net=$0.00
2026-09-19 19:01:26  INFO     LINKUSDT  dump_reclaim  dump=1.20  TP 2.00 SL 1.00  12h  n=0  W/L/T=0/0/0  res=-1.0  be=40.0  net=$0.00
2026-09-19 19:01:26  INFO     LINKUSDT  dump_reclaim  dump=1.20  TP 2.00 SL 1.50  4h  n=0  W/L/T=0/0/0  res=-1.0  be=48.6  net=$0.00
2026-09-19 19:01:26  INFO     LINKUSDT  dump_reclaim  dump=1.20  TP 2.00 SL 1.50  8h  n=0  W/L/T=0/0/0  res=-1.0  be=48.6  net=$0.00
2026-09-19 19:01:26  INFO     LINKUSDT  dump_reclaim  dump=1.20  TP 2.00 SL 1.50  12h  n=0  W/L/T=0/0/0  res=-1.0  be=48.6  net=$0.00
2026-09-19 19:01:26  INFO     LINKUSDT  dump_reclaim  dump=1.20  TP 2.50 SL 1.20  4h  n=0  W/L/T=0/0/0  res=-1.0  be=37.8  net=$0.00
2026-09-19 19:01:26  INFO     LINKUSDT  dump_reclaim  dump=1.20  TP 2.50 SL 1.20  8h  n=0  W/L/T=0/0/0  res=-1.0  be=37.8  net=$0.00
2026-09-19 19:01:26  INFO     LINKUSDT  dump_reclaim  dump=1.20  TP 2.50 SL 1.20  12h  n=0  W/L/T=0/0/0  res=-1.0  be=37.8  net=$0.00
2026-09-19 19:01:26  INFO     LINKUSDT  dump_reclaim  dump=1.20  TP 3.00 SL 1.50  4h  n=0  W/L/T=0/0/0  res=-1.0  be=37.8  net=$0.00
2026-09-19 19:01:26  INFO     LINKUSDT  dump_reclaim  dump=1.20  TP 3.00 SL 1.50  8h  n=0  W/L/T=0/0/0  res=-1.0  be=37.8  net=$0.00
2026-09-19 19:01:26  INFO     LINKUSDT  dump_reclaim  dump=1.20  TP 3.00 SL 1.50  12h  n=0  W/L/T=0/0/0  res=-1.0  be=37.8  net=$0.00
2026-09-19 19:01:26  INFO     LINKUSDT  dump_reclaim  dump=1.50  TP 1.50 SL 1.00  4h  n=0  W/L/T=0/0/0  res=-1.0  be=48.0  net=$0.00
2026-09-19 19:01:26  INFO     LINKUSDT  dump_reclaim  dump=1.50  TP 1.50 SL 1.00  8h  n=0  W/L/T=0/0/0  res=-1.0  be=48.0  net=$0.00
2026-09-19 19:01:26  INFO     LINKUSDT  dump_reclaim  dump=1.50  TP 1.50 SL 1.00  12h  n=0  W/L/T=0/0/0  res=-1.0  be=48.0  net=$0.00
2026-09-19 19:01:26  INFO     LINKUSDT  dump_reclaim  dump=1.50  TP 2.00 SL 1.00  4h  n=0  W/L/T=0/0/0  res=-1.0  be=40.0  net=$0.00
2026-09-19 19:01:26  INFO     LINKUSDT  dump_reclaim  dump=1.50  TP 2.00 SL 1.00  8h  n=0  W/L/T=0/0/0  res=-1.0  be=40.0  net=$0.00
2026-09-19 19:01:26  INFO     LINKUSDT  dump_reclaim  dump=1.50  TP 2.00 SL 1.00  12h  n=0  W/L/T=0/0/0  res=-1.0  be=40.0  net=$0.00
2026-09-19 19:01:26  INFO     LINKUSDT  dump_reclaim  dump=1.50  TP 2.00 SL 1.50  4h  n=0  W/L/T=0/0/0  res=-1.0  be=48.6  net=$0.00
2026-09-19 19:01:26  INFO     LINKUSDT  dump_reclaim  dump=1.50  TP 2.00 SL 1.50  8h  n=0  W/L/T=0/0/0  res=-1.0  be=48.6  net=$0.00
2026-09-19 19:01:26  INFO     LINKUSDT  dump_reclaim  dump=1.50  TP 2.00 SL 1.50  12h  n=0  W/L/T=0/0/0  res=-1.0  be=48.6  net=$0.00
2026-09-19 19:01:26  INFO     LINKUSDT  dump_reclaim  dump=1.50  TP 2.50 SL 1.20  4h  n=0  W/L/T=0/0/0  res=-1.0  be=37.8  net=$0.00
2026-09-19 19:01:26  INFO     LINKUSDT  dump_reclaim  dump=1.50  TP 2.50 SL 1.20  8h  n=0  W/L/T=0/0/0  res=-1.0  be=37.8  net=$0.00
2026-09-19 19:01:26  INFO     LINKUSDT  dump_reclaim  dump=1.50  TP 2.50 SL 1.20  12h  n=0  W/L/T=0/0/0  res=-1.0  be=37.8  net=$0.00
2026-09-19 19:01:26  INFO     LINKUSDT  dump_reclaim  dump=1.50  TP 3.00 SL 1.50  4h  n=0  W/L/T=0/0/0  res=-1.0  be=37.8  net=$0.00
2026-09-19 19:01:26  INFO     LINKUSDT  dump_reclaim  dump=1.50  TP 3.00 SL 1.50  8h  n=0  W/L/T=0/0/0  res=-1.0  be=37.8  net=$0.00
2026-09-19 19:01:26  INFO     LINKUSDT  dump_reclaim  dump=1.50  TP 3.00 SL 1.50  12h  n=0  W/L/T=0/0/0  res=-1.0  be=37.8  net=$0.00
2026-09-19 19:01:26  INFO     LTCUSDT: LTCUSDT_1m_1789038480000_1789643280000.json
2026-09-19 19:01:27  INFO     LTCUSDT: 10,081 1-minute bars
2026-09-19 19:01:27  INFO     LTCUSDT  always_in_15m  dump=0.00  TP 1.50 SL 1.00  4h  n=54  W/L/T=11/19/24  res=36.7  be=48.0  net=$-116.27
2026-09-19 19:01:27  INFO     LTCUSDT  always_in_15m  dump=0.00  TP 1.50 SL 1.00  8h  n=42  W/L/T=15/20/7  res=42.9  be=48.0  net=$-63.36
2026-09-19 19:01:27  INFO     LTCUSDT  always_in_15m  dump=0.00  TP 1.50 SL 1.00  12h  n=37  W/L/T=13/20/4  res=39.4  be=48.0  net=$-61.65
2026-09-19 19:01:27  INFO     LTCUSDT  always_in_15m  dump=0.00  TP 2.00 SL 1.00  4h  n=50  W/L/T=3/18/29  res=14.3  be=40.0  net=$-121.57
2026-09-19 19:01:27  INFO     LTCUSDT  always_in_15m  dump=0.00  TP 2.00 SL 1.00  8h  n=31  W/L/T=4/16/11  res=20.0  be=40.0  net=$-55.85
2026-09-19 19:01:27  INFO     LTCUSDT  always_in_15m  dump=0.00  TP 2.00 SL 1.00  12h  n=25  W/L/T=6/13/6  res=31.6  be=40.0  net=$-26.48
2026-09-19 19:01:27  INFO     LTCUSDT  always_in_15m  dump=0.00  TP 2.00 SL 1.50  4h  n=41  W/L/T=5/6/30  res=45.5  be=48.6  net=$-57.16
2026-09-19 19:01:27  INFO     LTCUSDT  always_in_15m  dump=0.00  TP 2.00 SL 1.50  8h  n=25  W/L/T=5/8/12  res=38.5  be=48.6  net=$-47.99
2026-09-19 19:01:27  INFO     LTCUSDT  always_in_15m  dump=0.00  TP 2.00 SL 1.50  12h  n=21  W/L/T=5/7/9  res=41.7  be=48.6  net=$-31.77
2026-09-19 19:01:27  INFO     LTCUSDT  always_in_15m  dump=0.00  TP 2.50 SL 1.20  4h  n=46  W/L/T=1/15/30  res=6.2  be=37.8  net=$-142.07
2026-09-19 19:01:27  INFO     LTCUSDT  always_in_15m  dump=0.00  TP 2.50 SL 1.20  8h  n=28  W/L/T=1/13/14  res=7.1  be=37.8  net=$-82.79
2026-09-19 19:01:27  INFO     LTCUSDT  always_in_15m  dump=0.00  TP 2.50 SL 1.20  12h  n=20  W/L/T=3/8/9  res=27.3  be=37.8  net=$-50.33
2026-09-19 19:01:27  INFO     LTCUSDT  always_in_15m  dump=0.00  TP 3.00 SL 1.50  4h  n=40  W/L/T=1/7/32  res=12.5  be=37.8  net=$-89.77
2026-09-19 19:01:27  INFO     LTCUSDT  always_in_15m  dump=0.00  TP 3.00 SL 1.50  8h  n=24  W/L/T=1/9/14  res=10.0  be=37.8  net=$-48.17
2026-09-19 19:01:27  INFO     LTCUSDT  always_in_15m  dump=0.00  TP 3.00 SL 1.50  12h  n=18  W/L/T=1/6/11  res=14.3  be=37.8  net=$-40.82
2026-09-19 19:01:27  INFO     LTCUSDT  dump_reclaim  dump=0.80  TP 1.50 SL 1.00  4h  n=1  W/L/T=0/1/0  res=0.0  be=48.0  net=$-12.00
2026-09-19 19:01:27  INFO     LTCUSDT  dump_reclaim  dump=0.80  TP 1.50 SL 1.00  8h  n=1  W/L/T=0/1/0  res=0.0  be=48.0  net=$-12.00
2026-09-19 19:01:27  INFO     LTCUSDT  dump_reclaim  dump=0.80  TP 1.50 SL 1.00  12h  n=1  W/L/T=0/1/0  res=0.0  be=48.0  net=$-12.00
2026-09-19 19:01:27  INFO     LTCUSDT  dump_reclaim  dump=0.80  TP 2.00 SL 1.00  4h  n=1  W/L/T=0/1/0  res=0.0  be=40.0  net=$-12.00
2026-09-19 19:01:27  INFO     LTCUSDT  dump_reclaim  dump=0.80  TP 2.00 SL 1.00  8h  n=1  W/L/T=0/1/0  res=0.0  be=40.0  net=$-12.00
2026-09-19 19:01:27  INFO     LTCUSDT  dump_reclaim  dump=0.80  TP 2.00 SL 1.00  12h  n=1  W/L/T=0/1/0  res=0.0  be=40.0  net=$-12.00
2026-09-19 19:01:27  INFO     LTCUSDT  dump_reclaim  dump=0.80  TP 2.00 SL 1.50  4h  n=1  W/L/T=0/1/0  res=0.0  be=48.6  net=$-17.00
2026-09-19 19:01:27  INFO     LTCUSDT  dump_reclaim  dump=0.80  TP 2.00 SL 1.50  8h  n=1  W/L/T=0/1/0  res=0.0  be=48.6  net=$-17.00
2026-09-19 19:01:27  INFO     LTCUSDT  dump_reclaim  dump=0.80  TP 2.00 SL 1.50  12h  n=1  W/L/T=0/1/0  res=0.0  be=48.6  net=$-17.00
2026-09-19 19:01:27  INFO     LTCUSDT  dump_reclaim  dump=0.80  TP 2.50 SL 1.20  4h  n=0  W/L/T=0/0/0  res=-1.0  be=37.8  net=$0.00
2026-09-19 19:01:27  INFO     LTCUSDT  dump_reclaim  dump=0.80  TP 2.50 SL 1.20  8h  n=0  W/L/T=0/0/0  res=-1.0  be=37.8  net=$0.00
2026-09-19 19:01:27  INFO     LTCUSDT  dump_reclaim  dump=0.80  TP 2.50 SL 1.20  12h  n=0  W/L/T=0/0/0  res=-1.0  be=37.8  net=$0.00
2026-09-19 19:01:27  INFO     LTCUSDT  dump_reclaim  dump=0.80  TP 3.00 SL 1.50  4h  n=0  W/L/T=0/0/0  res=-1.0  be=37.8  net=$0.00
2026-09-19 19:01:27  INFO     LTCUSDT  dump_reclaim  dump=0.80  TP 3.00 SL 1.50  8h  n=0  W/L/T=0/0/0  res=-1.0  be=37.8  net=$0.00
2026-09-19 19:01:27  INFO     LTCUSDT  dump_reclaim  dump=0.80  TP 3.00 SL 1.50  12h  n=0  W/L/T=0/0/0  res=-1.0  be=37.8  net=$0.00
2026-09-19 19:01:27  INFO     LTCUSDT  dump_reclaim  dump=1.20  TP 1.50 SL 1.00  4h  n=1  W/L/T=0/1/0  res=0.0  be=48.0  net=$-12.00
2026-09-19 19:01:27  INFO     LTCUSDT  dump_reclaim  dump=1.20  TP 1.50 SL 1.00  8h  n=1  W/L/T=0/1/0  res=0.0  be=48.0  net=$-12.00
2026-09-19 19:01:27  INFO     LTCUSDT  dump_reclaim  dump=1.20  TP 1.50 SL 1.00  12h  n=1  W/L/T=0/1/0  res=0.0  be=48.0  net=$-12.00
2026-09-19 19:01:27  INFO     LTCUSDT  dump_reclaim  dump=1.20  TP 2.00 SL 1.00  4h  n=1  W/L/T=0/1/0  res=0.0  be=40.0  net=$-12.00
2026-09-19 19:01:27  INFO     LTCUSDT  dump_reclaim  dump=1.20  TP 2.00 SL 1.00  8h  n=1  W/L/T=0/1/0  res=0.0  be=40.0  net=$-12.00
2026-09-19 19:01:27  INFO     LTCUSDT  dump_reclaim  dump=1.20  TP 2.00 SL 1.00  12h  n=1  W/L/T=0/1/0  res=0.0  be=40.0  net=$-12.00
2026-09-19 19:01:27  INFO     LTCUSDT  dump_reclaim  dump=1.20  TP 2.00 SL 1.50  4h  n=1  W/L/T=0/1/0  res=0.0  be=48.6  net=$-17.00
2026-09-19 19:01:27  INFO     LTCUSDT  dump_reclaim  dump=1.20  TP 2.00 SL 1.50  8h  n=1  W/L/T=0/1/0  res=0.0  be=48.6  net=$-17.00
2026-09-19 19:01:27  INFO     LTCUSDT  dump_reclaim  dump=1.20  TP 2.00 SL 1.50  12h  n=1  W/L/T=0/1/0  res=0.0  be=48.6  net=$-17.00
2026-09-19 19:01:27  INFO     LTCUSDT  dump_reclaim  dump=1.20  TP 2.50 SL 1.20  4h  n=0  W/L/T=0/0/0  res=-1.0  be=37.8  net=$0.00
2026-09-19 19:01:27  INFO     LTCUSDT  dump_reclaim  dump=1.20  TP 2.50 SL 1.20  8h  n=0  W/L/T=0/0/0  res=-1.0  be=37.8  net=$0.00
2026-09-19 19:01:27  INFO     LTCUSDT  dump_reclaim  dump=1.20  TP 2.50 SL 1.20  12h  n=0  W/L/T=0/0/0  res=-1.0  be=37.8  net=$0.00
2026-09-19 19:01:27  INFO     LTCUSDT  dump_reclaim  dump=1.20  TP 3.00 SL 1.50  4h  n=0  W/L/T=0/0/0  res=-1.0  be=37.8  net=$0.00
2026-09-19 19:01:27  INFO     LTCUSDT  dump_reclaim  dump=1.20  TP 3.00 SL 1.50  8h  n=0  W/L/T=0/0/0  res=-1.0  be=37.8  net=$0.00
2026-09-19 19:01:27  INFO     LTCUSDT  dump_reclaim  dump=1.20  TP 3.00 SL 1.50  12h  n=0  W/L/T=0/0/0  res=-1.0  be=37.8  net=$0.00
2026-09-19 19:01:27  INFO     LTCUSDT  dump_reclaim  dump=1.50  TP 1.50 SL 1.00  4h  n=0  W/L/T=0/0/0  res=-1.0  be=48.0  net=$0.00
2026-09-19 19:01:27  INFO     LTCUSDT  dump_reclaim  dump=1.50  TP 1.50 SL 1.00  8h  n=0  W/L/T=0/0/0  res=-1.0  be=48.0  net=$0.00
2026-09-19 19:01:27  INFO     LTCUSDT  dump_reclaim  dump=1.50  TP 1.50 SL 1.00  12h  n=0  W/L/T=0/0/0  res=-1.0  be=48.0  net=$0.00
2026-09-19 19:01:27  INFO     LTCUSDT  dump_reclaim  dump=1.50  TP 2.00 SL 1.00  4h  n=0  W/L/T=0/0/0  res=-1.0  be=40.0  net=$0.00
2026-09-19 19:01:27  INFO     LTCUSDT  dump_reclaim  dump=1.50  TP 2.00 SL 1.00  8h  n=0  W/L/T=0/0/0  res=-1.0  be=40.0  net=$0.00
2026-09-19 19:01:27  INFO     LTCUSDT  dump_reclaim  dump=1.50  TP 2.00 SL 1.00  12h  n=0  W/L/T=0/0/0  res=-1.0  be=40.0  net=$0.00
2026-09-19 19:01:27  INFO     LTCUSDT  dump_reclaim  dump=1.50  TP 2.00 SL 1.50  4h  n=0  W/L/T=0/0/0  res=-1.0  be=48.6  net=$0.00
2026-09-19 19:01:27  INFO     LTCUSDT  dump_reclaim  dump=1.50  TP 2.00 SL 1.50  8h  n=0  W/L/T=0/0/0  res=-1.0  be=48.6  net=$0.00
2026-09-19 19:01:27  INFO     LTCUSDT  dump_reclaim  dump=1.50  TP 2.00 SL 1.50  12h  n=0  W/L/T=0/0/0  res=-1.0  be=48.6  net=$0.00
2026-09-19 19:01:27  INFO     LTCUSDT  dump_reclaim  dump=1.50  TP 2.50 SL 1.20  4h  n=0  W/L/T=0/0/0  res=-1.0  be=37.8  net=$0.00
2026-09-19 19:01:27  INFO     LTCUSDT  dump_reclaim  dump=1.50  TP 2.50 SL 1.20  8h  n=0  W/L/T=0/0/0  res=-1.0  be=37.8  net=$0.00
2026-09-19 19:01:27  INFO     LTCUSDT  dump_reclaim  dump=1.50  TP 2.50 SL 1.20  12h  n=0  W/L/T=0/0/0  res=-1.0  be=37.8  net=$0.00
2026-09-19 19:01:27  INFO     LTCUSDT  dump_reclaim  dump=1.50  TP 3.00 SL 1.50  4h  n=0  W/L/T=0/0/0  res=-1.0  be=37.8  net=$0.00
2026-09-19 19:01:27  INFO     LTCUSDT  dump_reclaim  dump=1.50  TP 3.00 SL 1.50  8h  n=0  W/L/T=0/0/0  res=-1.0  be=37.8  net=$0.00
2026-09-19 19:01:27  INFO     LTCUSDT  dump_reclaim  dump=1.50  TP 3.00 SL 1.50  12h  n=0  W/L/T=0/0/0  res=-1.0  be=37.8  net=$0.00
2026-09-19 19:01:27  INFO     NEARUSDT: NEARUSDT_1m_1789038480000_1789643280000.json
2026-09-19 19:01:27  INFO     NEARUSDT: 10,081 1-minute bars
2026-09-19 19:01:27  INFO     NEARUSDT  always_in_15m  dump=0.00  TP 1.50 SL 1.00  4h  n=141  W/L/T=57/78/6  res=42.2  be=48.0  net=$-172.38
2026-09-19 19:01:27  INFO     NEARUSDT  always_in_15m  dump=0.00  TP 1.50 SL 1.00  8h  n=136  W/L/T=58/77/1  res=43.0  be=48.0  net=$-174.13
2026-09-19 19:01:27  INFO     NEARUSDT  always_in_15m  dump=0.00  TP 1.50 SL 1.00  12h  n=136  W/L/T=58/77/1  res=43.0  be=48.0  net=$-174.13
2026-09-19 19:01:27  INFO     NEARUSDT  always_in_15m  dump=0.00  TP 2.00 SL 1.00  4h  n=112  W/L/T=36/67/9  res=35.0  be=40.0  net=$-99.35
2026-09-19 19:01:27  INFO     NEARUSDT  always_in_15m  dump=0.00  TP 2.00 SL 1.00  8h  n=105  W/L/T=37/65/3  res=36.3  be=40.0  net=$-99.10
2026-09-19 19:01:27  INFO     NEARUSDT  always_in_15m  dump=0.00  TP 2.00 SL 1.00  12h  n=103  W/L/T=37/64/2  res=36.6  be=40.0  net=$-88.94
2026-09-19 19:01:27  INFO     NEARUSDT  always_in_15m  dump=0.00  TP 2.00 SL 1.50  4h  n=91  W/L/T=34/45/12  res=43.0  be=48.6  net=$-102.71
2026-09-19 19:01:27  INFO     NEARUSDT  always_in_15m  dump=0.00  TP 2.00 SL 1.50  8h  n=81  W/L/T=33/42/6  res=44.0  be=48.6  net=$-111.48
2026-09-19 19:01:27  INFO     NEARUSDT  always_in_15m  dump=0.00  TP 2.00 SL 1.50  12h  n=79  W/L/T=34/43/2  res=44.2  be=48.6  net=$-104.71
2026-09-19 19:01:27  INFO     NEARUSDT  always_in_15m  dump=0.00  TP 2.50 SL 1.20  4h  n=92  W/L/T=26/56/10  res=31.7  be=37.8  net=$-162.19
2026-09-19 19:01:27  INFO     NEARUSDT  always_in_15m  dump=0.00  TP 2.50 SL 1.20  8h  n=82  W/L/T=25/52/5  res=32.5  be=37.8  net=$-136.23
2026-09-19 19:01:27  INFO     NEARUSDT  always_in_15m  dump=0.00  TP 2.50 SL 1.20  12h  n=79  W/L/T=26/52/1  res=33.3  be=37.8  net=$-123.03
2026-09-19 19:01:27  INFO     NEARUSDT  always_in_15m  dump=0.00  TP 3.00 SL 1.50  4h  n=76  W/L/T=20/43/13  res=31.7  be=37.8  net=$-139.46
2026-09-19 19:01:27  INFO     NEARUSDT  always_in_15m  dump=0.00  TP 3.00 SL 1.50  8h  n=65  W/L/T=18/40/7  res=31.0  be=37.8  net=$-136.72
2026-09-19 19:01:27  INFO     NEARUSDT  always_in_15m  dump=0.00  TP 3.00 SL 1.50  12h  n=62  W/L/T=19/39/4  res=32.8  be=37.8  net=$-105.61
2026-09-19 19:01:27  INFO     NEARUSDT  dump_reclaim  dump=0.80  TP 1.50 SL 1.00  4h  n=11  W/L/T=6/5/0  res=54.5  be=48.0  net=$18.00
2026-09-19 19:01:27  INFO     NEARUSDT  dump_reclaim  dump=0.80  TP 1.50 SL 1.00  8h  n=11  W/L/T=6/5/0  res=54.5  be=48.0  net=$18.00
2026-09-19 19:01:27  INFO     NEARUSDT  dump_reclaim  dump=0.80  TP 1.50 SL 1.00  12h  n=11  W/L/T=6/5/0  res=54.5  be=48.0  net=$18.00
2026-09-19 19:01:27  INFO     NEARUSDT  dump_reclaim  dump=0.80  TP 2.00 SL 1.00  4h  n=9  W/L/T=4/5/0  res=44.4  be=40.0  net=$12.00
2026-09-19 19:01:27  INFO     NEARUSDT  dump_reclaim  dump=0.80  TP 2.00 SL 1.00  8h  n=9  W/L/T=4/5/0  res=44.4  be=40.0  net=$12.00
2026-09-19 19:01:27  INFO     NEARUSDT  dump_reclaim  dump=0.80  TP 2.00 SL 1.00  12h  n=9  W/L/T=4/5/0  res=44.4  be=40.0  net=$12.00
2026-09-19 19:01:27  INFO     NEARUSDT  dump_reclaim  dump=0.80  TP 2.00 SL 1.50  4h  n=9  W/L/T=6/3/0  res=66.7  be=48.6  net=$57.00
2026-09-19 19:01:27  INFO     NEARUSDT  dump_reclaim  dump=0.80  TP 2.00 SL 1.50  8h  n=9  W/L/T=6/3/0  res=66.7  be=48.6  net=$57.00
2026-09-19 19:01:27  INFO     NEARUSDT  dump_reclaim  dump=0.80  TP 2.00 SL 1.50  12h  n=9  W/L/T=6/3/0  res=66.7  be=48.6  net=$57.00
2026-09-19 19:01:27  INFO     NEARUSDT  dump_reclaim  dump=0.80  TP 2.50 SL 1.20  4h  n=8  W/L/T=3/4/1  res=42.9  be=37.8  net=$16.94
2026-09-19 19:01:27  INFO     NEARUSDT  dump_reclaim  dump=0.80  TP 2.50 SL 1.20  8h  n=8  W/L/T=3/5/0  res=37.5  be=37.8  net=$-1.00
2026-09-19 19:01:27  INFO     NEARUSDT  dump_reclaim  dump=0.80  TP 2.50 SL 1.20  12h  n=8  W/L/T=3/5/0  res=37.5  be=37.8  net=$-1.00
2026-09-19 19:01:27  INFO     NEARUSDT  dump_reclaim  dump=0.80  TP 3.00 SL 1.50  4h  n=6  W/L/T=3/2/1  res=60.0  be=37.8  net=$53.94
2026-09-19 19:01:27  INFO     NEARUSDT  dump_reclaim  dump=0.80  TP 3.00 SL 1.50  8h  n=6  W/L/T=3/2/1  res=60.0  be=37.8  net=$52.66
2026-09-19 19:01:27  INFO     NEARUSDT  dump_reclaim  dump=0.80  TP 3.00 SL 1.50  12h  n=6  W/L/T=3/3/0  res=50.0  be=37.8  net=$33.00
2026-09-19 19:01:27  INFO     NEARUSDT  dump_reclaim  dump=1.20  TP 1.50 SL 1.00  4h  n=3  W/L/T=2/1/0  res=66.7  be=48.0  net=$14.00
2026-09-19 19:01:27  INFO     NEARUSDT  dump_reclaim  dump=1.20  TP 1.50 SL 1.00  8h  n=3  W/L/T=2/1/0  res=66.7  be=48.0  net=$14.00
2026-09-19 19:01:27  INFO     NEARUSDT  dump_reclaim  dump=1.20  TP 1.50 SL 1.00  12h  n=3  W/L/T=2/1/0  res=66.7  be=48.0  net=$14.00
2026-09-19 19:01:27  INFO     NEARUSDT  dump_reclaim  dump=1.20  TP 2.00 SL 1.00  4h  n=1  W/L/T=0/1/0  res=0.0  be=40.0  net=$-12.00
2026-09-19 19:01:27  INFO     NEARUSDT  dump_reclaim  dump=1.20  TP 2.00 SL 1.00  8h  n=1  W/L/T=0/1/0  res=0.0  be=40.0  net=$-12.00
2026-09-19 19:01:27  INFO     NEARUSDT  dump_reclaim  dump=1.20  TP 2.00 SL 1.00  12h  n=1  W/L/T=0/1/0  res=0.0  be=40.0  net=$-12.00
2026-09-19 19:01:27  INFO     NEARUSDT  dump_reclaim  dump=1.20  TP 2.00 SL 1.50  4h  n=1  W/L/T=0/1/0  res=0.0  be=48.6  net=$-17.00
2026-09-19 19:01:27  INFO     NEARUSDT  dump_reclaim  dump=1.20  TP 2.00 SL 1.50  8h  n=1  W/L/T=0/1/0  res=0.0  be=48.6  net=$-17.00
2026-09-19 19:01:27  INFO     NEARUSDT  dump_reclaim  dump=1.20  TP 2.00 SL 1.50  12h  n=1  W/L/T=0/1/0  res=0.0  be=48.6  net=$-17.00
2026-09-19 19:01:27  INFO     NEARUSDT  dump_reclaim  dump=1.20  TP 2.50 SL 1.20  4h  n=1  W/L/T=0/1/0  res=0.0  be=37.8  net=$-14.00
2026-09-19 19:01:27  INFO     NEARUSDT  dump_reclaim  dump=1.20  TP 2.50 SL 1.20  8h  n=1  W/L/T=0/1/0  res=0.0  be=37.8  net=$-14.00
2026-09-19 19:01:27  INFO     NEARUSDT  dump_reclaim  dump=1.20  TP 2.50 SL 1.20  12h  n=1  W/L/T=0/1/0  res=0.0  be=37.8  net=$-14.00
2026-09-19 19:01:27  INFO     NEARUSDT  dump_reclaim  dump=1.20  TP 3.00 SL 1.50  4h  n=0  W/L/T=0/0/0  res=-1.0  be=37.8  net=$0.00
2026-09-19 19:01:27  INFO     NEARUSDT  dump_reclaim  dump=1.20  TP 3.00 SL 1.50  8h  n=0  W/L/T=0/0/0  res=-1.0  be=37.8  net=$0.00
2026-09-19 19:01:27  INFO     NEARUSDT  dump_reclaim  dump=1.20  TP 3.00 SL 1.50  12h  n=0  W/L/T=0/0/0  res=-1.0  be=37.8  net=$0.00
2026-09-19 19:01:27  INFO     NEARUSDT  dump_reclaim  dump=1.50  TP 1.50 SL 1.00  4h  n=0  W/L/T=0/0/0  res=-1.0  be=48.0  net=$0.00
2026-09-19 19:01:27  INFO     NEARUSDT  dump_reclaim  dump=1.50  TP 1.50 SL 1.00  8h  n=0  W/L/T=0/0/0  res=-1.0  be=48.0  net=$0.00
2026-09-19 19:01:27  INFO     NEARUSDT  dump_reclaim  dump=1.50  TP 1.50 SL 1.00  12h  n=0  W/L/T=0/0/0  res=-1.0  be=48.0  net=$0.00
2026-09-19 19:01:27  INFO     NEARUSDT  dump_reclaim  dump=1.50  TP 2.00 SL 1.00  4h  n=0  W/L/T=0/0/0  res=-1.0  be=40.0  net=$0.00
2026-09-19 19:01:27  INFO     NEARUSDT  dump_reclaim  dump=1.50  TP 2.00 SL 1.00  8h  n=0  W/L/T=0/0/0  res=-1.0  be=40.0  net=$0.00
2026-09-19 19:01:27  INFO     NEARUSDT  dump_reclaim  dump=1.50  TP 2.00 SL 1.00  12h  n=0  W/L/T=0/0/0  res=-1.0  be=40.0  net=$0.00
2026-09-19 19:01:27  INFO     NEARUSDT  dump_reclaim  dump=1.50  TP 2.00 SL 1.50  4h  n=0  W/L/T=0/0/0  res=-1.0  be=48.6  net=$0.00
2026-09-19 19:01:27  INFO     NEARUSDT  dump_reclaim  dump=1.50  TP 2.00 SL 1.50  8h  n=0  W/L/T=0/0/0  res=-1.0  be=48.6  net=$0.00
2026-09-19 19:01:27  INFO     NEARUSDT  dump_reclaim  dump=1.50  TP 2.00 SL 1.50  12h  n=0  W/L/T=0/0/0  res=-1.0  be=48.6  net=$0.00
2026-09-19 19:01:27  INFO     NEARUSDT  dump_reclaim  dump=1.50  TP 2.50 SL 1.20  4h  n=0  W/L/T=0/0/0  res=-1.0  be=37.8  net=$0.00
2026-09-19 19:01:27  INFO     NEARUSDT  dump_reclaim  dump=1.50  TP 2.50 SL 1.20  8h  n=0  W/L/T=0/0/0  res=-1.0  be=37.8  net=$0.00
2026-09-19 19:01:27  INFO     NEARUSDT  dump_reclaim  dump=1.50  TP 2.50 SL 1.20  12h  n=0  W/L/T=0/0/0  res=-1.0  be=37.8  net=$0.00
2026-09-19 19:01:27  INFO     NEARUSDT  dump_reclaim  dump=1.50  TP 3.00 SL 1.50  4h  n=0  W/L/T=0/0/0  res=-1.0  be=37.8  net=$0.00
2026-09-19 19:01:27  INFO     NEARUSDT  dump_reclaim  dump=1.50  TP 3.00 SL 1.50  8h  n=0  W/L/T=0/0/0  res=-1.0  be=37.8  net=$0.00
2026-09-19 19:01:27  INFO     NEARUSDT  dump_reclaim  dump=1.50  TP 3.00 SL 1.50  12h  n=0  W/L/T=0/0/0  res=-1.0  be=37.8  net=$0.00
2026-09-19 19:01:27  INFO     OPUSDT: OPUSDT_1m_1789038480000_1789643280000.json
2026-09-19 19:01:28  INFO     OPUSDT: 10,081 1-minute bars
2026-09-19 19:01:28  INFO     OPUSDT  always_in_15m  dump=0.00  TP 1.50 SL 1.00  4h  n=89  W/L/T=32/44/13  res=42.1  be=48.0  net=$-133.38
2026-09-19 19:01:28  INFO     OPUSDT  always_in_15m  dump=0.00  TP 1.50 SL 1.00  8h  n=79  W/L/T=31/43/5  res=41.9  be=48.0  net=$-117.80
2026-09-19 19:01:28  INFO     OPUSDT  always_in_15m  dump=0.00  TP 1.50 SL 1.00  12h  n=77  W/L/T=32/44/1  res=42.1  be=48.0  net=$-109.88
2026-09-19 19:01:28  INFO     OPUSDT  always_in_15m  dump=0.00  TP 2.00 SL 1.00  4h  n=81  W/L/T=21/45/15  res=31.8  be=40.0  net=$-128.41
2026-09-19 19:01:28  INFO     OPUSDT  always_in_15m  dump=0.00  TP 2.00 SL 1.00  8h  n=68  W/L/T=23/43/2  res=34.8  be=40.0  net=$-108.12
2026-09-19 19:01:28  INFO     OPUSDT  always_in_15m  dump=0.00  TP 2.00 SL 1.00  12h  n=68  W/L/T=23/44/1  res=34.3  be=40.0  net=$-110.84
2026-09-19 19:01:28  INFO     OPUSDT  always_in_15m  dump=0.00  TP 2.00 SL 1.50  4h  n=60  W/L/T=19/22/19  res=46.3  be=48.6  net=$-79.88
2026-09-19 19:01:28  INFO     OPUSDT  always_in_15m  dump=0.00  TP 2.00 SL 1.50  8h  n=50  W/L/T=19/26/5  res=42.2  be=48.6  net=$-94.63
2026-09-19 19:01:28  INFO     OPUSDT  always_in_15m  dump=0.00  TP 2.00 SL 1.50  12h  n=48  W/L/T=19/26/3  res=42.2  be=48.6  net=$-105.02
2026-09-19 19:01:28  INFO     OPUSDT  always_in_15m  dump=0.00  TP 2.50 SL 1.20  4h  n=65  W/L/T=13/32/20  res=28.9  be=37.8  net=$-110.30
2026-09-19 19:01:28  INFO     OPUSDT  always_in_15m  dump=0.00  TP 2.50 SL 1.20  8h  n=53  W/L/T=16/31/6  res=34.0  be=37.8  net=$-69.03
2026-09-19 19:01:28  INFO     OPUSDT  always_in_15m  dump=0.00  TP 2.50 SL 1.20  12h  n=50  W/L/T=16/31/3  res=34.0  be=37.8  net=$-63.74
2026-09-19 19:01:28  INFO     OPUSDT  always_in_15m  dump=0.00  TP 3.00 SL 1.50  4h  n=53  W/L/T=6/22/25  res=21.4  be=37.8  net=$-97.62
2026-09-19 19:01:28  INFO     OPUSDT  always_in_15m  dump=0.00  TP 3.00 SL 1.50  8h  n=44  W/L/T=11/25/8  res=30.6  be=37.8  net=$-63.58
2026-09-19 19:01:28  INFO     OPUSDT  always_in_15m  dump=0.00  TP 3.00 SL 1.50  12h  n=38  W/L/T=12/22/4  res=35.3  be=37.8  net=$-44.08
2026-09-19 19:01:28  INFO     OPUSDT  dump_reclaim  dump=0.80  TP 1.50 SL 1.00  4h  n=4  W/L/T=3/1/0  res=75.0  be=48.0  net=$27.00
2026-09-19 19:01:28  INFO     OPUSDT  dump_reclaim  dump=0.80  TP 1.50 SL 1.00  8h  n=4  W/L/T=3/1/0  res=75.0  be=48.0  net=$27.00
2026-09-19 19:01:28  INFO     OPUSDT  dump_reclaim  dump=0.80  TP 1.50 SL 1.00  12h  n=4  W/L/T=3/1/0  res=75.0  be=48.0  net=$27.00
2026-09-19 19:01:28  INFO     OPUSDT  dump_reclaim  dump=0.80  TP 2.00 SL 1.00  4h  n=3  W/L/T=2/1/0  res=66.7  be=40.0  net=$24.00
2026-09-19 19:01:28  INFO     OPUSDT  dump_reclaim  dump=0.80  TP 2.00 SL 1.00  8h  n=3  W/L/T=2/1/0  res=66.7  be=40.0  net=$24.00
2026-09-19 19:01:28  INFO     OPUSDT  dump_reclaim  dump=0.80  TP 2.00 SL 1.00  12h  n=3  W/L/T=2/1/0  res=66.7  be=40.0  net=$24.00
2026-09-19 19:01:28  INFO     OPUSDT  dump_reclaim  dump=0.80  TP 2.00 SL 1.50  4h  n=3  W/L/T=2/1/0  res=66.7  be=48.6  net=$19.00
2026-09-19 19:01:28  INFO     OPUSDT  dump_reclaim  dump=0.80  TP 2.00 SL 1.50  8h  n=3  W/L/T=2/1/0  res=66.7  be=48.6  net=$19.00
2026-09-19 19:01:28  INFO     OPUSDT  dump_reclaim  dump=0.80  TP 2.00 SL 1.50  12h  n=3  W/L/T=2/1/0  res=66.7  be=48.6  net=$19.00
2026-09-19 19:01:28  INFO     OPUSDT  dump_reclaim  dump=0.80  TP 2.50 SL 1.20  4h  n=3  W/L/T=2/1/0  res=66.7  be=37.8  net=$32.00
2026-09-19 19:01:28  INFO     OPUSDT  dump_reclaim  dump=0.80  TP 2.50 SL 1.20  8h  n=3  W/L/T=2/1/0  res=66.7  be=37.8  net=$32.00
2026-09-19 19:01:28  INFO     OPUSDT  dump_reclaim  dump=0.80  TP 2.50 SL 1.20  12h  n=3  W/L/T=2/1/0  res=66.7  be=37.8  net=$32.00
2026-09-19 19:01:28  INFO     OPUSDT  dump_reclaim  dump=0.80  TP 3.00 SL 1.50  4h  n=2  W/L/T=1/1/0  res=50.0  be=37.8  net=$11.00
2026-09-19 19:01:28  INFO     OPUSDT  dump_reclaim  dump=0.80  TP 3.00 SL 1.50  8h  n=2  W/L/T=1/1/0  res=50.0  be=37.8  net=$11.00
2026-09-19 19:01:28  INFO     OPUSDT  dump_reclaim  dump=0.80  TP 3.00 SL 1.50  12h  n=2  W/L/T=1/1/0  res=50.0  be=37.8  net=$11.00
2026-09-19 19:01:28  INFO     OPUSDT  dump_reclaim  dump=1.20  TP 1.50 SL 1.00  4h  n=1  W/L/T=1/0/0  res=100.0  be=48.0  net=$13.00
2026-09-19 19:01:28  INFO     OPUSDT  dump_reclaim  dump=1.20  TP 1.50 SL 1.00  8h  n=1  W/L/T=1/0/0  res=100.0  be=48.0  net=$13.00
2026-09-19 19:01:28  INFO     OPUSDT  dump_reclaim  dump=1.20  TP 1.50 SL 1.00  12h  n=1  W/L/T=1/0/0  res=100.0  be=48.0  net=$13.00
2026-09-19 19:01:28  INFO     OPUSDT  dump_reclaim  dump=1.20  TP 2.00 SL 1.00  4h  n=0  W/L/T=0/0/0  res=-1.0  be=40.0  net=$0.00
2026-09-19 19:01:28  INFO     OPUSDT  dump_reclaim  dump=1.20  TP 2.00 SL 1.00  8h  n=0  W/L/T=0/0/0  res=-1.0  be=40.0  net=$0.00
2026-09-19 19:01:28  INFO     OPUSDT  dump_reclaim  dump=1.20  TP 2.00 SL 1.00  12h  n=0  W/L/T=0/0/0  res=-1.0  be=40.0  net=$0.00
2026-09-19 19:01:28  INFO     OPUSDT  dump_reclaim  dump=1.20  TP 2.00 SL 1.50  4h  n=0  W/L/T=0/0/0  res=-1.0  be=48.6  net=$0.00
2026-09-19 19:01:28  INFO     OPUSDT  dump_reclaim  dump=1.20  TP 2.00 SL 1.50  8h  n=0  W/L/T=0/0/0  res=-1.0  be=48.6  net=$0.00
2026-09-19 19:01:28  INFO     OPUSDT  dump_reclaim  dump=1.20  TP 2.00 SL 1.50  12h  n=0  W/L/T=0/0/0  res=-1.0  be=48.6  net=$0.00
2026-09-19 19:01:28  INFO     OPUSDT  dump_reclaim  dump=1.20  TP 2.50 SL 1.20  4h  n=0  W/L/T=0/0/0  res=-1.0  be=37.8  net=$0.00
2026-09-19 19:01:28  INFO     OPUSDT  dump_reclaim  dump=1.20  TP 2.50 SL 1.20  8h  n=0  W/L/T=0/0/0  res=-1.0  be=37.8  net=$0.00
2026-09-19 19:01:28  INFO     OPUSDT  dump_reclaim  dump=1.20  TP 2.50 SL 1.20  12h  n=0  W/L/T=0/0/0  res=-1.0  be=37.8  net=$0.00
2026-09-19 19:01:28  INFO     OPUSDT  dump_reclaim  dump=1.20  TP 3.00 SL 1.50  4h  n=0  W/L/T=0/0/0  res=-1.0  be=37.8  net=$0.00
2026-09-19 19:01:28  INFO     OPUSDT  dump_reclaim  dump=1.20  TP 3.00 SL 1.50  8h  n=0  W/L/T=0/0/0  res=-1.0  be=37.8  net=$0.00
2026-09-19 19:01:28  INFO     OPUSDT  dump_reclaim  dump=1.20  TP 3.00 SL 1.50  12h  n=0  W/L/T=0/0/0  res=-1.0  be=37.8  net=$0.00
2026-09-19 19:01:28  INFO     OPUSDT  dump_reclaim  dump=1.50  TP 1.50 SL 1.00  4h  n=1  W/L/T=1/0/0  res=100.0  be=48.0  net=$13.00
2026-09-19 19:01:28  INFO     OPUSDT  dump_reclaim  dump=1.50  TP 1.50 SL 1.00  8h  n=1  W/L/T=1/0/0  res=100.0  be=48.0  net=$13.00
2026-09-19 19:01:28  INFO     OPUSDT  dump_reclaim  dump=1.50  TP 1.50 SL 1.00  12h  n=1  W/L/T=1/0/0  res=100.0  be=48.0  net=$13.00
2026-09-19 19:01:28  INFO     OPUSDT  dump_reclaim  dump=1.50  TP 2.00 SL 1.00  4h  n=0  W/L/T=0/0/0  res=-1.0  be=40.0  net=$0.00
2026-09-19 19:01:28  INFO     OPUSDT  dump_reclaim  dump=1.50  TP 2.00 SL 1.00  8h  n=0  W/L/T=0/0/0  res=-1.0  be=40.0  net=$0.00
2026-09-19 19:01:28  INFO     OPUSDT  dump_reclaim  dump=1.50  TP 2.00 SL 1.00  12h  n=0  W/L/T=0/0/0  res=-1.0  be=40.0  net=$0.00
2026-09-19 19:01:28  INFO     OPUSDT  dump_reclaim  dump=1.50  TP 2.00 SL 1.50  4h  n=0  W/L/T=0/0/0  res=-1.0  be=48.6  net=$0.00
2026-09-19 19:01:28  INFO     OPUSDT  dump_reclaim  dump=1.50  TP 2.00 SL 1.50  8h  n=0  W/L/T=0/0/0  res=-1.0  be=48.6  net=$0.00
2026-09-19 19:01:28  INFO     OPUSDT  dump_reclaim  dump=1.50  TP 2.00 SL 1.50  12h  n=0  W/L/T=0/0/0  res=-1.0  be=48.6  net=$0.00
2026-09-19 19:01:28  INFO     OPUSDT  dump_reclaim  dump=1.50  TP 2.50 SL 1.20  4h  n=0  W/L/T=0/0/0  res=-1.0  be=37.8  net=$0.00
2026-09-19 19:01:28  INFO     OPUSDT  dump_reclaim  dump=1.50  TP 2.50 SL 1.20  8h  n=0  W/L/T=0/0/0  res=-1.0  be=37.8  net=$0.00
2026-09-19 19:01:28  INFO     OPUSDT  dump_reclaim  dump=1.50  TP 2.50 SL 1.20  12h  n=0  W/L/T=0/0/0  res=-1.0  be=37.8  net=$0.00
2026-09-19 19:01:28  INFO     OPUSDT  dump_reclaim  dump=1.50  TP 3.00 SL 1.50  4h  n=0  W/L/T=0/0/0  res=-1.0  be=37.8  net=$0.00
2026-09-19 19:01:28  INFO     OPUSDT  dump_reclaim  dump=1.50  TP 3.00 SL 1.50  8h  n=0  W/L/T=0/0/0  res=-1.0  be=37.8  net=$0.00
2026-09-19 19:01:28  INFO     OPUSDT  dump_reclaim  dump=1.50  TP 3.00 SL 1.50  12h  n=0  W/L/T=0/0/0  res=-1.0  be=37.8  net=$0.00
2026-09-19 19:01:28  INFO     PEPEUSDT: PEPEUSDT_1m_1789038480000_1789643280000.json
2026-09-19 19:01:28  INFO     PEPEUSDT: 10,081 1-minute bars
2026-09-19 19:01:28  INFO     PEPEUSDT  always_in_15m  dump=0.00  TP 1.50 SL 1.00  4h  n=83  W/L/T=23/44/16  res=34.3  be=48.0  net=$-196.03
2026-09-19 19:01:28  INFO     PEPEUSDT  always_in_15m  dump=0.00  TP 1.50 SL 1.00  8h  n=75  W/L/T=26/45/4  res=36.6  be=48.0  net=$-177.65
2026-09-19 19:01:28  INFO     PEPEUSDT  always_in_15m  dump=0.00  TP 1.50 SL 1.00  12h  n=73  W/L/T=27/45/1  res=37.5  be=48.0  net=$-185.20
2026-09-19 19:01:28  INFO     PEPEUSDT  always_in_15m  dump=0.00  TP 2.00 SL 1.00  4h  n=68  W/L/T=13/34/21  res=27.7  be=40.0  net=$-108.63
2026-09-19 19:01:28  INFO     PEPEUSDT  always_in_15m  dump=0.00  TP 2.00 SL 1.00  8h  n=56  W/L/T=16/36/4  res=30.8  be=40.0  net=$-113.14
2026-09-19 19:01:28  INFO     PEPEUSDT  always_in_15m  dump=0.00  TP 2.00 SL 1.00  12h  n=57  W/L/T=18/37/2  res=32.7  be=40.0  net=$-106.33
2026-09-19 19:01:28  INFO     PEPEUSDT  always_in_15m  dump=0.00  TP 2.00 SL 1.50  4h  n=56  W/L/T=11/21/24  res=34.4  be=48.6  net=$-99.63
2026-09-19 19:01:28  INFO     PEPEUSDT  always_in_15m  dump=0.00  TP 2.00 SL 1.50  8h  n=43  W/L/T=14/21/8  res=40.0  be=48.6  net=$-82.36
2026-09-19 19:01:28  INFO     PEPEUSDT  always_in_15m  dump=0.00  TP 2.00 SL 1.50  12h  n=41  W/L/T=16/22/3  res=42.1  be=48.6  net=$-71.43
2026-09-19 19:01:28  INFO     PEPEUSDT  always_in_15m  dump=0.00  TP 2.50 SL 1.20  4h  n=55  W/L/T=4/22/29  res=15.4  be=37.8  net=$-89.32
2026-09-19 19:01:28  INFO     PEPEUSDT  always_in_15m  dump=0.00  TP 2.50 SL 1.20  8h  n=41  W/L/T=8/24/9  res=25.0  be=37.8  net=$-92.69
2026-09-19 19:01:28  INFO     PEPEUSDT  always_in_15m  dump=0.00  TP 2.50 SL 1.20  12h  n=36  W/L/T=8/23/5  res=25.8  be=37.8  net=$-82.07
2026-09-19 19:01:28  INFO     PEPEUSDT  always_in_15m  dump=0.00  TP 3.00 SL 1.50  4h  n=49  W/L/T=2/16/31  res=11.1  be=37.8  net=$-92.95
2026-09-19 19:01:28  INFO     PEPEUSDT  always_in_15m  dump=0.00  TP 3.00 SL 1.50  8h  n=33  W/L/T=5/18/10  res=21.7  be=37.8  net=$-89.23
2026-09-19 19:01:28  INFO     PEPEUSDT  always_in_15m  dump=0.00  TP 3.00 SL 1.50  12h  n=30  W/L/T=7/16/7  res=30.4  be=37.8  net=$-32.51
2026-09-19 19:01:28  INFO     PEPEUSDT  dump_reclaim  dump=0.80  TP 1.50 SL 1.00  4h  n=5  W/L/T=2/2/1  res=50.0  be=48.0  net=$5.88
2026-09-19 19:01:28  INFO     PEPEUSDT  dump_reclaim  dump=0.80  TP 1.50 SL 1.00  8h  n=5  W/L/T=2/2/1  res=50.0  be=48.0  net=$8.82
2026-09-19 19:01:28  INFO     PEPEUSDT  dump_reclaim  dump=0.80  TP 1.50 SL 1.00  12h  n=5  W/L/T=2/3/0  res=40.0  be=48.0  net=$-10.00
2026-09-19 19:01:28  INFO     PEPEUSDT  dump_reclaim  dump=0.80  TP 2.00 SL 1.00  4h  n=5  W/L/T=2/2/1  res=50.0  be=40.0  net=$15.88
2026-09-19 19:01:28  INFO     PEPEUSDT  dump_reclaim  dump=0.80  TP 2.00 SL 1.00  8h  n=5  W/L/T=2/2/1  res=50.0  be=40.0  net=$18.82
2026-09-19 19:01:28  INFO     PEPEUSDT  dump_reclaim  dump=0.80  TP 2.00 SL 1.00  12h  n=5  W/L/T=2/3/0  res=40.0  be=40.0  net=$0.00
2026-09-19 19:01:28  INFO     PEPEUSDT  dump_reclaim  dump=0.80  TP 2.00 SL 1.50  4h  n=4  W/L/T=2/1/1  res=66.7  be=48.6  net=$22.88
2026-09-19 19:01:28  INFO     PEPEUSDT  dump_reclaim  dump=0.80  TP 2.00 SL 1.50  8h  n=4  W/L/T=2/1/1  res=66.7  be=48.6  net=$25.82
2026-09-19 19:01:28  INFO     PEPEUSDT  dump_reclaim  dump=0.80  TP 2.00 SL 1.50  12h  n=4  W/L/T=2/2/0  res=50.0  be=48.6  net=$2.00
2026-09-19 19:01:28  INFO     PEPEUSDT  dump_reclaim  dump=0.80  TP 2.50 SL 1.20  4h  n=4  W/L/T=0/2/2  res=0.0  be=37.8  net=$-23.12
2026-09-19 19:01:28  INFO     PEPEUSDT  dump_reclaim  dump=0.80  TP 2.50 SL 1.20  8h  n=4  W/L/T=0/2/2  res=0.0  be=37.8  net=$-8.21
2026-09-19 19:01:28  INFO     PEPEUSDT  dump_reclaim  dump=0.80  TP 2.50 SL 1.20  12h  n=4  W/L/T=0/3/1  res=0.0  be=37.8  net=$-44.00
2026-09-19 19:01:28  INFO     PEPEUSDT  dump_reclaim  dump=0.80  TP 3.00 SL 1.50  4h  n=2  W/L/T=0/1/1  res=0.0  be=37.8  net=$-16.01
2026-09-19 19:01:28  INFO     PEPEUSDT  dump_reclaim  dump=0.80  TP 3.00 SL 1.50  8h  n=2  W/L/T=0/1/1  res=0.0  be=37.8  net=$-4.03
2026-09-19 19:01:28  INFO     PEPEUSDT  dump_reclaim  dump=0.80  TP 3.00 SL 1.50  12h  n=2  W/L/T=0/1/1  res=0.0  be=37.8  net=$-19.00
2026-09-19 19:01:28  INFO     PEPEUSDT  dump_reclaim  dump=1.20  TP 1.50 SL 1.00  4h  n=0  W/L/T=0/0/0  res=-1.0  be=48.0  net=$0.00
2026-09-19 19:01:28  INFO     PEPEUSDT  dump_reclaim  dump=1.20  TP 1.50 SL 1.00  8h  n=0  W/L/T=0/0/0  res=-1.0  be=48.0  net=$0.00
2026-09-19 19:01:28  INFO     PEPEUSDT  dump_reclaim  dump=1.20  TP 1.50 SL 1.00  12h  n=0  W/L/T=0/0/0  res=-1.0  be=48.0  net=$0.00
2026-09-19 19:01:28  INFO     PEPEUSDT  dump_reclaim  dump=1.20  TP 2.00 SL 1.00  4h  n=0  W/L/T=0/0/0  res=-1.0  be=40.0  net=$0.00
2026-09-19 19:01:28  INFO     PEPEUSDT  dump_reclaim  dump=1.20  TP 2.00 SL 1.00  8h  n=0  W/L/T=0/0/0  res=-1.0  be=40.0  net=$0.00
2026-09-19 19:01:28  INFO     PEPEUSDT  dump_reclaim  dump=1.20  TP 2.00 SL 1.00  12h  n=0  W/L/T=0/0/0  res=-1.0  be=40.0  net=$0.00
2026-09-19 19:01:28  INFO     PEPEUSDT  dump_reclaim  dump=1.20  TP 2.00 SL 1.50  4h  n=0  W/L/T=0/0/0  res=-1.0  be=48.6  net=$0.00
2026-09-19 19:01:28  INFO     PEPEUSDT  dump_reclaim  dump=1.20  TP 2.00 SL 1.50  8h  n=0  W/L/T=0/0/0  res=-1.0  be=48.6  net=$0.00
2026-09-19 19:01:28  INFO     PEPEUSDT  dump_reclaim  dump=1.20  TP 2.00 SL 1.50  12h  n=0  W/L/T=0/0/0  res=-1.0  be=48.6  net=$0.00
2026-09-19 19:01:28  INFO     PEPEUSDT  dump_reclaim  dump=1.20  TP 2.50 SL 1.20  4h  n=0  W/L/T=0/0/0  res=-1.0  be=37.8  net=$0.00
2026-09-19 19:01:28  INFO     PEPEUSDT  dump_reclaim  dump=1.20  TP 2.50 SL 1.20  8h  n=0  W/L/T=0/0/0  res=-1.0  be=37.8  net=$0.00
2026-09-19 19:01:28  INFO     PEPEUSDT  dump_reclaim  dump=1.20  TP 2.50 SL 1.20  12h  n=0  W/L/T=0/0/0  res=-1.0  be=37.8  net=$0.00
2026-09-19 19:01:28  INFO     PEPEUSDT  dump_reclaim  dump=1.20  TP 3.00 SL 1.50  4h  n=0  W/L/T=0/0/0  res=-1.0  be=37.8  net=$0.00
2026-09-19 19:01:28  INFO     PEPEUSDT  dump_reclaim  dump=1.20  TP 3.00 SL 1.50  8h  n=0  W/L/T=0/0/0  res=-1.0  be=37.8  net=$0.00
2026-09-19 19:01:28  INFO     PEPEUSDT  dump_reclaim  dump=1.20  TP 3.00 SL 1.50  12h  n=0  W/L/T=0/0/0  res=-1.0  be=37.8  net=$0.00
2026-09-19 19:01:28  INFO     PEPEUSDT  dump_reclaim  dump=1.50  TP 1.50 SL 1.00  4h  n=0  W/L/T=0/0/0  res=-1.0  be=48.0  net=$0.00
2026-09-19 19:01:28  INFO     PEPEUSDT  dump_reclaim  dump=1.50  TP 1.50 SL 1.00  8h  n=0  W/L/T=0/0/0  res=-1.0  be=48.0  net=$0.00
2026-09-19 19:01:28  INFO     PEPEUSDT  dump_reclaim  dump=1.50  TP 1.50 SL 1.00  12h  n=0  W/L/T=0/0/0  res=-1.0  be=48.0  net=$0.00
2026-09-19 19:01:28  INFO     PEPEUSDT  dump_reclaim  dump=1.50  TP 2.00 SL 1.00  4h  n=0  W/L/T=0/0/0  res=-1.0  be=40.0  net=$0.00
2026-09-19 19:01:28  INFO     PEPEUSDT  dump_reclaim  dump=1.50  TP 2.00 SL 1.00  8h  n=0  W/L/T=0/0/0  res=-1.0  be=40.0  net=$0.00
2026-09-19 19:01:28  INFO     PEPEUSDT  dump_reclaim  dump=1.50  TP 2.00 SL 1.00  12h  n=0  W/L/T=0/0/0  res=-1.0  be=40.0  net=$0.00
2026-09-19 19:01:28  INFO     PEPEUSDT  dump_reclaim  dump=1.50  TP 2.00 SL 1.50  4h  n=0  W/L/T=0/0/0  res=-1.0  be=48.6  net=$0.00
2026-09-19 19:01:28  INFO     PEPEUSDT  dump_reclaim  dump=1.50  TP 2.00 SL 1.50  8h  n=0  W/L/T=0/0/0  res=-1.0  be=48.6  net=$0.00
2026-09-19 19:01:28  INFO     PEPEUSDT  dump_reclaim  dump=1.50  TP 2.00 SL 1.50  12h  n=0  W/L/T=0/0/0  res=-1.0  be=48.6  net=$0.00
2026-09-19 19:01:28  INFO     PEPEUSDT  dump_reclaim  dump=1.50  TP 2.50 SL 1.20  4h  n=0  W/L/T=0/0/0  res=-1.0  be=37.8  net=$0.00
2026-09-19 19:01:28  INFO     PEPEUSDT  dump_reclaim  dump=1.50  TP 2.50 SL 1.20  8h  n=0  W/L/T=0/0/0  res=-1.0  be=37.8  net=$0.00
2026-09-19 19:01:28  INFO     PEPEUSDT  dump_reclaim  dump=1.50  TP 2.50 SL 1.20  12h  n=0  W/L/T=0/0/0  res=-1.0  be=37.8  net=$0.00
2026-09-19 19:01:28  INFO     PEPEUSDT  dump_reclaim  dump=1.50  TP 3.00 SL 1.50  4h  n=0  W/L/T=0/0/0  res=-1.0  be=37.8  net=$0.00
2026-09-19 19:01:28  INFO     PEPEUSDT  dump_reclaim  dump=1.50  TP 3.00 SL 1.50  8h  n=0  W/L/T=0/0/0  res=-1.0  be=37.8  net=$0.00
2026-09-19 19:01:28  INFO     PEPEUSDT  dump_reclaim  dump=1.50  TP 3.00 SL 1.50  12h  n=0  W/L/T=0/0/0  res=-1.0  be=37.8  net=$0.00
2026-09-19 19:01:28  INFO     SEIUSDT: SEIUSDT_1m_1789038480000_1789643280000.json
2026-09-19 19:01:28  INFO     SEIUSDT: 10,081 1-minute bars
2026-09-19 19:01:28  INFO     SEIUSDT  always_in_15m  dump=0.00  TP 1.50 SL 1.00  4h  n=54  W/L/T=8/23/23  res=25.8  be=48.0  net=$-188.55
2026-09-19 19:01:28  INFO     SEIUSDT  always_in_15m  dump=0.00  TP 1.50 SL 1.00  8h  n=40  W/L/T=11/23/6  res=32.4  be=48.0  net=$-124.89
2026-09-19 19:01:28  INFO     SEIUSDT  always_in_15m  dump=0.00  TP 1.50 SL 1.00  12h  n=40  W/L/T=13/25/2  res=34.2  be=48.0  net=$-133.34
2026-09-19 19:01:28  INFO     SEIUSDT  always_in_15m  dump=0.00  TP 2.00 SL 1.00  4h  n=53  W/L/T=4/24/25  res=14.3  be=40.0  net=$-168.18
2026-09-19 19:01:28  INFO     SEIUSDT  always_in_15m  dump=0.00  TP 2.00 SL 1.00  8h  n=36  W/L/T=6/19/11  res=24.0  be=40.0  net=$-92.24
2026-09-19 19:01:28  INFO     SEIUSDT  always_in_15m  dump=0.00  TP 2.00 SL 1.00  12h  n=33  W/L/T=7/20/6  res=25.9  be=40.0  net=$-100.14
2026-09-19 19:01:28  INFO     SEIUSDT  always_in_15m  dump=0.00  TP 2.00 SL 1.50  4h  n=45  W/L/T=6/9/30  res=40.0  be=48.6  net=$-100.43
2026-09-19 19:01:28  INFO     SEIUSDT  always_in_15m  dump=0.00  TP 2.00 SL 1.50  8h  n=28  W/L/T=5/12/11  res=29.4  be=48.6  net=$-99.35
2026-09-19 19:01:28  INFO     SEIUSDT  always_in_15m  dump=0.00  TP 2.00 SL 1.50  12h  n=25  W/L/T=8/11/6  res=42.1  be=48.6  net=$-58.35
2026-09-19 19:01:29  INFO     SEIUSDT  always_in_15m  dump=0.00  TP 2.50 SL 1.20  4h  n=44  W/L/T=3/10/31  res=23.1  be=37.8  net=$-78.16
2026-09-19 19:01:29  INFO     SEIUSDT  always_in_15m  dump=0.00  TP 2.50 SL 1.20  8h  n=30  W/L/T=4/16/10  res=20.0  be=37.8  net=$-78.44
2026-09-19 19:01:29  INFO     SEIUSDT  always_in_15m  dump=0.00  TP 2.50 SL 1.20  12h  n=25  W/L/T=4/12/9  res=25.0  be=37.8  net=$-67.03
2026-09-19 19:01:29  INFO     SEIUSDT  always_in_15m  dump=0.00  TP 3.00 SL 1.50  4h  n=42  W/L/T=2/8/32  res=20.0  be=37.8  net=$-116.61
2026-09-19 19:01:29  INFO     SEIUSDT  always_in_15m  dump=0.00  TP 3.00 SL 1.50  8h  n=27  W/L/T=2/11/14  res=15.4  be=37.8  net=$-82.96
2026-09-19 19:01:29  INFO     SEIUSDT  always_in_15m  dump=0.00  TP 3.00 SL 1.50  12h  n=21  W/L/T=2/9/10  res=18.2  be=37.8  net=$-73.88
2026-09-19 19:01:29  INFO     SEIUSDT  dump_reclaim  dump=0.80  TP 1.50 SL 1.00  4h  n=0  W/L/T=0/0/0  res=-1.0  be=48.0  net=$0.00
2026-09-19 19:01:29  INFO     SEIUSDT  dump_reclaim  dump=0.80  TP 1.50 SL 1.00  8h  n=0  W/L/T=0/0/0  res=-1.0  be=48.0  net=$0.00
2026-09-19 19:01:29  INFO     SEIUSDT  dump_reclaim  dump=0.80  TP 1.50 SL 1.00  12h  n=0  W/L/T=0/0/0  res=-1.0  be=48.0  net=$0.00
2026-09-19 19:01:29  INFO     SEIUSDT  dump_reclaim  dump=0.80  TP 2.00 SL 1.00  4h  n=0  W/L/T=0/0/0  res=-1.0  be=40.0  net=$0.00
2026-09-19 19:01:29  INFO     SEIUSDT  dump_reclaim  dump=0.80  TP 2.00 SL 1.00  8h  n=0  W/L/T=0/0/0  res=-1.0  be=40.0  net=$0.00
2026-09-19 19:01:29  INFO     SEIUSDT  dump_reclaim  dump=0.80  TP 2.00 SL 1.00  12h  n=0  W/L/T=0/0/0  res=-1.0  be=40.0  net=$0.00
2026-09-19 19:01:29  INFO     SEIUSDT  dump_reclaim  dump=0.80  TP 2.00 SL 1.50  4h  n=0  W/L/T=0/0/0  res=-1.0  be=48.6  net=$0.00
2026-09-19 19:01:29  INFO     SEIUSDT  dump_reclaim  dump=0.80  TP 2.00 SL 1.50  8h  n=0  W/L/T=0/0/0  res=-1.0  be=48.6  net=$0.00
2026-09-19 19:01:29  INFO     SEIUSDT  dump_reclaim  dump=0.80  TP 2.00 SL 1.50  12h  n=0  W/L/T=0/0/0  res=-1.0  be=48.6  net=$0.00
2026-09-19 19:01:29  INFO     SEIUSDT  dump_reclaim  dump=0.80  TP 2.50 SL 1.20  4h  n=0  W/L/T=0/0/0  res=-1.0  be=37.8  net=$0.00
2026-09-19 19:01:29  INFO     SEIUSDT  dump_reclaim  dump=0.80  TP 2.50 SL 1.20  8h  n=0  W/L/T=0/0/0  res=-1.0  be=37.8  net=$0.00
2026-09-19 19:01:29  INFO     SEIUSDT  dump_reclaim  dump=0.80  TP 2.50 SL 1.20  12h  n=0  W/L/T=0/0/0  res=-1.0  be=37.8  net=$0.00
2026-09-19 19:01:29  INFO     SEIUSDT  dump_reclaim  dump=0.80  TP 3.00 SL 1.50  4h  n=0  W/L/T=0/0/0  res=-1.0  be=37.8  net=$0.00
2026-09-19 19:01:29  INFO     SEIUSDT  dump_reclaim  dump=0.80  TP 3.00 SL 1.50  8h  n=0  W/L/T=0/0/0  res=-1.0  be=37.8  net=$0.00
2026-09-19 19:01:29  INFO     SEIUSDT  dump_reclaim  dump=0.80  TP 3.00 SL 1.50  12h  n=0  W/L/T=0/0/0  res=-1.0  be=37.8  net=$0.00
2026-09-19 19:01:29  INFO     SEIUSDT  dump_reclaim  dump=1.20  TP 1.50 SL 1.00  4h  n=0  W/L/T=0/0/0  res=-1.0  be=48.0  net=$0.00
2026-09-19 19:01:29  INFO     SEIUSDT  dump_reclaim  dump=1.20  TP 1.50 SL 1.00  8h  n=0  W/L/T=0/0/0  res=-1.0  be=48.0  net=$0.00
2026-09-19 19:01:29  INFO     SEIUSDT  dump_reclaim  dump=1.20  TP 1.50 SL 1.00  12h  n=0  W/L/T=0/0/0  res=-1.0  be=48.0  net=$0.00
2026-09-19 19:01:29  INFO     SEIUSDT  dump_reclaim  dump=1.20  TP 2.00 SL 1.00  4h  n=0  W/L/T=0/0/0  res=-1.0  be=40.0  net=$0.00
2026-09-19 19:01:29  INFO     SEIUSDT  dump_reclaim  dump=1.20  TP 2.00 SL 1.00  8h  n=0  W/L/T=0/0/0  res=-1.0  be=40.0  net=$0.00
2026-09-19 19:01:29  INFO     SEIUSDT  dump_reclaim  dump=1.20  TP 2.00 SL 1.00  12h  n=0  W/L/T=0/0/0  res=-1.0  be=40.0  net=$0.00
2026-09-19 19:01:29  INFO     SEIUSDT  dump_reclaim  dump=1.20  TP 2.00 SL 1.50  4h  n=0  W/L/T=0/0/0  res=-1.0  be=48.6  net=$0.00
2026-09-19 19:01:29  INFO     SEIUSDT  dump_reclaim  dump=1.20  TP 2.00 SL 1.50  8h  n=0  W/L/T=0/0/0  res=-1.0  be=48.6  net=$0.00
2026-09-19 19:01:29  INFO     SEIUSDT  dump_reclaim  dump=1.20  TP 2.00 SL 1.50  12h  n=0  W/L/T=0/0/0  res=-1.0  be=48.6  net=$0.00
2026-09-19 19:01:29  INFO     SEIUSDT  dump_reclaim  dump=1.20  TP 2.50 SL 1.20  4h  n=0  W/L/T=0/0/0  res=-1.0  be=37.8  net=$0.00
2026-09-19 19:01:29  INFO     SEIUSDT  dump_reclaim  dump=1.20  TP 2.50 SL 1.20  8h  n=0  W/L/T=0/0/0  res=-1.0  be=37.8  net=$0.00
2026-09-19 19:01:29  INFO     SEIUSDT  dump_reclaim  dump=1.20  TP 2.50 SL 1.20  12h  n=0  W/L/T=0/0/0  res=-1.0  be=37.8  net=$0.00
2026-09-19 19:01:29  INFO     SEIUSDT  dump_reclaim  dump=1.20  TP 3.00 SL 1.50  4h  n=0  W/L/T=0/0/0  res=-1.0  be=37.8  net=$0.00
2026-09-19 19:01:29  INFO     SEIUSDT  dump_reclaim  dump=1.20  TP 3.00 SL 1.50  8h  n=0  W/L/T=0/0/0  res=-1.0  be=37.8  net=$0.00
2026-09-19 19:01:29  INFO     SEIUSDT  dump_reclaim  dump=1.20  TP 3.00 SL 1.50  12h  n=0  W/L/T=0/0/0  res=-1.0  be=37.8  net=$0.00
2026-09-19 19:01:29  INFO     SEIUSDT  dump_reclaim  dump=1.50  TP 1.50 SL 1.00  4h  n=0  W/L/T=0/0/0  res=-1.0  be=48.0  net=$0.00
2026-09-19 19:01:29  INFO     SEIUSDT  dump_reclaim  dump=1.50  TP 1.50 SL 1.00  8h  n=0  W/L/T=0/0/0  res=-1.0  be=48.0  net=$0.00
2026-09-19 19:01:29  INFO     SEIUSDT  dump_reclaim  dump=1.50  TP 1.50 SL 1.00  12h  n=0  W/L/T=0/0/0  res=-1.0  be=48.0  net=$0.00
2026-09-19 19:01:29  INFO     SEIUSDT  dump_reclaim  dump=1.50  TP 2.00 SL 1.00  4h  n=0  W/L/T=0/0/0  res=-1.0  be=40.0  net=$0.00
2026-09-19 19:01:29  INFO     SEIUSDT  dump_reclaim  dump=1.50  TP 2.00 SL 1.00  8h  n=0  W/L/T=0/0/0  res=-1.0  be=40.0  net=$0.00
2026-09-19 19:01:29  INFO     SEIUSDT  dump_reclaim  dump=1.50  TP 2.00 SL 1.00  12h  n=0  W/L/T=0/0/0  res=-1.0  be=40.0  net=$0.00
2026-09-19 19:01:29  INFO     SEIUSDT  dump_reclaim  dump=1.50  TP 2.00 SL 1.50  4h  n=0  W/L/T=0/0/0  res=-1.0  be=48.6  net=$0.00
2026-09-19 19:01:29  INFO     SEIUSDT  dump_reclaim  dump=1.50  TP 2.00 SL 1.50  8h  n=0  W/L/T=0/0/0  res=-1.0  be=48.6  net=$0.00
2026-09-19 19:01:29  INFO     SEIUSDT  dump_reclaim  dump=1.50  TP 2.00 SL 1.50  12h  n=0  W/L/T=0/0/0  res=-1.0  be=48.6  net=$0.00
2026-09-19 19:01:29  INFO     SEIUSDT  dump_reclaim  dump=1.50  TP 2.50 SL 1.20  4h  n=0  W/L/T=0/0/0  res=-1.0  be=37.8  net=$0.00
2026-09-19 19:01:29  INFO     SEIUSDT  dump_reclaim  dump=1.50  TP 2.50 SL 1.20  8h  n=0  W/L/T=0/0/0  res=-1.0  be=37.8  net=$0.00
2026-09-19 19:01:29  INFO     SEIUSDT  dump_reclaim  dump=1.50  TP 2.50 SL 1.20  12h  n=0  W/L/T=0/0/0  res=-1.0  be=37.8  net=$0.00
2026-09-19 19:01:29  INFO     SEIUSDT  dump_reclaim  dump=1.50  TP 3.00 SL 1.50  4h  n=0  W/L/T=0/0/0  res=-1.0  be=37.8  net=$0.00
2026-09-19 19:01:29  INFO     SEIUSDT  dump_reclaim  dump=1.50  TP 3.00 SL 1.50  8h  n=0  W/L/T=0/0/0  res=-1.0  be=37.8  net=$0.00
2026-09-19 19:01:29  INFO     SEIUSDT  dump_reclaim  dump=1.50  TP 3.00 SL 1.50  12h  n=0  W/L/T=0/0/0  res=-1.0  be=37.8  net=$0.00
2026-09-19 19:01:29  INFO     SHIBUSDT: SHIBUSDT_1m_1789038480000_1789643280000.json
2026-09-19 19:01:29  INFO     SHIBUSDT: 10,081 1-minute bars
2026-09-19 19:01:29  INFO     SHIBUSDT  always_in_15m  dump=0.00  TP 1.50 SL 1.00  4h  n=64  W/L/T=15/27/22  res=35.7  be=48.0  net=$-133.88
2026-09-19 19:01:29  INFO     SHIBUSDT  always_in_15m  dump=0.00  TP 1.50 SL 1.00  8h  n=46  W/L/T=14/24/8  res=36.8  be=48.0  net=$-107.62
2026-09-19 19:01:29  INFO     SHIBUSDT  always_in_15m  dump=0.00  TP 1.50 SL 1.00  12h  n=44  W/L/T=16/25/3  res=39.0  be=48.0  net=$-101.92
2026-09-19 19:01:29  INFO     SHIBUSDT  always_in_15m  dump=0.00  TP 2.00 SL 1.00  4h  n=53  W/L/T=7/22/24  res=24.1  be=40.0  net=$-135.24
2026-09-19 19:01:29  INFO     SHIBUSDT  always_in_15m  dump=0.00  TP 2.00 SL 1.00  8h  n=40  W/L/T=8/23/9  res=25.8  be=40.0  net=$-104.39
2026-09-19 19:01:29  INFO     SHIBUSDT  always_in_15m  dump=0.00  TP 2.00 SL 1.00  12h  n=38  W/L/T=9/24/5  res=27.3  be=40.0  net=$-104.58
2026-09-19 19:01:29  INFO     SHIBUSDT  always_in_15m  dump=0.00  TP 2.00 SL 1.50  4h  n=45  W/L/T=6/11/28  res=35.3  be=48.6  net=$-83.38
2026-09-19 19:01:29  INFO     SHIBUSDT  always_in_15m  dump=0.00  TP 2.00 SL 1.50  8h  n=31  W/L/T=8/14/9  res=36.4  be=48.6  net=$-70.51
2026-09-19 19:01:29  INFO     SHIBUSDT  always_in_15m  dump=0.00  TP 2.00 SL 1.50  12h  n=25  W/L/T=6/12/7  res=33.3  be=48.6  net=$-82.73
2026-09-19 19:01:29  INFO     SHIBUSDT  always_in_15m  dump=0.00  TP 2.50 SL 1.20  4h  n=48  W/L/T=3/15/30  res=16.7  be=37.8  net=$-121.78
2026-09-19 19:01:29  INFO     SHIBUSDT  always_in_15m  dump=0.00  TP 2.50 SL 1.20  8h  n=33  W/L/T=5/19/9  res=20.8  be=37.8  net=$-92.49
2026-09-19 19:01:29  INFO     SHIBUSDT  always_in_15m  dump=0.00  TP 2.50 SL 1.20  12h  n=31  W/L/T=8/19/4  res=29.6  be=37.8  net=$-80.13
2026-09-19 19:01:29  INFO     SHIBUSDT  always_in_15m  dump=0.00  TP 3.00 SL 1.50  4h  n=44  W/L/T=2/11/31  res=15.4  be=37.8  net=$-108.26
2026-09-19 19:01:29  INFO     SHIBUSDT  always_in_15m  dump=0.00  TP 3.00 SL 1.50  8h  n=28  W/L/T=2/13/13  res=13.3  be=37.8  net=$-64.41
2026-09-19 19:01:29  INFO     SHIBUSDT  always_in_15m  dump=0.00  TP 3.00 SL 1.50  12h  n=23  W/L/T=4/13/6  res=23.5  be=37.8  net=$-81.98
2026-09-19 19:01:29  INFO     SHIBUSDT  dump_reclaim  dump=0.80  TP 1.50 SL 1.00  4h  n=3  W/L/T=2/1/0  res=66.7  be=48.0  net=$14.00
2026-09-19 19:01:29  INFO     SHIBUSDT  dump_reclaim  dump=0.80  TP 1.50 SL 1.00  8h  n=3  W/L/T=2/1/0  res=66.7  be=48.0  net=$14.00
2026-09-19 19:01:29  INFO     SHIBUSDT  dump_reclaim  dump=0.80  TP 1.50 SL 1.00  12h  n=3  W/L/T=2/1/0  res=66.7  be=48.0  net=$14.00
2026-09-19 19:01:29  INFO     SHIBUSDT  dump_reclaim  dump=0.80  TP 2.00 SL 1.00  4h  n=2  W/L/T=1/1/0  res=50.0  be=40.0  net=$6.00
2026-09-19 19:01:29  INFO     SHIBUSDT  dump_reclaim  dump=0.80  TP 2.00 SL 1.00  8h  n=2  W/L/T=1/1/0  res=50.0  be=40.0  net=$6.00
2026-09-19 19:01:29  INFO     SHIBUSDT  dump_reclaim  dump=0.80  TP 2.00 SL 1.00  12h  n=2  W/L/T=1/1/0  res=50.0  be=40.0  net=$6.00
2026-09-19 19:01:29  INFO     SHIBUSDT  dump_reclaim  dump=0.80  TP 2.00 SL 1.50  4h  n=2  W/L/T=1/1/0  res=50.0  be=48.6  net=$1.00
2026-09-19 19:01:29  INFO     SHIBUSDT  dump_reclaim  dump=0.80  TP 2.00 SL 1.50  8h  n=2  W/L/T=1/1/0  res=50.0  be=48.6  net=$1.00
2026-09-19 19:01:29  INFO     SHIBUSDT  dump_reclaim  dump=0.80  TP 2.00 SL 1.50  12h  n=2  W/L/T=1/1/0  res=50.0  be=48.6  net=$1.00
2026-09-19 19:01:29  INFO     SHIBUSDT  dump_reclaim  dump=0.80  TP 2.50 SL 1.20  4h  n=2  W/L/T=1/1/0  res=50.0  be=37.8  net=$9.00
2026-09-19 19:01:29  INFO     SHIBUSDT  dump_reclaim  dump=0.80  TP 2.50 SL 1.20  8h  n=2  W/L/T=1/1/0  res=50.0  be=37.8  net=$9.00
2026-09-19 19:01:29  INFO     SHIBUSDT  dump_reclaim  dump=0.80  TP 2.50 SL 1.20  12h  n=2  W/L/T=1/1/0  res=50.0  be=37.8  net=$9.00
2026-09-19 19:01:29  INFO     SHIBUSDT  dump_reclaim  dump=0.80  TP 3.00 SL 1.50  4h  n=2  W/L/T=1/1/0  res=50.0  be=37.8  net=$11.00
2026-09-19 19:01:29  INFO     SHIBUSDT  dump_reclaim  dump=0.80  TP 3.00 SL 1.50  8h  n=2  W/L/T=1/1/0  res=50.0  be=37.8  net=$11.00
2026-09-19 19:01:29  INFO     SHIBUSDT  dump_reclaim  dump=0.80  TP 3.00 SL 1.50  12h  n=2  W/L/T=1/1/0  res=50.0  be=37.8  net=$11.00
2026-09-19 19:01:29  INFO     SHIBUSDT  dump_reclaim  dump=1.20  TP 1.50 SL 1.00  4h  n=0  W/L/T=0/0/0  res=-1.0  be=48.0  net=$0.00
2026-09-19 19:01:29  INFO     SHIBUSDT  dump_reclaim  dump=1.20  TP 1.50 SL 1.00  8h  n=0  W/L/T=0/0/0  res=-1.0  be=48.0  net=$0.00
2026-09-19 19:01:29  INFO     SHIBUSDT  dump_reclaim  dump=1.20  TP 1.50 SL 1.00  12h  n=0  W/L/T=0/0/0  res=-1.0  be=48.0  net=$0.00
2026-09-19 19:01:29  INFO     SHIBUSDT  dump_reclaim  dump=1.20  TP 2.00 SL 1.00  4h  n=0  W/L/T=0/0/0  res=-1.0  be=40.0  net=$0.00
2026-09-19 19:01:29  INFO     SHIBUSDT  dump_reclaim  dump=1.20  TP 2.00 SL 1.00  8h  n=0  W/L/T=0/0/0  res=-1.0  be=40.0  net=$0.00
2026-09-19 19:01:29  INFO     SHIBUSDT  dump_reclaim  dump=1.20  TP 2.00 SL 1.00  12h  n=0  W/L/T=0/0/0  res=-1.0  be=40.0  net=$0.00
2026-09-19 19:01:29  INFO     SHIBUSDT  dump_reclaim  dump=1.20  TP 2.00 SL 1.50  4h  n=0  W/L/T=0/0/0  res=-1.0  be=48.6  net=$0.00
2026-09-19 19:01:29  INFO     SHIBUSDT  dump_reclaim  dump=1.20  TP 2.00 SL 1.50  8h  n=0  W/L/T=0/0/0  res=-1.0  be=48.6  net=$0.00
2026-09-19 19:01:29  INFO     SHIBUSDT  dump_reclaim  dump=1.20  TP 2.00 SL 1.50  12h  n=0  W/L/T=0/0/0  res=-1.0  be=48.6  net=$0.00
2026-09-19 19:01:29  INFO     SHIBUSDT  dump_reclaim  dump=1.20  TP 2.50 SL 1.20  4h  n=0  W/L/T=0/0/0  res=-1.0  be=37.8  net=$0.00
2026-09-19 19:01:29  INFO     SHIBUSDT  dump_reclaim  dump=1.20  TP 2.50 SL 1.20  8h  n=0  W/L/T=0/0/0  res=-1.0  be=37.8  net=$0.00
2026-09-19 19:01:29  INFO     SHIBUSDT  dump_reclaim  dump=1.20  TP 2.50 SL 1.20  12h  n=0  W/L/T=0/0/0  res=-1.0  be=37.8  net=$0.00
2026-09-19 19:01:29  INFO     SHIBUSDT  dump_reclaim  dump=1.20  TP 3.00 SL 1.50  4h  n=0  W/L/T=0/0/0  res=-1.0  be=37.8  net=$0.00
2026-09-19 19:01:29  INFO     SHIBUSDT  dump_reclaim  dump=1.20  TP 3.00 SL 1.50  8h  n=0  W/L/T=0/0/0  res=-1.0  be=37.8  net=$0.00
2026-09-19 19:01:29  INFO     SHIBUSDT  dump_reclaim  dump=1.20  TP 3.00 SL 1.50  12h  n=0  W/L/T=0/0/0  res=-1.0  be=37.8  net=$0.00
2026-09-19 19:01:29  INFO     SHIBUSDT  dump_reclaim  dump=1.50  TP 1.50 SL 1.00  4h  n=0  W/L/T=0/0/0  res=-1.0  be=48.0  net=$0.00
2026-09-19 19:01:29  INFO     SHIBUSDT  dump_reclaim  dump=1.50  TP 1.50 SL 1.00  8h  n=0  W/L/T=0/0/0  res=-1.0  be=48.0  net=$0.00
2026-09-19 19:01:29  INFO     SHIBUSDT  dump_reclaim  dump=1.50  TP 1.50 SL 1.00  12h  n=0  W/L/T=0/0/0  res=-1.0  be=48.0  net=$0.00
2026-09-19 19:01:29  INFO     SHIBUSDT  dump_reclaim  dump=1.50  TP 2.00 SL 1.00  4h  n=0  W/L/T=0/0/0  res=-1.0  be=40.0  net=$0.00
2026-09-19 19:01:29  INFO     SHIBUSDT  dump_reclaim  dump=1.50  TP 2.00 SL 1.00  8h  n=0  W/L/T=0/0/0  res=-1.0  be=40.0  net=$0.00
2026-09-19 19:01:29  INFO     SHIBUSDT  dump_reclaim  dump=1.50  TP 2.00 SL 1.00  12h  n=0  W/L/T=0/0/0  res=-1.0  be=40.0  net=$0.00
2026-09-19 19:01:29  INFO     SHIBUSDT  dump_reclaim  dump=1.50  TP 2.00 SL 1.50  4h  n=0  W/L/T=0/0/0  res=-1.0  be=48.6  net=$0.00
2026-09-19 19:01:29  INFO     SHIBUSDT  dump_reclaim  dump=1.50  TP 2.00 SL 1.50  8h  n=0  W/L/T=0/0/0  res=-1.0  be=48.6  net=$0.00
2026-09-19 19:01:29  INFO     SHIBUSDT  dump_reclaim  dump=1.50  TP 2.00 SL 1.50  12h  n=0  W/L/T=0/0/0  res=-1.0  be=48.6  net=$0.00
2026-09-19 19:01:29  INFO     SHIBUSDT  dump_reclaim  dump=1.50  TP 2.50 SL 1.20  4h  n=0  W/L/T=0/0/0  res=-1.0  be=37.8  net=$0.00
2026-09-19 19:01:29  INFO     SHIBUSDT  dump_reclaim  dump=1.50  TP 2.50 SL 1.20  8h  n=0  W/L/T=0/0/0  res=-1.0  be=37.8  net=$0.00
2026-09-19 19:01:29  INFO     SHIBUSDT  dump_reclaim  dump=1.50  TP 2.50 SL 1.20  12h  n=0  W/L/T=0/0/0  res=-1.0  be=37.8  net=$0.00
2026-09-19 19:01:29  INFO     SHIBUSDT  dump_reclaim  dump=1.50  TP 3.00 SL 1.50  4h  n=0  W/L/T=0/0/0  res=-1.0  be=37.8  net=$0.00
2026-09-19 19:01:29  INFO     SHIBUSDT  dump_reclaim  dump=1.50  TP 3.00 SL 1.50  8h  n=0  W/L/T=0/0/0  res=-1.0  be=37.8  net=$0.00
2026-09-19 19:01:29  INFO     SHIBUSDT  dump_reclaim  dump=1.50  TP 3.00 SL 1.50  12h  n=0  W/L/T=0/0/0  res=-1.0  be=37.8  net=$0.00
2026-09-19 19:01:29  INFO     SOLUSDT: SOLUSDT_1m_1789038480000_1789643280000.json
2026-09-19 19:01:29  INFO     SOLUSDT: 10,081 1-minute bars
2026-09-19 19:01:29  INFO     SOLUSDT  always_in_15m  dump=0.00  TP 1.50 SL 1.00  4h  n=52  W/L/T=8/19/25  res=29.6  be=48.0  net=$-133.59
2026-09-19 19:01:29  INFO     SOLUSDT  always_in_15m  dump=0.00  TP 1.50 SL 1.00  8h  n=41  W/L/T=11/21/9  res=34.4  be=48.0  net=$-106.25
2026-09-19 19:01:29  INFO     SOLUSDT  always_in_15m  dump=0.00  TP 1.50 SL 1.00  12h  n=40  W/L/T=12/24/4  res=33.3  be=48.0  net=$-136.69
2026-09-19 19:01:29  INFO     SOLUSDT  always_in_15m  dump=0.00  TP 2.00 SL 1.00  4h  n=49  W/L/T=5/16/28  res=23.8  be=40.0  net=$-115.40
2026-09-19 19:01:29  INFO     SOLUSDT  always_in_15m  dump=0.00  TP 2.00 SL 1.00  8h  n=35  W/L/T=6/17/12  res=26.1  be=40.0  net=$-90.22
2026-09-19 19:01:29  INFO     SOLUSDT  always_in_15m  dump=0.00  TP 2.00 SL 1.00  12h  n=33  W/L/T=7/19/7  res=26.9  be=40.0  net=$-87.79
2026-09-19 19:01:29  INFO     SOLUSDT  always_in_15m  dump=0.00  TP 2.00 SL 1.50  4h  n=43  W/L/T=3/6/34  res=33.3  be=48.6  net=$-97.02
2026-09-19 19:01:29  INFO     SOLUSDT  always_in_15m  dump=0.00  TP 2.00 SL 1.50  8h  n=25  W/L/T=2/9/14  res=18.2  be=48.6  net=$-76.65
2026-09-19 19:01:29  INFO     SOLUSDT  always_in_15m  dump=0.00  TP 2.00 SL 1.50  12h  n=22  W/L/T=5/9/8  res=35.7  be=48.6  net=$-58.37
2026-09-19 19:01:29  INFO     SOLUSDT  always_in_15m  dump=0.00  TP 2.50 SL 1.20  4h  n=45  W/L/T=3/10/32  res=23.1  be=37.8  net=$-77.10
2026-09-19 19:01:29  INFO     SOLUSDT  always_in_15m  dump=0.00  TP 2.50 SL 1.20  8h  n=32  W/L/T=4/15/13  res=21.1  be=37.8  net=$-74.24
2026-09-19 19:01:29  INFO     SOLUSDT  always_in_15m  dump=0.00  TP 2.50 SL 1.20  12h  n=25  W/L/T=4/12/9  res=25.0  be=37.8  net=$-52.16
2026-09-19 19:01:29  INFO     SOLUSDT  always_in_15m  dump=0.00  TP 3.00 SL 1.50  4h  n=42  W/L/T=1/6/35  res=14.3  be=37.8  net=$-106.47
2026-09-19 19:01:29  INFO     SOLUSDT  always_in_15m  dump=0.00  TP 3.00 SL 1.50  8h  n=25  W/L/T=1/9/15  res=10.0  be=37.8  net=$-69.35
2026-09-19 19:01:29  INFO     SOLUSDT  always_in_15m  dump=0.00  TP 3.00 SL 1.50  12h  n=21  W/L/T=1/9/11  res=10.0  be=37.8  net=$-72.89
2026-09-19 19:01:29  INFO     SOLUSDT  dump_reclaim  dump=0.80  TP 1.50 SL 1.00  4h  n=1  W/L/T=1/0/0  res=100.0  be=48.0  net=$13.00
2026-09-19 19:01:29  INFO     SOLUSDT  dump_reclaim  dump=0.80  TP 1.50 SL 1.00  8h  n=1  W/L/T=1/0/0  res=100.0  be=48.0  net=$13.00
2026-09-19 19:01:29  INFO     SOLUSDT  dump_reclaim  dump=0.80  TP 1.50 SL 1.00  12h  n=1  W/L/T=1/0/0  res=100.0  be=48.0  net=$13.00
2026-09-19 19:01:29  INFO     SOLUSDT  dump_reclaim  dump=0.80  TP 2.00 SL 1.00  4h  n=1  W/L/T=0/0/1  res=-1.0  be=40.0  net=$4.01
2026-09-19 19:01:29  INFO     SOLUSDT  dump_reclaim  dump=0.80  TP 2.00 SL 1.00  8h  n=1  W/L/T=0/0/1  res=-1.0  be=40.0  net=$1.65
2026-09-19 19:01:29  INFO     SOLUSDT  dump_reclaim  dump=0.80  TP 2.00 SL 1.00  12h  n=1  W/L/T=0/0/1  res=-1.0  be=40.0  net=$0.46
2026-09-19 19:01:29  INFO     SOLUSDT  dump_reclaim  dump=0.80  TP 2.00 SL 1.50  4h  n=1  W/L/T=0/0/1  res=-1.0  be=48.6  net=$4.01
2026-09-19 19:01:29  INFO     SOLUSDT  dump_reclaim  dump=0.80  TP 2.00 SL 1.50  8h  n=1  W/L/T=0/0/1  res=-1.0  be=48.6  net=$1.65
2026-09-19 19:01:29  INFO     SOLUSDT  dump_reclaim  dump=0.80  TP 2.00 SL 1.50  12h  n=1  W/L/T=0/0/1  res=-1.0  be=48.6  net=$0.46
2026-09-19 19:01:29  INFO     SOLUSDT  dump_reclaim  dump=0.80  TP 2.50 SL 1.20  4h  n=1  W/L/T=0/0/1  res=-1.0  be=37.8  net=$4.01
2026-09-19 19:01:29  INFO     SOLUSDT  dump_reclaim  dump=0.80  TP 2.50 SL 1.20  8h  n=1  W/L/T=0/0/1  res=-1.0  be=37.8  net=$1.65
2026-09-19 19:01:29  INFO     SOLUSDT  dump_reclaim  dump=0.80  TP 2.50 SL 1.20  12h  n=1  W/L/T=0/0/1  res=-1.0  be=37.8  net=$0.46
2026-09-19 19:01:29  INFO     SOLUSDT  dump_reclaim  dump=0.80  TP 3.00 SL 1.50  4h  n=1  W/L/T=0/0/1  res=-1.0  be=37.8  net=$4.01
2026-09-19 19:01:29  INFO     SOLUSDT  dump_reclaim  dump=0.80  TP 3.00 SL 1.50  8h  n=1  W/L/T=0/0/1  res=-1.0  be=37.8  net=$1.65
2026-09-19 19:01:29  INFO     SOLUSDT  dump_reclaim  dump=0.80  TP 3.00 SL 1.50  12h  n=1  W/L/T=0/0/1  res=-1.0  be=37.8  net=$0.46
2026-09-19 19:01:29  INFO     SOLUSDT  dump_reclaim  dump=1.20  TP 1.50 SL 1.00  4h  n=0  W/L/T=0/0/0  res=-1.0  be=48.0  net=$0.00
2026-09-19 19:01:29  INFO     SOLUSDT  dump_reclaim  dump=1.20  TP 1.50 SL 1.00  8h  n=0  W/L/T=0/0/0  res=-1.0  be=48.0  net=$0.00
2026-09-19 19:01:29  INFO     SOLUSDT  dump_reclaim  dump=1.20  TP 1.50 SL 1.00  12h  n=0  W/L/T=0/0/0  res=-1.0  be=48.0  net=$0.00
2026-09-19 19:01:29  INFO     SOLUSDT  dump_reclaim  dump=1.20  TP 2.00 SL 1.00  4h  n=0  W/L/T=0/0/0  res=-1.0  be=40.0  net=$0.00
2026-09-19 19:01:29  INFO     SOLUSDT  dump_reclaim  dump=1.20  TP 2.00 SL 1.00  8h  n=0  W/L/T=0/0/0  res=-1.0  be=40.0  net=$0.00
2026-09-19 19:01:29  INFO     SOLUSDT  dump_reclaim  dump=1.20  TP 2.00 SL 1.00  12h  n=0  W/L/T=0/0/0  res=-1.0  be=40.0  net=$0.00
2026-09-19 19:01:29  INFO     SOLUSDT  dump_reclaim  dump=1.20  TP 2.00 SL 1.50  4h  n=0  W/L/T=0/0/0  res=-1.0  be=48.6  net=$0.00
2026-09-19 19:01:29  INFO     SOLUSDT  dump_reclaim  dump=1.20  TP 2.00 SL 1.50  8h  n=0  W/L/T=0/0/0  res=-1.0  be=48.6  net=$0.00
2026-09-19 19:01:29  INFO     SOLUSDT  dump_reclaim  dump=1.20  TP 2.00 SL 1.50  12h  n=0  W/L/T=0/0/0  res=-1.0  be=48.6  net=$0.00
2026-09-19 19:01:29  INFO     SOLUSDT  dump_reclaim  dump=1.20  TP 2.50 SL 1.20  4h  n=0  W/L/T=0/0/0  res=-1.0  be=37.8  net=$0.00
2026-09-19 19:01:29  INFO     SOLUSDT  dump_reclaim  dump=1.20  TP 2.50 SL 1.20  8h  n=0  W/L/T=0/0/0  res=-1.0  be=37.8  net=$0.00
2026-09-19 19:01:29  INFO     SOLUSDT  dump_reclaim  dump=1.20  TP 2.50 SL 1.20  12h  n=0  W/L/T=0/0/0  res=-1.0  be=37.8  net=$0.00
2026-09-19 19:01:29  INFO     SOLUSDT  dump_reclaim  dump=1.20  TP 3.00 SL 1.50  4h  n=0  W/L/T=0/0/0  res=-1.0  be=37.8  net=$0.00
2026-09-19 19:01:29  INFO     SOLUSDT  dump_reclaim  dump=1.20  TP 3.00 SL 1.50  8h  n=0  W/L/T=0/0/0  res=-1.0  be=37.8  net=$0.00
2026-09-19 19:01:29  INFO     SOLUSDT  dump_reclaim  dump=1.20  TP 3.00 SL 1.50  12h  n=0  W/L/T=0/0/0  res=-1.0  be=37.8  net=$0.00
2026-09-19 19:01:29  INFO     SOLUSDT  dump_reclaim  dump=1.50  TP 1.50 SL 1.00  4h  n=0  W/L/T=0/0/0  res=-1.0  be=48.0  net=$0.00
2026-09-19 19:01:29  INFO     SOLUSDT  dump_reclaim  dump=1.50  TP 1.50 SL 1.00  8h  n=0  W/L/T=0/0/0  res=-1.0  be=48.0  net=$0.00
2026-09-19 19:01:29  INFO     SOLUSDT  dump_reclaim  dump=1.50  TP 1.50 SL 1.00  12h  n=0  W/L/T=0/0/0  res=-1.0  be=48.0  net=$0.00
2026-09-19 19:01:29  INFO     SOLUSDT  dump_reclaim  dump=1.50  TP 2.00 SL 1.00  4h  n=0  W/L/T=0/0/0  res=-1.0  be=40.0  net=$0.00
2026-09-19 19:01:29  INFO     SOLUSDT  dump_reclaim  dump=1.50  TP 2.00 SL 1.00  8h  n=0  W/L/T=0/0/0  res=-1.0  be=40.0  net=$0.00
2026-09-19 19:01:29  INFO     SOLUSDT  dump_reclaim  dump=1.50  TP 2.00 SL 1.00  12h  n=0  W/L/T=0/0/0  res=-1.0  be=40.0  net=$0.00
2026-09-19 19:01:29  INFO     SOLUSDT  dump_reclaim  dump=1.50  TP 2.00 SL 1.50  4h  n=0  W/L/T=0/0/0  res=-1.0  be=48.6  net=$0.00
2026-09-19 19:01:29  INFO     SOLUSDT  dump_reclaim  dump=1.50  TP 2.00 SL 1.50  8h  n=0  W/L/T=0/0/0  res=-1.0  be=48.6  net=$0.00
2026-09-19 19:01:29  INFO     SOLUSDT  dump_reclaim  dump=1.50  TP 2.00 SL 1.50  12h  n=0  W/L/T=0/0/0  res=-1.0  be=48.6  net=$0.00
2026-09-19 19:01:29  INFO     SOLUSDT  dump_reclaim  dump=1.50  TP 2.50 SL 1.20  4h  n=0  W/L/T=0/0/0  res=-1.0  be=37.8  net=$0.00
2026-09-19 19:01:29  INFO     SOLUSDT  dump_reclaim  dump=1.50  TP 2.50 SL 1.20  8h  n=0  W/L/T=0/0/0  res=-1.0  be=37.8  net=$0.00
2026-09-19 19:01:29  INFO     SOLUSDT  dump_reclaim  dump=1.50  TP 2.50 SL 1.20  12h  n=0  W/L/T=0/0/0  res=-1.0  be=37.8  net=$0.00
2026-09-19 19:01:29  INFO     SOLUSDT  dump_reclaim  dump=1.50  TP 3.00 SL 1.50  4h  n=0  W/L/T=0/0/0  res=-1.0  be=37.8  net=$0.00
2026-09-19 19:01:29  INFO     SOLUSDT  dump_reclaim  dump=1.50  TP 3.00 SL 1.50  8h  n=0  W/L/T=0/0/0  res=-1.0  be=37.8  net=$0.00
2026-09-19 19:01:29  INFO     SOLUSDT  dump_reclaim  dump=1.50  TP 3.00 SL 1.50  12h  n=0  W/L/T=0/0/0  res=-1.0  be=37.8  net=$0.00
2026-09-19 19:01:29  INFO     SUIUSDT: SUIUSDT_1m_1789038480000_1789643280000.json
2026-09-19 19:01:30  INFO     SUIUSDT: 10,081 1-minute bars
2026-09-19 19:01:30  INFO     SUIUSDT  always_in_15m  dump=0.00  TP 1.50 SL 1.00  4h  n=66  W/L/T=15/30/21  res=33.3  be=48.0  net=$-169.14
2026-09-19 19:01:30  INFO     SUIUSDT  always_in_15m  dump=0.00  TP 1.50 SL 1.00  8h  n=57  W/L/T=17/33/7  res=34.0  be=48.0  net=$-165.10
2026-09-19 19:01:30  INFO     SUIUSDT  always_in_15m  dump=0.00  TP 1.50 SL 1.00  12h  n=55  W/L/T=19/34/2  res=35.8  be=48.0  net=$-159.72
2026-09-19 19:01:30  INFO     SUIUSDT  always_in_15m  dump=0.00  TP 2.00 SL 1.00  4h  n=61  W/L/T=10/29/22  res=25.6  be=40.0  net=$-151.78
2026-09-19 19:01:30  INFO     SUIUSDT  always_in_15m  dump=0.00  TP 2.00 SL 1.00  8h  n=52  W/L/T=12/32/8  res=27.3  be=40.0  net=$-154.20
2026-09-19 19:01:30  INFO     SUIUSDT  always_in_15m  dump=0.00  TP 2.00 SL 1.00  12h  n=46  W/L/T=13/30/3  res=30.2  be=40.0  net=$-125.20
2026-09-19 19:01:30  INFO     SUIUSDT  always_in_15m  dump=0.00  TP 2.00 SL 1.50  4h  n=54  W/L/T=10/18/26  res=35.7  be=48.6  net=$-135.08
2026-09-19 19:01:30  INFO     SUIUSDT  always_in_15m  dump=0.00  TP 2.00 SL 1.50  8h  n=40  W/L/T=12/20/8  res=37.5  be=48.6  net=$-125.68
2026-09-19 19:01:30  INFO     SUIUSDT  always_in_15m  dump=0.00  TP 2.00 SL 1.50  12h  n=35  W/L/T=11/19/5  res=36.7  be=48.6  net=$-126.18
2026-09-19 19:01:30  INFO     SUIUSDT  always_in_15m  dump=0.00  TP 2.50 SL 1.20  4h  n=54  W/L/T=6/20/28  res=23.1  be=37.8  net=$-114.86
2026-09-19 19:01:30  INFO     SUIUSDT  always_in_15m  dump=0.00  TP 2.50 SL 1.20  8h  n=43  W/L/T=7/24/12  res=22.6  be=37.8  net=$-140.10
2026-09-19 19:01:30  INFO     SUIUSDT  always_in_15m  dump=0.00  TP 2.50 SL 1.20  12h  n=34  W/L/T=7/21/6  res=25.0  be=37.8  net=$-102.37
2026-09-19 19:01:30  INFO     SUIUSDT  always_in_15m  dump=0.00  TP 3.00 SL 1.50  4h  n=47  W/L/T=5/15/27  res=25.0  be=37.8  net=$-96.33
2026-09-19 19:01:30  INFO     SUIUSDT  always_in_15m  dump=0.00  TP 3.00 SL 1.50  8h  n=33  W/L/T=6/17/10  res=26.1  be=37.8  net=$-91.39
2026-09-19 19:01:30  INFO     SUIUSDT  always_in_15m  dump=0.00  TP 3.00 SL 1.50  12h  n=28  W/L/T=6/15/7  res=28.6  be=37.8  net=$-77.11
2026-09-19 19:01:30  INFO     SUIUSDT  dump_reclaim  dump=0.80  TP 1.50 SL 1.00  4h  n=5  W/L/T=1/4/0  res=20.0  be=48.0  net=$-35.00
2026-09-19 19:01:30  INFO     SUIUSDT  dump_reclaim  dump=0.80  TP 1.50 SL 1.00  8h  n=5  W/L/T=1/4/0  res=20.0  be=48.0  net=$-35.00
2026-09-19 19:01:30  INFO     SUIUSDT  dump_reclaim  dump=0.80  TP 1.50 SL 1.00  12h  n=5  W/L/T=1/4/0  res=20.0  be=48.0  net=$-35.00
2026-09-19 19:01:30  INFO     SUIUSDT  dump_reclaim  dump=0.80  TP 2.00 SL 1.00  4h  n=5  W/L/T=1/4/0  res=20.0  be=40.0  net=$-30.00
2026-09-19 19:01:30  INFO     SUIUSDT  dump_reclaim  dump=0.80  TP 2.00 SL 1.00  8h  n=5  W/L/T=1/4/0  res=20.0  be=40.0  net=$-30.00
2026-09-19 19:01:30  INFO     SUIUSDT  dump_reclaim  dump=0.80  TP 2.00 SL 1.00  12h  n=5  W/L/T=1/4/0  res=20.0  be=40.0  net=$-30.00
2026-09-19 19:01:30  INFO     SUIUSDT  dump_reclaim  dump=0.80  TP 2.00 SL 1.50  4h  n=4  W/L/T=1/1/2  res=50.0  be=48.6  net=$-7.97
2026-09-19 19:01:30  INFO     SUIUSDT  dump_reclaim  dump=0.80  TP 2.00 SL 1.50  8h  n=4  W/L/T=1/1/2  res=50.0  be=48.6  net=$7.19
2026-09-19 19:01:30  INFO     SUIUSDT  dump_reclaim  dump=0.80  TP 2.00 SL 1.50  12h  n=4  W/L/T=1/1/2  res=50.0  be=48.6  net=$-12.90
2026-09-19 19:01:30  INFO     SUIUSDT  dump_reclaim  dump=0.80  TP 2.50 SL 1.20  4h  n=4  W/L/T=0/2/2  res=0.0  be=37.8  net=$-18.11
2026-09-19 19:01:30  INFO     SUIUSDT  dump_reclaim  dump=0.80  TP 2.50 SL 1.20  8h  n=4  W/L/T=1/3/0  res=25.0  be=37.8  net=$-19.00
2026-09-19 19:01:30  INFO     SUIUSDT  dump_reclaim  dump=0.80  TP 2.50 SL 1.20  12h  n=4  W/L/T=1/3/0  res=25.0  be=37.8  net=$-19.00
2026-09-19 19:01:30  INFO     SUIUSDT  dump_reclaim  dump=0.80  TP 3.00 SL 1.50  4h  n=4  W/L/T=0/1/3  res=0.0  be=37.8  net=$-7.07
2026-09-19 19:01:30  INFO     SUIUSDT  dump_reclaim  dump=0.80  TP 3.00 SL 1.50  8h  n=4  W/L/T=1/1/2  res=50.0  be=37.8  net=$17.19
2026-09-19 19:01:30  INFO     SUIUSDT  dump_reclaim  dump=0.80  TP 3.00 SL 1.50  12h  n=4  W/L/T=1/1/2  res=50.0  be=37.8  net=$-2.90
2026-09-19 19:01:30  INFO     SUIUSDT  dump_reclaim  dump=1.20  TP 1.50 SL 1.00  4h  n=0  W/L/T=0/0/0  res=-1.0  be=48.0  net=$0.00
2026-09-19 19:01:30  INFO     SUIUSDT  dump_reclaim  dump=1.20  TP 1.50 SL 1.00  8h  n=0  W/L/T=0/0/0  res=-1.0  be=48.0  net=$0.00
2026-09-19 19:01:30  INFO     SUIUSDT  dump_reclaim  dump=1.20  TP 1.50 SL 1.00  12h  n=0  W/L/T=0/0/0  res=-1.0  be=48.0  net=$0.00
2026-09-19 19:01:30  INFO     SUIUSDT  dump_reclaim  dump=1.20  TP 2.00 SL 1.00  4h  n=0  W/L/T=0/0/0  res=-1.0  be=40.0  net=$0.00
2026-09-19 19:01:30  INFO     SUIUSDT  dump_reclaim  dump=1.20  TP 2.00 SL 1.00  8h  n=0  W/L/T=0/0/0  res=-1.0  be=40.0  net=$0.00
2026-09-19 19:01:30  INFO     SUIUSDT  dump_reclaim  dump=1.20  TP 2.00 SL 1.00  12h  n=0  W/L/T=0/0/0  res=-1.0  be=40.0  net=$0.00
2026-09-19 19:01:30  INFO     SUIUSDT  dump_reclaim  dump=1.20  TP 2.00 SL 1.50  4h  n=0  W/L/T=0/0/0  res=-1.0  be=48.6  net=$0.00
2026-09-19 19:01:30  INFO     SUIUSDT  dump_reclaim  dump=1.20  TP 2.00 SL 1.50  8h  n=0  W/L/T=0/0/0  res=-1.0  be=48.6  net=$0.00
2026-09-19 19:01:30  INFO     SUIUSDT  dump_reclaim  dump=1.20  TP 2.00 SL 1.50  12h  n=0  W/L/T=0/0/0  res=-1.0  be=48.6  net=$0.00
2026-09-19 19:01:30  INFO     SUIUSDT  dump_reclaim  dump=1.20  TP 2.50 SL 1.20  4h  n=0  W/L/T=0/0/0  res=-1.0  be=37.8  net=$0.00
2026-09-19 19:01:30  INFO     SUIUSDT  dump_reclaim  dump=1.20  TP 2.50 SL 1.20  8h  n=0  W/L/T=0/0/0  res=-1.0  be=37.8  net=$0.00
2026-09-19 19:01:30  INFO     SUIUSDT  dump_reclaim  dump=1.20  TP 2.50 SL 1.20  12h  n=0  W/L/T=0/0/0  res=-1.0  be=37.8  net=$0.00
2026-09-19 19:01:30  INFO     SUIUSDT  dump_reclaim  dump=1.20  TP 3.00 SL 1.50  4h  n=0  W/L/T=0/0/0  res=-1.0  be=37.8  net=$0.00
2026-09-19 19:01:30  INFO     SUIUSDT  dump_reclaim  dump=1.20  TP 3.00 SL 1.50  8h  n=0  W/L/T=0/0/0  res=-1.0  be=37.8  net=$0.00
2026-09-19 19:01:30  INFO     SUIUSDT  dump_reclaim  dump=1.20  TP 3.00 SL 1.50  12h  n=0  W/L/T=0/0/0  res=-1.0  be=37.8  net=$0.00
2026-09-19 19:01:30  INFO     SUIUSDT  dump_reclaim  dump=1.50  TP 1.50 SL 1.00  4h  n=0  W/L/T=0/0/0  res=-1.0  be=48.0  net=$0.00
2026-09-19 19:01:30  INFO     SUIUSDT  dump_reclaim  dump=1.50  TP 1.50 SL 1.00  8h  n=0  W/L/T=0/0/0  res=-1.0  be=48.0  net=$0.00
2026-09-19 19:01:30  INFO     SUIUSDT  dump_reclaim  dump=1.50  TP 1.50 SL 1.00  12h  n=0  W/L/T=0/0/0  res=-1.0  be=48.0  net=$0.00
2026-09-19 19:01:30  INFO     SUIUSDT  dump_reclaim  dump=1.50  TP 2.00 SL 1.00  4h  n=0  W/L/T=0/0/0  res=-1.0  be=40.0  net=$0.00
2026-09-19 19:01:30  INFO     SUIUSDT  dump_reclaim  dump=1.50  TP 2.00 SL 1.00  8h  n=0  W/L/T=0/0/0  res=-1.0  be=40.0  net=$0.00
2026-09-19 19:01:30  INFO     SUIUSDT  dump_reclaim  dump=1.50  TP 2.00 SL 1.00  12h  n=0  W/L/T=0/0/0  res=-1.0  be=40.0  net=$0.00
2026-09-19 19:01:30  INFO     SUIUSDT  dump_reclaim  dump=1.50  TP 2.00 SL 1.50  4h  n=0  W/L/T=0/0/0  res=-1.0  be=48.6  net=$0.00
2026-09-19 19:01:30  INFO     SUIUSDT  dump_reclaim  dump=1.50  TP 2.00 SL 1.50  8h  n=0  W/L/T=0/0/0  res=-1.0  be=48.6  net=$0.00
2026-09-19 19:01:30  INFO     SUIUSDT  dump_reclaim  dump=1.50  TP 2.00 SL 1.50  12h  n=0  W/L/T=0/0/0  res=-1.0  be=48.6  net=$0.00
2026-09-19 19:01:30  INFO     SUIUSDT  dump_reclaim  dump=1.50  TP 2.50 SL 1.20  4h  n=0  W/L/T=0/0/0  res=-1.0  be=37.8  net=$0.00
2026-09-19 19:01:30  INFO     SUIUSDT  dump_reclaim  dump=1.50  TP 2.50 SL 1.20  8h  n=0  W/L/T=0/0/0  res=-1.0  be=37.8  net=$0.00
2026-09-19 19:01:30  INFO     SUIUSDT  dump_reclaim  dump=1.50  TP 2.50 SL 1.20  12h  n=0  W/L/T=0/0/0  res=-1.0  be=37.8  net=$0.00
2026-09-19 19:01:30  INFO     SUIUSDT  dump_reclaim  dump=1.50  TP 3.00 SL 1.50  4h  n=0  W/L/T=0/0/0  res=-1.0  be=37.8  net=$0.00
2026-09-19 19:01:30  INFO     SUIUSDT  dump_reclaim  dump=1.50  TP 3.00 SL 1.50  8h  n=0  W/L/T=0/0/0  res=-1.0  be=37.8  net=$0.00
2026-09-19 19:01:30  INFO     SUIUSDT  dump_reclaim  dump=1.50  TP 3.00 SL 1.50  12h  n=0  W/L/T=0/0/0  res=-1.0  be=37.8  net=$0.00
2026-09-19 19:01:30  INFO     TIAUSDT: TIAUSDT_1m_1789038480000_1789643280000.json
2026-09-19 19:01:30  INFO     TIAUSDT: 10,081 1-minute bars
2026-09-19 19:01:30  INFO     TIAUSDT  always_in_15m  dump=0.00  TP 1.50 SL 1.00  4h  n=73  W/L/T=22/39/12  res=36.1  be=48.0  net=$-223.58
2026-09-19 19:01:30  INFO     TIAUSDT  always_in_15m  dump=0.00  TP 1.50 SL 1.00  8h  n=63  W/L/T=21/39/3  res=35.0  be=48.0  net=$-197.70
2026-09-19 19:01:30  INFO     TIAUSDT  always_in_15m  dump=0.00  TP 1.50 SL 1.00  12h  n=62  W/L/T=21/39/2  res=35.0  be=48.0  net=$-201.56
2026-09-19 19:01:30  INFO     TIAUSDT  always_in_15m  dump=0.00  TP 2.00 SL 1.00  4h  n=62  W/L/T=12/35/15  res=25.5  be=40.0  net=$-175.97
2026-09-19 19:01:30  INFO     TIAUSDT  always_in_15m  dump=0.00  TP 2.00 SL 1.00  8h  n=54  W/L/T=14/36/4  res=28.0  be=40.0  net=$-174.23
2026-09-19 19:01:30  INFO     TIAUSDT  always_in_15m  dump=0.00  TP 2.00 SL 1.00  12h  n=51  W/L/T=15/35/1  res=30.0  be=40.0  net=$-154.30
2026-09-19 19:01:30  INFO     TIAUSDT  always_in_15m  dump=0.00  TP 2.00 SL 1.50  4h  n=50  W/L/T=8/18/24  res=30.8  be=48.6  net=$-185.90
2026-09-19 19:01:30  INFO     TIAUSDT  always_in_15m  dump=0.00  TP 2.00 SL 1.50  8h  n=40  W/L/T=11/22/7  res=33.3  be=48.6  net=$-173.77
2026-09-19 19:01:30  INFO     TIAUSDT  always_in_15m  dump=0.00  TP 2.00 SL 1.50  12h  n=32  W/L/T=10/20/2  res=33.3  be=48.6  net=$-161.69
2026-09-19 19:01:30  INFO     TIAUSDT  always_in_15m  dump=0.00  TP 2.50 SL 1.20  4h  n=50  W/L/T=3/23/24  res=11.5  be=37.8  net=$-173.94
2026-09-19 19:01:30  INFO     TIAUSDT  always_in_15m  dump=0.00  TP 2.50 SL 1.20  8h  n=41  W/L/T=10/25/6  res=28.6  be=37.8  net=$-120.15
2026-09-19 19:01:30  INFO     TIAUSDT  always_in_15m  dump=0.00  TP 2.50 SL 1.20  12h  n=39  W/L/T=11/26/2  res=29.7  be=37.8  net=$-108.72
2026-09-19 19:01:30  INFO     TIAUSDT  always_in_15m  dump=0.00  TP 3.00 SL 1.50  4h  n=47  W/L/T=4/17/26  res=19.0  be=37.8  net=$-168.58
2026-09-19 19:01:30  INFO     TIAUSDT  always_in_15m  dump=0.00  TP 3.00 SL 1.50  8h  n=35  W/L/T=6/20/9  res=23.1  be=37.8  net=$-123.49
2026-09-19 19:01:30  INFO     TIAUSDT  always_in_15m  dump=0.00  TP 3.00 SL 1.50  12h  n=29  W/L/T=5/20/4  res=20.0  be=37.8  net=$-160.54
2026-09-19 19:01:30  INFO     TIAUSDT  dump_reclaim  dump=0.80  TP 1.50 SL 1.00  4h  n=1  W/L/T=0/0/1  res=-1.0  be=48.0  net=$-1.19
2026-09-19 19:01:30  INFO     TIAUSDT  dump_reclaim  dump=0.80  TP 1.50 SL 1.00  8h  n=1  W/L/T=0/0/1  res=-1.0  be=48.0  net=$-1.46
2026-09-19 19:01:30  INFO     TIAUSDT  dump_reclaim  dump=0.80  TP 1.50 SL 1.00  12h  n=1  W/L/T=0/1/0  res=0.0  be=48.0  net=$-12.00
2026-09-19 19:01:30  INFO     TIAUSDT  dump_reclaim  dump=0.80  TP 2.00 SL 1.00  4h  n=1  W/L/T=0/0/1  res=-1.0  be=40.0  net=$-1.19
2026-09-19 19:01:30  INFO     TIAUSDT  dump_reclaim  dump=0.80  TP 2.00 SL 1.00  8h  n=1  W/L/T=0/0/1  res=-1.0  be=40.0  net=$-1.46
2026-09-19 19:01:30  INFO     TIAUSDT  dump_reclaim  dump=0.80  TP 2.00 SL 1.00  12h  n=1  W/L/T=0/1/0  res=0.0  be=40.0  net=$-12.00
2026-09-19 19:01:30  INFO     TIAUSDT  dump_reclaim  dump=0.80  TP 2.00 SL 1.50  4h  n=1  W/L/T=0/0/1  res=-1.0  be=48.6  net=$-1.19
2026-09-19 19:01:30  INFO     TIAUSDT  dump_reclaim  dump=0.80  TP 2.00 SL 1.50  8h  n=1  W/L/T=0/0/1  res=-1.0  be=48.6  net=$-1.46
2026-09-19 19:01:30  INFO     TIAUSDT  dump_reclaim  dump=0.80  TP 2.00 SL 1.50  12h  n=1  W/L/T=0/1/0  res=0.0  be=48.6  net=$-17.00
2026-09-19 19:01:30  INFO     TIAUSDT  dump_reclaim  dump=0.80  TP 2.50 SL 1.20  4h  n=1  W/L/T=0/0/1  res=-1.0  be=37.8  net=$-1.19
2026-09-19 19:01:30  INFO     TIAUSDT  dump_reclaim  dump=0.80  TP 2.50 SL 1.20  8h  n=1  W/L/T=0/0/1  res=-1.0  be=37.8  net=$-1.46
2026-09-19 19:01:30  INFO     TIAUSDT  dump_reclaim  dump=0.80  TP 2.50 SL 1.20  12h  n=1  W/L/T=0/1/0  res=0.0  be=37.8  net=$-14.00
2026-09-19 19:01:30  INFO     TIAUSDT  dump_reclaim  dump=0.80  TP 3.00 SL 1.50  4h  n=1  W/L/T=0/0/1  res=-1.0  be=37.8  net=$-1.19
2026-09-19 19:01:30  INFO     TIAUSDT  dump_reclaim  dump=0.80  TP 3.00 SL 1.50  8h  n=1  W/L/T=0/0/1  res=-1.0  be=37.8  net=$-1.46
2026-09-19 19:01:30  INFO     TIAUSDT  dump_reclaim  dump=0.80  TP 3.00 SL 1.50  12h  n=1  W/L/T=0/1/0  res=0.0  be=37.8  net=$-17.00
2026-09-19 19:01:30  INFO     TIAUSDT  dump_reclaim  dump=1.20  TP 1.50 SL 1.00  4h  n=0  W/L/T=0/0/0  res=-1.0  be=48.0  net=$0.00
2026-09-19 19:01:30  INFO     TIAUSDT  dump_reclaim  dump=1.20  TP 1.50 SL 1.00  8h  n=0  W/L/T=0/0/0  res=-1.0  be=48.0  net=$0.00
2026-09-19 19:01:30  INFO     TIAUSDT  dump_reclaim  dump=1.20  TP 1.50 SL 1.00  12h  n=0  W/L/T=0/0/0  res=-1.0  be=48.0  net=$0.00
2026-09-19 19:01:30  INFO     TIAUSDT  dump_reclaim  dump=1.20  TP 2.00 SL 1.00  4h  n=0  W/L/T=0/0/0  res=-1.0  be=40.0  net=$0.00
2026-09-19 19:01:30  INFO     TIAUSDT  dump_reclaim  dump=1.20  TP 2.00 SL 1.00  8h  n=0  W/L/T=0/0/0  res=-1.0  be=40.0  net=$0.00
2026-09-19 19:01:30  INFO     TIAUSDT  dump_reclaim  dump=1.20  TP 2.00 SL 1.00  12h  n=0  W/L/T=0/0/0  res=-1.0  be=40.0  net=$0.00
2026-09-19 19:01:30  INFO     TIAUSDT  dump_reclaim  dump=1.20  TP 2.00 SL 1.50  4h  n=0  W/L/T=0/0/0  res=-1.0  be=48.6  net=$0.00
2026-09-19 19:01:30  INFO     TIAUSDT  dump_reclaim  dump=1.20  TP 2.00 SL 1.50  8h  n=0  W/L/T=0/0/0  res=-1.0  be=48.6  net=$0.00
2026-09-19 19:01:30  INFO     TIAUSDT  dump_reclaim  dump=1.20  TP 2.00 SL 1.50  12h  n=0  W/L/T=0/0/0  res=-1.0  be=48.6  net=$0.00
2026-09-19 19:01:30  INFO     TIAUSDT  dump_reclaim  dump=1.20  TP 2.50 SL 1.20  4h  n=0  W/L/T=0/0/0  res=-1.0  be=37.8  net=$0.00
2026-09-19 19:01:30  INFO     TIAUSDT  dump_reclaim  dump=1.20  TP 2.50 SL 1.20  8h  n=0  W/L/T=0/0/0  res=-1.0  be=37.8  net=$0.00
2026-09-19 19:01:30  INFO     TIAUSDT  dump_reclaim  dump=1.20  TP 2.50 SL 1.20  12h  n=0  W/L/T=0/0/0  res=-1.0  be=37.8  net=$0.00
2026-09-19 19:01:30  INFO     TIAUSDT  dump_reclaim  dump=1.20  TP 3.00 SL 1.50  4h  n=0  W/L/T=0/0/0  res=-1.0  be=37.8  net=$0.00
2026-09-19 19:01:30  INFO     TIAUSDT  dump_reclaim  dump=1.20  TP 3.00 SL 1.50  8h  n=0  W/L/T=0/0/0  res=-1.0  be=37.8  net=$0.00
2026-09-19 19:01:30  INFO     TIAUSDT  dump_reclaim  dump=1.20  TP 3.00 SL 1.50  12h  n=0  W/L/T=0/0/0  res=-1.0  be=37.8  net=$0.00
2026-09-19 19:01:30  INFO     TIAUSDT  dump_reclaim  dump=1.50  TP 1.50 SL 1.00  4h  n=0  W/L/T=0/0/0  res=-1.0  be=48.0  net=$0.00
2026-09-19 19:01:30  INFO     TIAUSDT  dump_reclaim  dump=1.50  TP 1.50 SL 1.00  8h  n=0  W/L/T=0/0/0  res=-1.0  be=48.0  net=$0.00
2026-09-19 19:01:30  INFO     TIAUSDT  dump_reclaim  dump=1.50  TP 1.50 SL 1.00  12h  n=0  W/L/T=0/0/0  res=-1.0  be=48.0  net=$0.00
2026-09-19 19:01:30  INFO     TIAUSDT  dump_reclaim  dump=1.50  TP 2.00 SL 1.00  4h  n=0  W/L/T=0/0/0  res=-1.0  be=40.0  net=$0.00
2026-09-19 19:01:30  INFO     TIAUSDT  dump_reclaim  dump=1.50  TP 2.00 SL 1.00  8h  n=0  W/L/T=0/0/0  res=-1.0  be=40.0  net=$0.00
2026-09-19 19:01:30  INFO     TIAUSDT  dump_reclaim  dump=1.50  TP 2.00 SL 1.00  12h  n=0  W/L/T=0/0/0  res=-1.0  be=40.0  net=$0.00
2026-09-19 19:01:30  INFO     TIAUSDT  dump_reclaim  dump=1.50  TP 2.00 SL 1.50  4h  n=0  W/L/T=0/0/0  res=-1.0  be=48.6  net=$0.00
2026-09-19 19:01:30  INFO     TIAUSDT  dump_reclaim  dump=1.50  TP 2.00 SL 1.50  8h  n=0  W/L/T=0/0/0  res=-1.0  be=48.6  net=$0.00
2026-09-19 19:01:30  INFO     TIAUSDT  dump_reclaim  dump=1.50  TP 2.00 SL 1.50  12h  n=0  W/L/T=0/0/0  res=-1.0  be=48.6  net=$0.00
2026-09-19 19:01:30  INFO     TIAUSDT  dump_reclaim  dump=1.50  TP 2.50 SL 1.20  4h  n=0  W/L/T=0/0/0  res=-1.0  be=37.8  net=$0.00
2026-09-19 19:01:30  INFO     TIAUSDT  dump_reclaim  dump=1.50  TP 2.50 SL 1.20  8h  n=0  W/L/T=0/0/0  res=-1.0  be=37.8  net=$0.00
2026-09-19 19:01:30  INFO     TIAUSDT  dump_reclaim  dump=1.50  TP 2.50 SL 1.20  12h  n=0  W/L/T=0/0/0  res=-1.0  be=37.8  net=$0.00
2026-09-19 19:01:30  INFO     TIAUSDT  dump_reclaim  dump=1.50  TP 3.00 SL 1.50  4h  n=0  W/L/T=0/0/0  res=-1.0  be=37.8  net=$0.00
2026-09-19 19:01:30  INFO     TIAUSDT  dump_reclaim  dump=1.50  TP 3.00 SL 1.50  8h  n=0  W/L/T=0/0/0  res=-1.0  be=37.8  net=$0.00
2026-09-19 19:01:30  INFO     TIAUSDT  dump_reclaim  dump=1.50  TP 3.00 SL 1.50  12h  n=0  W/L/T=0/0/0  res=-1.0  be=37.8  net=$0.00
2026-09-19 19:01:30  INFO     WIFUSDT: WIFUSDT_1m_1789038480000_1789643280000.json
2026-09-19 19:01:30  INFO     WIFUSDT: 10,081 1-minute bars
2026-09-19 19:01:30  INFO     WIFUSDT  always_in_15m  dump=0.00  TP 1.50 SL 1.00  4h  n=72  W/L/T=17/36/19  res=32.1  be=48.0  net=$-227.62
2026-09-19 19:01:30  INFO     WIFUSDT  always_in_15m  dump=0.00  TP 1.50 SL 1.00  8h  n=61  W/L/T=19/35/7  res=35.2  be=48.0  net=$-202.88
2026-09-19 19:01:30  INFO     WIFUSDT  always_in_15m  dump=0.00  TP 1.50 SL 1.00  12h  n=57  W/L/T=19/36/2  res=34.5  be=48.0  net=$-200.11
2026-09-19 19:01:30  INFO     WIFUSDT  always_in_15m  dump=0.00  TP 2.00 SL 1.00  4h  n=66  W/L/T=10/34/22  res=22.7  be=40.0  net=$-211.67
2026-09-19 19:01:30  INFO     WIFUSDT  always_in_15m  dump=0.00  TP 2.00 SL 1.00  8h  n=52  W/L/T=12/33/7  res=26.7  be=40.0  net=$-165.05
2026-09-19 19:01:30  INFO     WIFUSDT  always_in_15m  dump=0.00  TP 2.00 SL 1.00  12h  n=46  W/L/T=12/31/3  res=27.9  be=40.0  net=$-164.88
2026-09-19 19:01:30  INFO     WIFUSDT  always_in_15m  dump=0.00  TP 2.00 SL 1.50  4h  n=49  W/L/T=9/17/23  res=34.6  be=48.6  net=$-138.58
2026-09-19 19:01:30  INFO     WIFUSDT  always_in_15m  dump=0.00  TP 2.00 SL 1.50  8h  n=41  W/L/T=13/20/8  res=39.4  be=48.6  net=$-116.42
2026-09-19 19:01:30  INFO     WIFUSDT  always_in_15m  dump=0.00  TP 2.00 SL 1.50  12h  n=37  W/L/T=14/20/3  res=41.2  be=48.6  net=$-118.56
2026-09-19 19:01:30  INFO     WIFUSDT  always_in_15m  dump=0.00  TP 2.50 SL 1.20  4h  n=58  W/L/T=8/26/24  res=23.5  be=37.8  net=$-172.43
2026-09-19 19:01:30  INFO     WIFUSDT  always_in_15m  dump=0.00  TP 2.50 SL 1.20  8h  n=43  W/L/T=9/25/9  res=26.5  be=37.8  net=$-131.95
2026-09-19 19:01:30  INFO     WIFUSDT  always_in_15m  dump=0.00  TP 2.50 SL 1.20  12h  n=40  W/L/T=12/26/2  res=31.6  be=37.8  net=$-105.78
2026-09-19 19:01:30  INFO     WIFUSDT  always_in_15m  dump=0.00  TP 3.00 SL 1.50  4h  n=46  W/L/T=3/14/29  res=17.6  be=37.8  net=$-90.11
2026-09-19 19:01:30  INFO     WIFUSDT  always_in_15m  dump=0.00  TP 3.00 SL 1.50  8h  n=36  W/L/T=7/19/10  res=26.9  be=37.8  net=$-88.46
2026-09-19 19:01:30  INFO     WIFUSDT  always_in_15m  dump=0.00  TP 3.00 SL 1.50  12h  n=28  W/L/T=5/15/8  res=25.0  be=37.8  net=$-65.87
2026-09-19 19:01:30  INFO     WIFUSDT  dump_reclaim  dump=0.80  TP 1.50 SL 1.00  4h  n=8  W/L/T=4/3/1  res=57.1  be=48.0  net=$19.65
2026-09-19 19:01:30  INFO     WIFUSDT  dump_reclaim  dump=0.80  TP 1.50 SL 1.00  8h  n=8  W/L/T=5/3/0  res=62.5  be=48.0  net=$29.00
2026-09-19 19:01:30  INFO     WIFUSDT  dump_reclaim  dump=0.80  TP 1.50 SL 1.00  12h  n=8  W/L/T=5/3/0  res=62.5  be=48.0  net=$29.00
2026-09-19 19:01:30  INFO     WIFUSDT  dump_reclaim  dump=0.80  TP 2.00 SL 1.00  4h  n=6  W/L/T=4/1/1  res=80.0  be=40.0  net=$63.65
2026-09-19 19:01:30  INFO     WIFUSDT  dump_reclaim  dump=0.80  TP 2.00 SL 1.00  8h  n=6  W/L/T=4/1/1  res=80.0  be=40.0  net=$74.38
2026-09-19 19:01:30  INFO     WIFUSDT  dump_reclaim  dump=0.80  TP 2.00 SL 1.00  12h  n=6  W/L/T=4/1/1  res=80.0  be=40.0  net=$57.44
2026-09-19 19:01:30  INFO     WIFUSDT  dump_reclaim  dump=0.80  TP 2.00 SL 1.50  4h  n=6  W/L/T=4/1/1  res=80.0  be=48.6  net=$58.65
2026-09-19 19:01:30  INFO     WIFUSDT  dump_reclaim  dump=0.80  TP 2.00 SL 1.50  8h  n=6  W/L/T=4/1/1  res=80.0  be=48.6  net=$69.38
2026-09-19 19:01:30  INFO     WIFUSDT  dump_reclaim  dump=0.80  TP 2.00 SL 1.50  12h  n=6  W/L/T=4/1/1  res=80.0  be=48.6  net=$52.44
2026-09-19 19:01:30  INFO     WIFUSDT  dump_reclaim  dump=0.80  TP 2.50 SL 1.20  4h  n=5  W/L/T=2/1/2  res=66.7  be=37.8  net=$51.96
2026-09-19 19:01:30  INFO     WIFUSDT  dump_reclaim  dump=0.80  TP 2.50 SL 1.20  8h  n=5  W/L/T=3/1/1  res=75.0  be=37.8  net=$69.38
2026-09-19 19:01:30  INFO     WIFUSDT  dump_reclaim  dump=0.80  TP 2.50 SL 1.20  12h  n=5  W/L/T=3/1/1  res=75.0  be=37.8  net=$52.44
2026-09-19 19:01:30  INFO     WIFUSDT  dump_reclaim  dump=0.80  TP 3.00 SL 1.50  4h  n=4  W/L/T=1/1/2  res=50.0  be=37.8  net=$30.96
2026-09-19 19:01:30  INFO     WIFUSDT  dump_reclaim  dump=0.80  TP 3.00 SL 1.50  8h  n=4  W/L/T=1/1/2  res=50.0  be=37.8  net=$39.61
2026-09-19 19:01:30  INFO     WIFUSDT  dump_reclaim  dump=0.80  TP 3.00 SL 1.50  12h  n=4  W/L/T=1/1/2  res=50.0  be=37.8  net=$18.99
2026-09-19 19:01:30  INFO     WIFUSDT  dump_reclaim  dump=1.20  TP 1.50 SL 1.00  4h  n=2  W/L/T=1/1/0  res=50.0  be=48.0  net=$1.00
2026-09-19 19:01:30  INFO     WIFUSDT  dump_reclaim  dump=1.20  TP 1.50 SL 1.00  8h  n=2  W/L/T=1/1/0  res=50.0  be=48.0  net=$1.00
2026-09-19 19:01:30  INFO     WIFUSDT  dump_reclaim  dump=1.20  TP 1.50 SL 1.00  12h  n=2  W/L/T=1/1/0  res=50.0  be=48.0  net=$1.00
2026-09-19 19:01:30  INFO     WIFUSDT  dump_reclaim  dump=1.20  TP 2.00 SL 1.00  4h  n=1  W/L/T=1/0/0  res=100.0  be=40.0  net=$18.00
2026-09-19 19:01:30  INFO     WIFUSDT  dump_reclaim  dump=1.20  TP 2.00 SL 1.00  8h  n=1  W/L/T=1/0/0  res=100.0  be=40.0  net=$18.00
2026-09-19 19:01:30  INFO     WIFUSDT  dump_reclaim  dump=1.20  TP 2.00 SL 1.00  12h  n=1  W/L/T=1/0/0  res=100.0  be=40.0  net=$18.00
2026-09-19 19:01:30  INFO     WIFUSDT  dump_reclaim  dump=1.20  TP 2.00 SL 1.50  4h  n=1  W/L/T=1/0/0  res=100.0  be=48.6  net=$18.00
2026-09-19 19:01:30  INFO     WIFUSDT  dump_reclaim  dump=1.20  TP 2.00 SL 1.50  8h  n=1  W/L/T=1/0/0  res=100.0  be=48.6  net=$18.00
2026-09-19 19:01:30  INFO     WIFUSDT  dump_reclaim  dump=1.20  TP 2.00 SL 1.50  12h  n=1  W/L/T=1/0/0  res=100.0  be=48.6  net=$18.00
2026-09-19 19:01:30  INFO     WIFUSDT  dump_reclaim  dump=1.20  TP 2.50 SL 1.20  4h  n=1  W/L/T=1/0/0  res=100.0  be=37.8  net=$23.00
2026-09-19 19:01:30  INFO     WIFUSDT  dump_reclaim  dump=1.20  TP 2.50 SL 1.20  8h  n=1  W/L/T=1/0/0  res=100.0  be=37.8  net=$23.00
2026-09-19 19:01:30  INFO     WIFUSDT  dump_reclaim  dump=1.20  TP 2.50 SL 1.20  12h  n=1  W/L/T=1/0/0  res=100.0  be=37.8  net=$23.00
2026-09-19 19:01:30  INFO     WIFUSDT  dump_reclaim  dump=1.20  TP 3.00 SL 1.50  4h  n=1  W/L/T=1/0/0  res=100.0  be=37.8  net=$28.00
2026-09-19 19:01:30  INFO     WIFUSDT  dump_reclaim  dump=1.20  TP 3.00 SL 1.50  8h  n=1  W/L/T=1/0/0  res=100.0  be=37.8  net=$28.00
2026-09-19 19:01:30  INFO     WIFUSDT  dump_reclaim  dump=1.20  TP 3.00 SL 1.50  12h  n=1  W/L/T=1/0/0  res=100.0  be=37.8  net=$28.00
2026-09-19 19:01:30  INFO     WIFUSDT  dump_reclaim  dump=1.50  TP 1.50 SL 1.00  4h  n=0  W/L/T=0/0/0  res=-1.0  be=48.0  net=$0.00
2026-09-19 19:01:30  INFO     WIFUSDT  dump_reclaim  dump=1.50  TP 1.50 SL 1.00  8h  n=0  W/L/T=0/0/0  res=-1.0  be=48.0  net=$0.00
2026-09-19 19:01:30  INFO     WIFUSDT  dump_reclaim  dump=1.50  TP 1.50 SL 1.00  12h  n=0  W/L/T=0/0/0  res=-1.0  be=48.0  net=$0.00
2026-09-19 19:01:30  INFO     WIFUSDT  dump_reclaim  dump=1.50  TP 2.00 SL 1.00  4h  n=0  W/L/T=0/0/0  res=-1.0  be=40.0  net=$0.00
2026-09-19 19:01:30  INFO     WIFUSDT  dump_reclaim  dump=1.50  TP 2.00 SL 1.00  8h  n=0  W/L/T=0/0/0  res=-1.0  be=40.0  net=$0.00
2026-09-19 19:01:30  INFO     WIFUSDT  dump_reclaim  dump=1.50  TP 2.00 SL 1.00  12h  n=0  W/L/T=0/0/0  res=-1.0  be=40.0  net=$0.00
2026-09-19 19:01:30  INFO     WIFUSDT  dump_reclaim  dump=1.50  TP 2.00 SL 1.50  4h  n=0  W/L/T=0/0/0  res=-1.0  be=48.6  net=$0.00
2026-09-19 19:01:30  INFO     WIFUSDT  dump_reclaim  dump=1.50  TP 2.00 SL 1.50  8h  n=0  W/L/T=0/0/0  res=-1.0  be=48.6  net=$0.00
2026-09-19 19:01:30  INFO     WIFUSDT  dump_reclaim  dump=1.50  TP 2.00 SL 1.50  12h  n=0  W/L/T=0/0/0  res=-1.0  be=48.6  net=$0.00
2026-09-19 19:01:30  INFO     WIFUSDT  dump_reclaim  dump=1.50  TP 2.50 SL 1.20  4h  n=0  W/L/T=0/0/0  res=-1.0  be=37.8  net=$0.00
2026-09-19 19:01:30  INFO     WIFUSDT  dump_reclaim  dump=1.50  TP 2.50 SL 1.20  8h  n=0  W/L/T=0/0/0  res=-1.0  be=37.8  net=$0.00
2026-09-19 19:01:30  INFO     WIFUSDT  dump_reclaim  dump=1.50  TP 2.50 SL 1.20  12h  n=0  W/L/T=0/0/0  res=-1.0  be=37.8  net=$0.00
2026-09-19 19:01:30  INFO     WIFUSDT  dump_reclaim  dump=1.50  TP 3.00 SL 1.50  4h  n=0  W/L/T=0/0/0  res=-1.0  be=37.8  net=$0.00
2026-09-19 19:01:30  INFO     WIFUSDT  dump_reclaim  dump=1.50  TP 3.00 SL 1.50  8h  n=0  W/L/T=0/0/0  res=-1.0  be=37.8  net=$0.00
2026-09-19 19:01:30  INFO     WIFUSDT  dump_reclaim  dump=1.50  TP 3.00 SL 1.50  12h  n=0  W/L/T=0/0/0  res=-1.0  be=37.8  net=$0.00
2026-09-19 19:01:30  INFO     XRPUSDT: XRPUSDT_1m_1789038480000_1789643280000.json
2026-09-19 19:01:31  INFO     XRPUSDT: 10,081 1-minute bars
2026-09-19 19:01:31  INFO     XRPUSDT  always_in_15m  dump=0.00  TP 1.50 SL 1.00  4h  n=71  W/L/T=16/33/22  res=32.7  be=48.0  net=$-169.64
2026-09-19 19:01:31  INFO     XRPUSDT  always_in_15m  dump=0.00  TP 1.50 SL 1.00  8h  n=60  W/L/T=19/34/7  res=35.8  be=48.0  net=$-156.13
2026-09-19 19:01:31  INFO     XRPUSDT  always_in_15m  dump=0.00  TP 1.50 SL 1.00  12h  n=58  W/L/T=20/34/4  res=37.0  be=48.0  net=$-153.35
2026-09-19 19:01:31  INFO     XRPUSDT  always_in_15m  dump=0.00  TP 2.00 SL 1.00  4h  n=68  W/L/T=12/32/24  res=27.3  be=40.0  net=$-128.87
2026-09-19 19:01:31  INFO     XRPUSDT  always_in_15m  dump=0.00  TP 2.00 SL 1.00  8h  n=55  W/L/T=15/33/7  res=31.2  be=40.0  net=$-112.15
2026-09-19 19:01:31  INFO     XRPUSDT  always_in_15m  dump=0.00  TP 2.00 SL 1.00  12h  n=54  W/L/T=16/33/5  res=32.7  be=40.0  net=$-103.01
2026-09-19 19:01:31  INFO     XRPUSDT  always_in_15m  dump=0.00  TP 2.00 SL 1.50  4h  n=53  W/L/T=8/17/28  res=32.0  be=48.6  net=$-139.00
2026-09-19 19:01:31  INFO     XRPUSDT  always_in_15m  dump=0.00  TP 2.00 SL 1.50  8h  n=39  W/L/T=11/18/10  res=37.9  be=48.6  net=$-105.19
2026-09-19 19:01:31  INFO     XRPUSDT  always_in_15m  dump=0.00  TP 2.00 SL 1.50  12h  n=37  W/L/T=11/19/7  res=36.7  be=48.6  net=$-119.34
2026-09-19 19:01:31  INFO     XRPUSDT  always_in_15m  dump=0.00  TP 2.50 SL 1.20  4h  n=56  W/L/T=6/23/27  res=20.7  be=37.8  net=$-151.19
2026-09-19 19:01:31  INFO     XRPUSDT  always_in_15m  dump=0.00  TP 2.50 SL 1.20  8h  n=45  W/L/T=10/27/8  res=27.0  be=37.8  net=$-125.98
2026-09-19 19:01:31  INFO     XRPUSDT  always_in_15m  dump=0.00  TP 2.50 SL 1.20  12h  n=41  W/L/T=9/24/8  res=27.3  be=37.8  net=$-110.44
2026-09-19 19:01:31  INFO     XRPUSDT  always_in_15m  dump=0.00  TP 3.00 SL 1.50  4h  n=51  W/L/T=6/17/28  res=26.1  be=37.8  net=$-74.33
2026-09-19 19:01:31  INFO     XRPUSDT  always_in_15m  dump=0.00  TP 3.00 SL 1.50  8h  n=37  W/L/T=7/21/9  res=25.0  be=37.8  net=$-122.56
2026-09-19 19:01:31  INFO     XRPUSDT  always_in_15m  dump=0.00  TP 3.00 SL 1.50  12h  n=32  W/L/T=7/17/8  res=29.2  be=37.8  net=$-62.48
2026-09-19 19:01:31  INFO     XRPUSDT  dump_reclaim  dump=0.80  TP 1.50 SL 1.00  4h  n=2  W/L/T=0/0/2  res=-1.0  be=48.0  net=$-3.48
2026-09-19 19:01:31  INFO     XRPUSDT  dump_reclaim  dump=0.80  TP 1.50 SL 1.00  8h  n=2  W/L/T=1/1/0  res=50.0  be=48.0  net=$1.00
2026-09-19 19:01:31  INFO     XRPUSDT  dump_reclaim  dump=0.80  TP 1.50 SL 1.00  12h  n=2  W/L/T=1/1/0  res=50.0  be=48.0  net=$1.00
2026-09-19 19:01:31  INFO     XRPUSDT  dump_reclaim  dump=0.80  TP 2.00 SL 1.00  4h  n=2  W/L/T=0/0/2  res=-1.0  be=40.0  net=$-3.48
2026-09-19 19:01:31  INFO     XRPUSDT  dump_reclaim  dump=0.80  TP 2.00 SL 1.00  8h  n=2  W/L/T=1/1/0  res=50.0  be=40.0  net=$6.00
2026-09-19 19:01:31  INFO     XRPUSDT  dump_reclaim  dump=0.80  TP 2.00 SL 1.00  12h  n=2  W/L/T=1/1/0  res=50.0  be=40.0  net=$6.00
2026-09-19 19:01:31  INFO     XRPUSDT  dump_reclaim  dump=0.80  TP 2.00 SL 1.50  4h  n=2  W/L/T=0/0/2  res=-1.0  be=48.6  net=$-3.48
2026-09-19 19:01:31  INFO     XRPUSDT  dump_reclaim  dump=0.80  TP 2.00 SL 1.50  8h  n=2  W/L/T=1/0/1  res=100.0  be=48.6  net=$17.54
2026-09-19 19:01:31  INFO     XRPUSDT  dump_reclaim  dump=0.80  TP 2.00 SL 1.50  12h  n=2  W/L/T=1/0/1  res=100.0  be=48.6  net=$18.06
2026-09-19 19:01:31  INFO     XRPUSDT  dump_reclaim  dump=0.80  TP 2.50 SL 1.20  4h  n=2  W/L/T=0/0/2  res=-1.0  be=37.8  net=$-3.48
2026-09-19 19:01:31  INFO     XRPUSDT  dump_reclaim  dump=0.80  TP 2.50 SL 1.20  8h  n=2  W/L/T=1/0/1  res=100.0  be=37.8  net=$22.54
2026-09-19 19:01:31  INFO     XRPUSDT  dump_reclaim  dump=0.80  TP 2.50 SL 1.20  12h  n=2  W/L/T=1/0/1  res=100.0  be=37.8  net=$23.06
2026-09-19 19:01:31  INFO     XRPUSDT  dump_reclaim  dump=0.80  TP 3.00 SL 1.50  4h  n=2  W/L/T=0/0/2  res=-1.0  be=37.8  net=$-3.48
2026-09-19 19:01:31  INFO     XRPUSDT  dump_reclaim  dump=0.80  TP 3.00 SL 1.50  8h  n=2  W/L/T=0/0/2  res=-1.0  be=37.8  net=$16.76
2026-09-19 19:01:31  INFO     XRPUSDT  dump_reclaim  dump=0.80  TP 3.00 SL 1.50  12h  n=2  W/L/T=0/0/2  res=-1.0  be=37.8  net=$-1.32
2026-09-19 19:01:31  INFO     XRPUSDT  dump_reclaim  dump=1.20  TP 1.50 SL 1.00  4h  n=1  W/L/T=0/0/1  res=-1.0  be=48.0  net=$4.33
2026-09-19 19:01:31  INFO     XRPUSDT  dump_reclaim  dump=1.20  TP 1.50 SL 1.00  8h  n=1  W/L/T=1/0/0  res=100.0  be=48.0  net=$13.00
2026-09-19 19:01:31  INFO     XRPUSDT  dump_reclaim  dump=1.20  TP 1.50 SL 1.00  12h  n=1  W/L/T=1/0/0  res=100.0  be=48.0  net=$13.00
2026-09-19 19:01:31  INFO     XRPUSDT  dump_reclaim  dump=1.20  TP 2.00 SL 1.00  4h  n=1  W/L/T=0/0/1  res=-1.0  be=40.0  net=$4.33
2026-09-19 19:01:31  INFO     XRPUSDT  dump_reclaim  dump=1.20  TP 2.00 SL 1.00  8h  n=1  W/L/T=1/0/0  res=100.0  be=40.0  net=$18.00
2026-09-19 19:01:31  INFO     XRPUSDT  dump_reclaim  dump=1.20  TP 2.00 SL 1.00  12h  n=1  W/L/T=1/0/0  res=100.0  be=40.0  net=$18.00
2026-09-19 19:01:31  INFO     XRPUSDT  dump_reclaim  dump=1.20  TP 2.00 SL 1.50  4h  n=1  W/L/T=0/0/1  res=-1.0  be=48.6  net=$4.33
2026-09-19 19:01:31  INFO     XRPUSDT  dump_reclaim  dump=1.20  TP 2.00 SL 1.50  8h  n=1  W/L/T=1/0/0  res=100.0  be=48.6  net=$18.00
2026-09-19 19:01:31  INFO     XRPUSDT  dump_reclaim  dump=1.20  TP 2.00 SL 1.50  12h  n=1  W/L/T=1/0/0  res=100.0  be=48.6  net=$18.00
2026-09-19 19:01:31  INFO     XRPUSDT  dump_reclaim  dump=1.20  TP 2.50 SL 1.20  4h  n=1  W/L/T=0/0/1  res=-1.0  be=37.8  net=$4.33
2026-09-19 19:01:31  INFO     XRPUSDT  dump_reclaim  dump=1.20  TP 2.50 SL 1.20  8h  n=1  W/L/T=1/0/0  res=100.0  be=37.8  net=$23.00
2026-09-19 19:01:31  INFO     XRPUSDT  dump_reclaim  dump=1.20  TP 2.50 SL 1.20  12h  n=1  W/L/T=1/0/0  res=100.0  be=37.8  net=$23.00
2026-09-19 19:01:31  INFO     XRPUSDT  dump_reclaim  dump=1.20  TP 3.00 SL 1.50  4h  n=1  W/L/T=0/0/1  res=-1.0  be=37.8  net=$4.33
2026-09-19 19:01:31  INFO     XRPUSDT  dump_reclaim  dump=1.20  TP 3.00 SL 1.50  8h  n=1  W/L/T=0/0/1  res=-1.0  be=37.8  net=$17.22
2026-09-19 19:01:31  INFO     XRPUSDT  dump_reclaim  dump=1.20  TP 3.00 SL 1.50  12h  n=1  W/L/T=0/0/1  res=-1.0  be=37.8  net=$-1.38
2026-09-19 19:01:31  INFO     XRPUSDT  dump_reclaim  dump=1.50  TP 1.50 SL 1.00  4h  n=1  W/L/T=0/0/1  res=-1.0  be=48.0  net=$4.33
2026-09-19 19:01:31  INFO     XRPUSDT  dump_reclaim  dump=1.50  TP 1.50 SL 1.00  8h  n=1  W/L/T=1/0/0  res=100.0  be=48.0  net=$13.00
2026-09-19 19:01:31  INFO     XRPUSDT  dump_reclaim  dump=1.50  TP 1.50 SL 1.00  12h  n=1  W/L/T=1/0/0  res=100.0  be=48.0  net=$13.00
2026-09-19 19:01:31  INFO     XRPUSDT  dump_reclaim  dump=1.50  TP 2.00 SL 1.00  4h  n=1  W/L/T=0/0/1  res=-1.0  be=40.0  net=$4.33
2026-09-19 19:01:31  INFO     XRPUSDT  dump_reclaim  dump=1.50  TP 2.00 SL 1.00  8h  n=1  W/L/T=1/0/0  res=100.0  be=40.0  net=$18.00
2026-09-19 19:01:31  INFO     XRPUSDT  dump_reclaim  dump=1.50  TP 2.00 SL 1.00  12h  n=1  W/L/T=1/0/0  res=100.0  be=40.0  net=$18.00
2026-09-19 19:01:31  INFO     XRPUSDT  dump_reclaim  dump=1.50  TP 2.00 SL 1.50  4h  n=1  W/L/T=0/0/1  res=-1.0  be=48.6  net=$4.33
2026-09-19 19:01:31  INFO     XRPUSDT  dump_reclaim  dump=1.50  TP 2.00 SL 1.50  8h  n=1  W/L/T=1/0/0  res=100.0  be=48.6  net=$18.00
2026-09-19 19:01:31  INFO     XRPUSDT  dump_reclaim  dump=1.50  TP 2.00 SL 1.50  12h  n=1  W/L/T=1/0/0  res=100.0  be=48.6  net=$18.00
2026-09-19 19:01:31  INFO     XRPUSDT  dump_reclaim  dump=1.50  TP 2.50 SL 1.20  4h  n=1  W/L/T=0/0/1  res=-1.0  be=37.8  net=$4.33
2026-09-19 19:01:31  INFO     XRPUSDT  dump_reclaim  dump=1.50  TP 2.50 SL 1.20  8h  n=1  W/L/T=1/0/0  res=100.0  be=37.8  net=$23.00
2026-09-19 19:01:31  INFO     XRPUSDT  dump_reclaim  dump=1.50  TP 2.50 SL 1.20  12h  n=1  W/L/T=1/0/0  res=100.0  be=37.8  net=$23.00
2026-09-19 19:01:31  INFO     XRPUSDT  dump_reclaim  dump=1.50  TP 3.00 SL 1.50  4h  n=1  W/L/T=0/0/1  res=-1.0  be=37.8  net=$4.33
2026-09-19 19:01:31  INFO     XRPUSDT  dump_reclaim  dump=1.50  TP 3.00 SL 1.50  8h  n=1  W/L/T=0/0/1  res=-1.0  be=37.8  net=$17.22
2026-09-19 19:01:31  INFO     XRPUSDT  dump_reclaim  dump=1.50  TP 3.00 SL 1.50  12h  n=1  W/L/T=0/0/1  res=-1.0  be=37.8  net=$-1.38
2026-09-19 19:01:31  INFO     
2026-09-19 19:01:31  INFO     Setup rows 1080  always-in rows 360
2026-09-19 19:01:31  INFO     Setup with net > 0 and at least 5 trades: 49
2026-09-19 19:01:31  INFO     Setup at/above breakeven resolved WR and at least 8 trades: 22
2026-09-19 19:01:31  INFO     
2026-09-19 19:01:31  INFO     Best 12 setup rows by net dollars
2026-09-19 19:01:31  INFO       coin         mode            dump    TP    SL   h    n   res%    be%      net$   edge
2026-09-19 19:01:31  INFO       WIFUSDT      dump_reclaim    0.80  2.00  1.00   8    6   80.0   40.0     74.38  +40.0
2026-09-19 19:01:31  INFO       ARBUSDT      dump_reclaim    0.80  3.00  1.50  12    9   55.6   37.8     72.00  +17.8
2026-09-19 19:01:31  INFO       WIFUSDT      dump_reclaim    0.80  2.00  1.50   8    6   80.0   48.6     69.38  +31.4
2026-09-19 19:01:31  INFO       WIFUSDT      dump_reclaim    0.80  2.50  1.20   8    5   75.0   37.8     69.38  +37.2
2026-09-19 19:01:31  INFO       WIFUSDT      dump_reclaim    0.80  2.00  1.00   4    6   80.0   40.0     63.65  +40.0
2026-09-19 19:01:31  INFO       WIFUSDT      dump_reclaim    0.80  2.00  1.50   4    6   80.0   48.6     58.65  +31.4
2026-09-19 19:01:31  INFO       WIFUSDT      dump_reclaim    0.80  2.00  1.00  12    6   80.0   40.0     57.44  +40.0
2026-09-19 19:01:31  INFO       NEARUSDT     dump_reclaim    0.80  2.00  1.50   4    9   66.7   48.6     57.00  +18.1
2026-09-19 19:01:31  INFO       NEARUSDT     dump_reclaim    0.80  2.00  1.50   8    9   66.7   48.6     57.00  +18.1
2026-09-19 19:01:31  INFO       NEARUSDT     dump_reclaim    0.80  2.00  1.50  12    9   66.7   48.6     57.00  +18.1
2026-09-19 19:01:31  INFO       ARBUSDT      dump_reclaim    0.80  3.00  1.50   4    9   50.0   37.8     56.37  +12.2
2026-09-19 19:01:31  INFO       NEARUSDT     dump_reclaim    0.80  3.00  1.50   4    6   60.0   37.8     53.94  +22.2
2026-09-19 19:01:31  INFO     
2026-09-19 19:01:31  INFO     Worst 8 setup rows by net dollars
2026-09-19 19:01:31  INFO       coin         mode            dump    TP    SL   h    n   res%    be%      net$   edge
2026-09-19 19:01:31  INFO       ARBUSDT      dump_reclaim    1.20  2.00  1.00   4    7   14.3   40.0    -54.00  -25.7
2026-09-19 19:01:31  INFO       ARBUSDT      dump_reclaim    1.20  2.00  1.00   8    7   14.3   40.0    -54.00  -25.7
2026-09-19 19:01:31  INFO       ARBUSDT      dump_reclaim    1.20  2.00  1.00  12    7   14.3   40.0    -54.00  -25.7
2026-09-19 19:01:31  INFO       APTUSDT      dump_reclaim    0.80  3.00  1.50   8    3    0.0   37.8    -51.00  -37.8
2026-09-19 19:01:31  INFO       APTUSDT      dump_reclaim    0.80  3.00  1.50  12    3    0.0   37.8    -51.00  -37.8
2026-09-19 19:01:31  INFO       FILUSDT      dump_reclaim    0.80  1.50  1.00   4    8   25.0   48.0    -46.00  -23.0
2026-09-19 19:01:31  INFO       FILUSDT      dump_reclaim    0.80  1.50  1.00   8    8   25.0   48.0    -46.00  -23.0
2026-09-19 19:01:31  INFO       FILUSDT      dump_reclaim    0.80  1.50  1.00  12    8   25.0   48.0    -46.00  -23.0
2026-09-19 19:01:31  INFO     
2026-09-19 19:01:31  INFO     Setup rows at/above breakeven
2026-09-19 19:01:31  INFO       coin         mode            dump    TP    SL   h    n   res%    be%      net$   edge
2026-09-19 19:01:31  INFO       ARBUSDT      dump_reclaim    0.80  3.00  1.50  12    9   55.6   37.8     72.00  +17.8
2026-09-19 19:01:31  INFO       NEARUSDT     dump_reclaim    0.80  2.00  1.50   4    9   66.7   48.6     57.00  +18.1
2026-09-19 19:01:31  INFO       NEARUSDT     dump_reclaim    0.80  2.00  1.50   8    9   66.7   48.6     57.00  +18.1
2026-09-19 19:01:31  INFO       NEARUSDT     dump_reclaim    0.80  2.00  1.50  12    9   66.7   48.6     57.00  +18.1
2026-09-19 19:01:31  INFO       ARBUSDT      dump_reclaim    0.80  3.00  1.50   4    9   50.0   37.8     56.37  +12.2
2026-09-19 19:01:31  INFO       ARBUSDT      dump_reclaim    0.80  3.00  1.50   8    9   50.0   37.8     53.49  +12.2
2026-09-19 19:01:31  INFO       ARBUSDT      dump_reclaim    0.80  2.50  1.20   4   10   50.0   37.8     45.00  +12.2
2026-09-19 19:01:31  INFO       ARBUSDT      dump_reclaim    0.80  2.50  1.20   8   10   50.0   37.8     45.00  +12.2
2026-09-19 19:01:31  INFO       ARBUSDT      dump_reclaim    0.80  2.50  1.20  12   10   50.0   37.8     45.00  +12.2
2026-09-19 19:01:31  INFO       FILUSDT      dump_reclaim    0.80  2.00  1.50   4    8   62.5   48.6     39.00  +13.9
2026-09-19 19:01:31  INFO       FILUSDT      dump_reclaim    0.80  2.00  1.50   8    8   62.5   48.6     39.00  +13.9
2026-09-19 19:01:31  INFO       FILUSDT      dump_reclaim    0.80  2.00  1.50  12    8   62.5   48.6     39.00  +13.9
2026-09-19 19:01:31  INFO       WIFUSDT      dump_reclaim    0.80  1.50  1.00   8    8   62.5   48.0     29.00  +14.5
2026-09-19 19:01:31  INFO       WIFUSDT      dump_reclaim    0.80  1.50  1.00  12    8   62.5   48.0     29.00  +14.5
2026-09-19 19:01:31  INFO       WIFUSDT      dump_reclaim    0.80  1.50  1.00   4    8   57.1   48.0     19.65   +9.1
2026-09-19 19:01:31  INFO     
2026-09-19 19:01:31  INFO     SOL setup, best 8 by net
2026-09-19 19:01:31  INFO       coin         mode            dump    TP    SL   h    n   res%    be%      net$   edge
2026-09-19 19:01:31  INFO       SOLUSDT      dump_reclaim    0.80  1.50  1.00   4    1  100.0   48.0     13.00  +52.0
2026-09-19 19:01:31  INFO       SOLUSDT      dump_reclaim    0.80  1.50  1.00   8    1  100.0   48.0     13.00  +52.0
2026-09-19 19:01:31  INFO       SOLUSDT      dump_reclaim    0.80  1.50  1.00  12    1  100.0   48.0     13.00  +52.0
2026-09-19 19:01:31  INFO       SOLUSDT      dump_reclaim    0.80  2.00  1.00   4    1    n/a   40.0      4.01    n/a
2026-09-19 19:01:31  INFO       SOLUSDT      dump_reclaim    0.80  2.00  1.50   4    1    n/a   48.6      4.01    n/a
2026-09-19 19:01:31  INFO       SOLUSDT      dump_reclaim    0.80  2.50  1.20   4    1    n/a   37.8      4.01    n/a
2026-09-19 19:01:31  INFO       SOLUSDT      dump_reclaim    0.80  3.00  1.50   4    1    n/a   37.8      4.01    n/a
2026-09-19 19:01:31  INFO       SOLUSDT      dump_reclaim    0.80  2.00  1.00   8    1    n/a   40.0      1.65    n/a
2026-09-19 19:01:31  INFO     
2026-09-19 19:01:31  INFO     SOL always-in 15m, best 5 by net
2026-09-19 19:01:31  INFO       coin         mode            dump    TP    SL   h    n   res%    be%      net$   edge
2026-09-19 19:01:31  INFO       SOLUSDT      always_in_15m   0.00  2.50  1.20  12   25   25.0   37.8    -52.16  -12.8
2026-09-19 19:01:31  INFO       SOLUSDT      always_in_15m   0.00  2.00  1.50  12   22   35.7   48.6    -58.37  -12.9
2026-09-19 19:01:31  INFO       SOLUSDT      always_in_15m   0.00  3.00  1.50   8   25   10.0   37.8    -69.35  -27.8
2026-09-19 19:01:31  INFO       SOLUSDT      always_in_15m   0.00  3.00  1.50  12   21   10.0   37.8    -72.89  -27.8
2026-09-19 19:01:31  INFO       SOLUSDT      always_in_15m   0.00  2.50  1.20   8   32   21.1   37.8    -74.24  -16.8
2026-09-19 19:01:31  INFO     Wrote D:\jev-trading\data\setup_scan\results.csv
